Unnamed: 0	all_awardings	archived	associated_award	author	author_flair_background_color	author_flair_css_class	author_flair_richtext	author_flair_template_id	author_flair_text	author_flair_text_color	author_flair_type	author_fullname	author_patreon_flair	author_premium	body	body_sha1	can_gild	collapsed	collapsed_because_crowd_control	collapsed_reason	collapsed_reason_code	comment_type	controversiality	created_utc	distinguished	gilded	gildings	id	is_submitter	link_id	locked	no_follow	parent_id	permalink	retrieved_utc	score	score_hidden	send_replies	stickied	subreddit	subreddit_id	subreddit_name_prefixed	subreddit_type	top_awarded_type	total_awards_received	treatment_tags	unrepliable_reason	author_cakeday	corpus	support	knowledge	conflict	power	similarity	fun	status	trust	identity	romance	date	awarders	retrieved_on	edited	text_length
1	[]	False		yechielkops			[]				text	t2_dq43fuwo	False	False	Well we are still far from adoption and these things will not matter in future people who don't use Bitcoin now will surely regret in future, but atleast they have some insights about Bitcoin that's a good news to hear	7fb80e731f7f370f31d8d4d4ecd01652a240c95d	True	False					0	1651118442		0	{}	i6hs5aw	False	t3_udaj5y	False	True	t3_udaj5y	/r/Bitcoin/comments/udaj5y/are_we_still_early_go_ask_randoms_take_100_or_a/i6hs5aw/	1651118459.0	1.0	True	True	False	Bitcoin	t5_2s3qj	r/Bitcoin	public		0.0	[]														2022_04_29				40
2	[]	False		vicopr			[]				text	t2_7xk3mtbn	False	False	"That's something good for your fam man, keep your buddy happy.

We don't want more than this right now, keep him healthy.

I wish I could have a dog like that one day man."	49609a852a95760809bf5cad08ab5eead1c98442	True	False					0	1651118394		0	{}	i6hs1zn	False	t3_uc23ib	False	True	t3_uc23ib	/r/Bitcoin/comments/uc23ib/cashed_in_all_of_my_bitcoin_today_to_pay_for_my/i6hs1zn/	1651118409.0	1.0	True	True	False	Bitcoin	t5_2s3qj	r/Bitcoin	public		0.0	[]														2022_04_29				32
3	[]	False		oyxyjuon			[]			dark	text	t2_a4wyxbrv	False	False	Nah, its simply because these are the countries IMF doesnt have roots in... because they so poor	fe526b6b8ec6ed0ff8801a856093d628d5be6c6b	True	False					0	1651118327		0	{}	i6hrxfk	False	t3_ud44y8	False	True	t1_i6ejm51	/r/Bitcoin/comments/ud44y8/central_african_republic_adopts_bitcoin_as_legal/i6hrxfk/	1651118338.0	1.0	True	True	False	Bitcoin	t5_2s3qj	r/Bitcoin	public		0.0	[]														2022_04_29				17
8	[]	False		Aggravated-Bread489			[]			dark	text	t2_bhy89m38	False	False	"Energy usage is a function of mining energy. Mining energy is a function of price of Bitcoin. As the price of Bitcoin increases, it becomes economical to increasing mining efforts until the cost of the electricity to mine is equal to the block rewards in Bitcoin.

So the usage of the network or the number of transactions processed doesn't impact energy usage. If Bitcoin could process more transactions per second, the overall energy usage would remain the same, but the energy usage per transaction processed would decrease."	186b38ed9796e19c85a64676119138fd12e997d9	True	False					0	1651118295		0	{}	i6hrv6e	False	t3_udc2zr	False	True	t1_i6gc50u	/r/Bitcoin/comments/udc2zr/world_economic_forum_why_the_debate_about_cryptos/i6hrv6e/	1651118312.0	1.0	True	True	False	Bitcoin	t5_2s3qj	r/Bitcoin	public		0.0	[]														2022_04_29				86
10	[]	False		Barbarosugur			[]				text	t2_a26rzwdi	False	False	I wish I could see you 10 years later. And wish to hear your exact answer as here.	80cdf3d646a0dd05c804344fc58585fcfb981517	True	False					0	1651118263		0	{}	i6hrsvz	False	t3_udaj5y	False	True	t3_udaj5y	/r/Bitcoin/comments/udaj5y/are_we_still_early_go_ask_randoms_take_100_or_a/i6hrsvz/	1651118276.0	1.0	True	True	False	Bitcoin	t5_2s3qj	r/Bitcoin	public		0.0	[]														2022_04_29				18
13	[]	False		ndgoLiberty			[]				text	t2_k11mk82	False	False	Just know that the super hardcore bitcoiners hate pomp and to be honest I‚Äôve grown out of his simplified understanding of bitcoin.	d578026f50b65dda62043b6d771d004f02f9f11f	True	False					0	1651118248		0	{}	i6hrrth	False	t3_ucrq9o	False	True	t1_i6go3ih	/r/Bitcoin/comments/ucrq9o/bitcoin/i6hrrth/	1651118262.0	1.0	True	True	False	Bitcoin	t5_2s3qj	r/Bitcoin	public		0.0	[]														2022_04_29				22
14	[]	False		Suspicious-Cup1302			[]				text	t2_9p6wxr0w	False	False	Lol this is why I just sm*sh em and leave. I mean what else you gonna do with a p*ssy with no brain?	646b22abfc5f1ad8219585c7f6f18902965a3174	True	False					0	1651118239		0	{}	i6hrr7h	False	t3_udaj5y	False	True	t3_udaj5y	/r/Bitcoin/comments/udaj5y/are_we_still_early_go_ask_randoms_take_100_or_a/i6hrr7h/	1651118256.0	1.0	True	True	False	Bitcoin	t5_2s3qj	r/Bitcoin	public		0.0	[]														2022_04_29				23
15	[]	False		blackkeent2013			[]				text	t2_aiy9n1ui	False	False	That's right and if we can follow the proper systematic investment and withdrawal plan then it can really give us good Returns.	ee9f999d45351a547e34fe4053de53998a2bcce6	True	False					0	1651118231		0	{}	i6hrqlj	False	t3_ucgnas	False	True	t1_i6aivk7	/r/Bitcoin/comments/ucgnas/is_it_a_smart_choice_to_save_money_using_bitcoin/i6hrqlj/	1651118248.0	1.0	True	True	False	Bitcoin	t5_2s3qj	r/Bitcoin	public		0.0	[]														2022_04_29				22
18	[]	False		Barbarosugur			[]				text	t2_a26rzwdi	False	False	I wish I could see you 10 years later. And wish to hear your exact answer as here. üòí	bbf8e19ea9b3e763b948b736cf9496f31552a681	True	False					0	1651118223		0	{}	i6hrq1i	False	t3_udaj5y	False	True	t3_udaj5y	/r/Bitcoin/comments/udaj5y/are_we_still_early_go_ask_randoms_take_100_or_a/i6hrq1i/	1651118241.0	1.0	True	True	False	Bitcoin	t5_2s3qj	r/Bitcoin	public		0.0	[]														2022_04_29				19
21	[]	False		Suspicious-Cup1302			[]				text	t2_9p6wxr0w	False	False	Lol this is why I just smash em and leave. I mean what else you gonna do with a pussy with no brain?	8995726878c4719ccf82e12323403f42a8c65705	True	False					0	1651118202		0	{}	i6hromu	False	t3_udaj5y	False	True	t3_udaj5y	/r/Bitcoin/comments/udaj5y/are_we_still_early_go_ask_randoms_take_100_or_a/i6hromu/	1651118220.0	1.0	True	True	False	Bitcoin	t5_2s3qj	r/Bitcoin	public		0.0	[]														2022_04_29				23
22	[]	False		Decibles174			[]				text	t2_srmox	False	False	It's hilarious that to prove the value of Bitcoin the interviewer had to elaborate on its dollar value. Yet this post is made unironically	b4367d5a5c082cb9d6f94e670e910416b14a2be8	True	False					0	1651118178		0	{}	i6hrmuo	False	t3_udaj5y	False	True	t3_udaj5y	/r/Bitcoin/comments/udaj5y/are_we_still_early_go_ask_randoms_take_100_or_a/i6hrmuo/	1651118192.0	1.0	True	True	False	Bitcoin	t5_2s3qj	r/Bitcoin	public		0.0	[]														2022_04_29				24
27	[]	False		shillblackshill			[]				text	t2_l64hgvrq	False	False	"üêï $DOGGER ‚Ä¢ ETHüêï

we introduce crypto project Dogger! The project's goal is to provide a decentralized platform that allows freedom of speech and helps connect people from all over the world within the crypto space to one another #DOGGER

Tg : t.me/doggertoken
web : dogger.wtf"	ed0713356d004547d7e0260f27c35ac60fd7f492	True	False					0	1651118124		0	{}	i6hrizb	False	t3_udaj5y	False	True	t1_i6g2s2d	/r/Bitcoin/comments/udaj5y/are_we_still_early_go_ask_randoms_take_100_or_a/i6hrizb/	1651118135.0	1.0	True	True	False	Bitcoin	t5_2s3qj	r/Bitcoin	public		0.0	[]														2022_04_29				43
48	[]	False		Suspicious-Cup1302			[]				text	t2_9p6wxr0w	False	False	Lol this is why I just smash em and leave. I mean what else you gonna do with a p*ssy with no brain?	70624da0a0fd8fe1a4f1fc8b14c390b160a87be6	True	False					0	1651118029		0	{}	i6hrcap	False	t3_udaj5y	False	True	t3_udaj5y	/r/Bitcoin/comments/udaj5y/are_we_still_early_go_ask_randoms_take_100_or_a/i6hrcap/	1651118046.0	1.0	True	True	False	Bitcoin	t5_2s3qj	r/Bitcoin	public		0.0	[]														2022_04_29				23
72	[]	False		groypley90			[]				text	t2_1fvay6	False	False	I would buy Bitcoin first and hold off on investing in other coins. Keep reading up on Bitcoin, and then ask yourself if you need to invest in anything else.	a97d842bd12e0b87f1c2645f43c6fe4cce94528a	True	False					0	1651117959		0	{}	i6hr79u	False	t3_ucvtt0	False	True	t1_i6hnbho	/r/Bitcoin/comments/ucvtt0/daily_discussion_april_27_2022/i6hr79u/	1651117976.0	1.0	True	True	False	Bitcoin	t5_2s3qj	r/Bitcoin	public		0.0	[]														2022_04_29				30
81	[]	False		SlyRacoon22			[]				text	t2_17he24	False	False	Straight Dollars. I think maybe she thinks bitcoin is hard to sell? Like if you had a expensive painting it might be hard to sell it but this is Bitcoin .... :/	542c397f8c480446ec0b7c227fdb0587097b118a	True	False					0	1651117924		0	{}	i6hr4rk	False	t3_udaj5y	False	True	t1_i6g4xud	/r/Bitcoin/comments/udaj5y/are_we_still_early_go_ask_randoms_take_100_or_a/i6hr4rk/	1651117939.0	1.0	True	True	False	Bitcoin	t5_2s3qj	r/Bitcoin	public		0.0	[]		True												2022_04_29				32
84	[]	False		im_a_wheel_man		noob	[{'e': 'text', 't': 'redditor for 3 weeks'}]	2ec8e69e-6c36-11e9-a04b-0afb553d4ea6	redditor for 3 weeks	dark	richtext	t2_kjfa64up	False	False	"Yeah so who‚Äôs buying your bitcoins?  

Bitcoin is an investment, it‚Äôs lifetime is limited and eventually, it is going to crash, and lose 100% of it‚Äôs value.

As an investment to unload to other suckers, it‚Äôs fine.  To buy children and drugs online, it‚Äôs fine.

But as a long term investment of thinking it‚Äôs eventually going to be the #1 currency‚Ä¶. Well then ya‚Äôll are just a buncha retards fucking on a playground."	59ae10ac7fe6a01f89da434a6bf841b64a4525b4	True	False					0	1651117920		0	{}	i6hr4hw	False	t3_udaj5y	False	True	t1_i6hcdtv	/r/Bitcoin/comments/udaj5y/are_we_still_early_go_ask_randoms_take_100_or_a/i6hr4hw/	1651117932.0	1.0	True	True	False	Bitcoin	t5_2s3qj	r/Bitcoin	public		0.0	[]														2022_04_29				73
89	[]	False		Suspicious-Cup1302			[]				text	t2_9p6wxr0w	False	False	Lol this is why I just smash em and leave. What you gonna do with a pussy with no brain? I mean that‚Äôs exactly what they are built for. Smashing	eb50fbdf651b99c75ab740ed656ab0287e9a1b40	True	False					0	1651117899		0	{}	i6hr36d	False	t3_udaj5y	False	True	t3_udaj5y	/r/Bitcoin/comments/udaj5y/are_we_still_early_go_ask_randoms_take_100_or_a/i6hr36d/	1651117912.0	1.0	True	True	False	Bitcoin	t5_2s3qj	r/Bitcoin	public		0.0	[]														2022_04_29				30
102	[]	False		MurderGooseOnDatPack		noob	[{'e': 'text', 't': 'redditor for 3 months'}]	2ec8e69e-6c36-11e9-a04b-0afb553d4ea6	redditor for 3 months	dark	richtext	t2_jxg6wn5s	False	False	"They mention it in the video if you watched it lmao she even says ""iDk soUnDS kInDA fAKe"" and that makes them morons, they act like they're above it and fiat is hard cash. Look at the rubble and tell me anyone placing any faith in any fiat currency has half a neuron firing. Theres being open minded and playing devil's advocate just to be an ass."	d0d02b2c51e98d18b9ad916a7a5a290069c36d42	True	False					0	1651117785		0	{}	i6hquuz	False	t3_udaj5y	False	True	t1_i6ha05c	/r/Bitcoin/comments/udaj5y/are_we_still_early_go_ask_randoms_take_100_or_a/i6hquuz/	1651117799.0	1.0	True	True	False	Bitcoin	t5_2s3qj	r/Bitcoin	public		0.0	[]														2022_04_29				67
107	[]	False		EspHack			[]				text	t2_lo3438r	False	False	"she will get it once they take all her dollars away or make them useless  


then she will love how she can get bitcoin no matter what, and her bitcoin is actually hers  


or she ends up a slave   


sadly thats how most will end up, probably"	6b3eabfa474d0ecd536e467e486f3b13c8ccbed5	True	False					0	1651117754		0	{}	i6hqsm3	False	t3_udaj5y	False	True	t3_udaj5y	/r/Bitcoin/comments/udaj5y/are_we_still_early_go_ask_randoms_take_100_or_a/i6hqsm3/	1651117771.0	1.0	True	True	False	Bitcoin	t5_2s3qj	r/Bitcoin	public		0.0	[]														2022_04_29				51
112	[]	False		EspHack			[]				text	t2_lo3438r	False	False	"she will get it once they take all her dollars away or make them useless  


then she will love how she can get bitcoin no matter what, and her bitcoin is actually hers  


or she ends up a slave 

  
sadly thats how most will end up, probably"	a1b07870cf10822afc7d5968e7324d075fffd0e7	True	False					0	1651117729		0	{}	i6hqqpo	False	t3_udaj5y	False	True	t3_udaj5y	/r/Bitcoin/comments/udaj5y/are_we_still_early_go_ask_randoms_take_100_or_a/i6hqqpo/	1651117744.0	1.0	True	True	False	Bitcoin	t5_2s3qj	r/Bitcoin	public		0.0	[]														2022_04_29				51
125	[]	False		J-A-Y-			[]				text	t2_dm4fk	False	False	Awesome! Hope to hear this thing rip around KCMO.  Never have seen anyone do a crypto transaction in this area.	a51209fec3093baeff7a7a9d3781b17b584fe8e7	True	False					0	1651117669		0	{}	i6hqmal	False	t3_ubztr1	False	True	t1_i69viqn	/r/Bitcoin/comments/ubztr1/worked_on_a_lamborghini_aventador_today_and_was/i6hqmal/	1651117682.0	1.0	True	True	False	Bitcoin	t5_2s3qj	r/Bitcoin	public		0.0	[]														2022_04_29				21
134	[]	False		EwoDarkWolf			[]				text	t2_3z6cmoyw	False	False	Just because you can put words together doesn't mean you know what you are talking about.	49c7710aaf0bfde8cea5658924dd7df0c0075e55	True	False					0	1651117630		0	{}	i6hqjea	False	t3_udaj5y	False	True	t1_i6fpbtg	/r/Bitcoin/comments/udaj5y/are_we_still_early_go_ask_randoms_take_100_or_a/i6hqjea/	1651117647.0	1.0	True	True	False	Bitcoin	t5_2s3qj	r/Bitcoin	public		0.0	[]														2022_04_29				16
140	[]	False		irishbitcoins			[]				text	t2_aepmets9	False	False	It is very important to think about all the profits because at the end money matters the most.	b7bfbcbbe70698f0169bd27864680e64f86bc5fb	True	False					0	1651117598		0	{}	i6hqh2o	False	t3_uchoq7	False	True	t1_i6dstu9	/r/Bitcoin/comments/uchoq7/psa_please_take_your_bitcoins_off_exchanges_and/i6hqh2o/	1651117609.0	1.0	True	True	False	Bitcoin	t5_2s3qj	r/Bitcoin	public		0.0	[]														2022_04_29				18
144	[]	False		Jeremiah_Vicious			[]			dark	text	t2_bvfbakq0	False	False	"Want to get your mind blown? If Satoshi was not an individual but a group of people, then it is possible for Satoshi to clap Satoshi‚Äôs cheeks. 

Bitcoin to the moon"	962427eaa86ae1649d9b392ef68909eb6b283941	True	False					0	1651117571		0	{}	i6hqf4j	False	t3_ucvtt0	False	True	t3_ucvtt0	/r/Bitcoin/comments/ucvtt0/daily_discussion_april_27_2022/i6hqf4j/	1651117589.0	1.0	True	True	False	Bitcoin	t5_2s3qj	r/Bitcoin	public		0.0	[]														2022_04_29				31
147	[]	False		GullibleClash			[]				text	t2_149y61	False	False	aRe wE earLY??? There's always gonna be people who don't know something exists, this doesn't mean anything. I'm holding btc so obviously I'd like it to go up but this isn't proof of anyone being early lmao, the biggest jumps are long gone, slow rise and stability is the best thing we can hope for.	00a7f8e901463ddb5cf0f42c8f331aa64e5ed423	True	False					0	1651117531		0	{}	i6hqc6q	False	t3_udaj5y	False	True	t3_udaj5y	/r/Bitcoin/comments/udaj5y/are_we_still_early_go_ask_randoms_take_100_or_a/i6hqc6q/	1651117547.0	1.0	True	True	False	Bitcoin	t5_2s3qj	r/Bitcoin	public		0.0	[]														2022_04_29				55
152	[]	False		DrVanBuren			[]				text	t2_62q8k	False	False	In fairness he may never give them a bitcoin but he may actually give them $100. Smarter to take a real offer than a theoretical one you‚Äôll probably never get.	f1acbb32a282c0ec029b75e4148337aeff73494d	True	False					0	1651117473		0	{}	i6hq81e	False	t3_udaj5y	False	True	t3_udaj5y	/r/Bitcoin/comments/udaj5y/are_we_still_early_go_ask_randoms_take_100_or_a/i6hq81e/	1651117490.0	1.0	True	True	False	Bitcoin	t5_2s3qj	r/Bitcoin	public		0.0	[]														2022_04_29				30
158	[]	False		HorseyPlz			[]				text	t2_69mmsrao	False	False	I meant it in a different way, but  I see what you‚Äôre saying. You can take the extreme approach and become a solipsist. I‚Äôve peered down that road a few times, not fun.	365884bc19bac308577d9d16be96949f4e23007f	True	False					0	1651117445		0	{}	i6hq60k	False	t3_udaj5y	False	True	t1_i6g7nxz	/r/Bitcoin/comments/udaj5y/are_we_still_early_go_ask_randoms_take_100_or_a/i6hq60k/	1651117462.0	1.0	True	True	False	Bitcoin	t5_2s3qj	r/Bitcoin	public		0.0	[]														2022_04_29				34
159	[]	False		thefullmcnulty			[]				text	t2_m1hb2	False	False	"Yep. 

Also, the strike partnership with NCR. 

This is happening. Right now it‚Äôs just a trickle, but when the dam breaks, it‚Äôs going to be unreal. I feel like when capital from the bond market floods into bitcoin allocations we see yet another step-function increase in bitcoin‚Äôs purchasing power."	16a8bdf45520f8c2d2e1c7c970383cb46be6b8fa	True	False					0	1651117433		0	{}	i6hq55g	False	t3_uda0rl	False	True	t1_i6gl2ho	/r/Bitcoin/comments/uda0rl/all_we_need_is_merchants_and_easy_pos/i6hq55g/	1651117448.0	1.0	True	True	False	Bitcoin	t5_2s3qj	r/Bitcoin	public		0.0	[]														2022_04_29				49
163	[]	False		Witty_Specific_764			[]				text	t2_btkhwt22	False	False	Well I would say for the Store of Value/Savings part is actually the scarcity of Bitcoin same as with gold - both have a fixed supply and are not infinite therefore being extremely value.	cd1a0a9bc0ddd2364ab906330ad403a5678ba0fc	True	False					0	1651117384		0	{}	i6hq1pd	False	t3_udlu2f	False	True	t3_udlu2f	/r/Bitcoin/comments/udlu2f/what_is_the_most_legitimate_argument_for_bitcoin/i6hq1pd/	1651117398.0	1.0	True	True	False	Bitcoin	t5_2s3qj	r/Bitcoin	public		0.0	[]		True												2022_04_29				34
168	[]	False		HammerInOz			[]				text	t2_638k1lho	False	False	If you are asking randoms at a school disco what sort of answers did you expect üôÑ	9c0b594485fb423ff274be2a699deb467203df74	True	False					0	1651117354		0	{}	i6hpzk9	False	t3_udaj5y	False	True	t3_udaj5y	/r/Bitcoin/comments/udaj5y/are_we_still_early_go_ask_randoms_take_100_or_a/i6hpzk9/	1651117371.0	1.0	True	True	False	Bitcoin	t5_2s3qj	r/Bitcoin	public		0.0	[]														2022_04_29				17
169	[]	False		IBurnWitches			[]				text	t2_13bit5	False	False	Think about if you want to use an additional passphrase or not before you use the wallet.	3dae7a08403ac1c54ab04103ba9954dac70a8792	True	False					0	1651117354		0	{}	i6hpzjp	False	t3_udgd7l	False	True	t3_udgd7l	/r/Bitcoin/comments/udgd7l/just_bought_a_bitbox_bitcoin_only_edition_any/i6hpzjp/	1651117371.0	1.0	True	True	False	Bitcoin	t5_2s3qj	r/Bitcoin	public		0.0	[]														2022_04_29				17
171	[]	False		Jeremiah_Vicious			[]			dark	text	t2_bvfbakq0	False	False	I‚Äôve made many posts about my addiction to leaving pieces of paper with 24 words on them in public places. Not proud of it. Just taking it one day at a time trying to beat this thing.	0a6eb15ceaaf9e75acdad8714269314083d1770e	True	False					0	1651117351		0	{}	i6hpzcu	False	t3_udcya4	False	True	t1_i6ggl1q	/r/Bitcoin/comments/udcya4/last_year_i_backed_up_my_seed_words_in_the_cloud/i6hpzcu/	1651117364.0	1.0	True	True	False	Bitcoin	t5_2s3qj	r/Bitcoin	public		0.0	[]														2022_04_29				37
177	[]	False		ZiltoidM56			[]				text	t2_2etamay5	False	True	Cash App? They added Lightning so you can send it to a Lightning address. Takes like 10 minutes to set up.	d5be9ac92cf53c32ba9e08b0a103b9791a3445df	True	False					0	1651117320		0	{}	i6hpx4n	False	t3_udksd7	False	True	t3_udksd7	/r/Bitcoin/comments/udksd7/what_is_the_fastest_way_to_get_sats_into_a/i6hpx4n/	1651117337.0	1.0	True	True	False	Bitcoin	t5_2s3qj	r/Bitcoin	public		0.0	[]														2022_04_29				21
178	[]	False		rtheiss			[]				text	t2_4m0x1x	False	False	"Bitcoin is meant to be a vehicle for saving, real money, and this is a bitcoin maximalist sub, so only bitcoin.

Other coins can be seen as companies or shares for investing if you believe in that ""coin"" or company."	d612475d63ebe2b281e231882b250d1171b6eeb6	True	False					0	1651117237		0	{}	i6hpr8e	False	t3_udllux	False	True	t3_udllux	/r/Bitcoin/comments/udllux/should_i_accumulate_only_bitcoin/i6hpr8e/	1651117252.0	1.0	True	True	False	Bitcoin	t5_2s3qj	r/Bitcoin	public		0.0	[]														2022_04_29				39
179	[]	False		ZiltoidM56			[]				text	t2_2etamay5	False	True	Yea you should be Bitcoin only. There will never be more than 21 million ever created and that can‚Äôt be changed. The amount mined is cut in half every 4 years (that‚Äôs called the halving) and adds to the scarcity. It‚Äôs truly decentralized through its proof of work and how easy it is to run a full node. It‚Äôs creator(s) disappearance made it so it has no head, no single pint of failure. Satoshies Wallet has never moved. You can‚Äôt say any of that about all the Shitcoins.	5bc7c737aa5693edbd5a8506031bd49d3cf52cb5	True	False					0	1651117213		0	{}	i6hppha	False	t3_udllux	False	True	t3_udllux	/r/Bitcoin/comments/udllux/should_i_accumulate_only_bitcoin/i6hppha/	1651117223.0	1.0	True	True	False	Bitcoin	t5_2s3qj	r/Bitcoin	public		0.0	[]														2022_04_29				88
183	[]	False		EspHack			[]				text	t2_lo3438r	False	False	"she will get it once they take all her dollars away or make them useless

then she will love how she can get bitcoin no matter what, and her bitcoin is actually hers

or she ends up a slave 

sadly thats how most will end up, probably"	57e75eccf981d2a01ce996c781f11d836d4ea91b	True	False					0	1651117165		0	{}	i6hpm3z	False	t3_udaj5y	False	True	t3_udaj5y	/r/Bitcoin/comments/udaj5y/are_we_still_early_go_ask_randoms_take_100_or_a/i6hpm3z/	1651117181.0	1.0	True	True	False	Bitcoin	t5_2s3qj	r/Bitcoin	public		0.0	[]														2022_04_29				45
186	[]	False		Jmp-U235			[]				text	t2_92bv46dt	False	False	People can only see how much the wallet address has. They cannot see who the address belongs to or what type of wallet it is.	9f02f9f75d51f786df3673507274ab4de85551b7	True	False					0	1651117106		0	{}	i6hphti	False	t3_udkfxk	False	True	t3_udkfxk	/r/Bitcoin/comments/udkfxk/if_i_have_1000_btc_on_coinbase_and_i_transferred/i6hphti/	1651117119.0	1.0	True	True	False	Bitcoin	t5_2s3qj	r/Bitcoin	public		0.0	[]														2022_04_29				25
187	[]	False		overcooked_sap			[]				text	t2_4pfi6pn8	False	False	Spread across multiple security boxes.   Please explain to me how people stamping them on a metal card is any better.   It pretty obvious many people here have never had to do any opsec.	3a2d342791d974b9e1015d731299521410db750c	True	False					0	1651117101		0	{}	i6hphi6	False	t3_ucvtt0	False	True	t1_i6hozfe	/r/Bitcoin/comments/ucvtt0/daily_discussion_april_27_2022/i6hphi6/	1651117111.0	1.0	True	True	False	Bitcoin	t5_2s3qj	r/Bitcoin	public		0.0	[]														2022_04_29				37
192	[]	False		Master_Surprise_5306			[]				text	t2_bfuu1uof	False	False	Two countries with the poorest and lowest income per person in the world with collapse economy! Good luck with that.	d8090aaa205ed91a62f2a66b019b5f6f5f4cad47	True	False					0	1651117032		0	{}	i6hpcjw	False	t3_ud39kb	False	True	t3_ud39kb	/r/Bitcoin/comments/ud39kb/bitcoin_legal_tender_thats_2_countries_in_2_years/i6hpcjw/	1651117043.0	1.0	True	True	False	Bitcoin	t5_2s3qj	r/Bitcoin	public		0.0	[]														2022_04_29				20
196	[]	False		WarSuccessful3717			[]				text	t2_gf6tj2rl	False	False	Well, they were kind of ‚Ä¶ you know, very drunk. Not necessarily a valid sample of the financially literate public.	db0cbaa013e1fbf4c40a4520a59a6054f6208350	True	False					0	1651116905		0	{}	i6hp3dc	False	t3_udaj5y	False	True	t3_udaj5y	/r/Bitcoin/comments/udaj5y/are_we_still_early_go_ask_randoms_take_100_or_a/i6hp3dc/	1651116923.0	1.0	True	True	False	Bitcoin	t5_2s3qj	r/Bitcoin	public		0.0	[]														2022_04_29				20
200	[]	False		bentdickcucumberbach			[]				text	t2_6ncuud3f	False	False	"I think that‚Äôs why we should generate out own private key with additional BIP39 passphrase. 

But if private keys are same. I can‚Äôt think of any other method."	69f6ec53c18e10107098d67ccc9a15e0866d5d50	True	False					0	1651118053		0	{}	i6hre0k	False	t3_ucylao	False	True	t1_i6e2zef	/r/ethereum/comments/ucylao/how_did_optimism_get_that/i6hre0k/	1651118067.0	1.0	False	True	False	ethereum	t5_2zf9m	r/ethereum	public		0.0	[]														2022_04_29				28
201	[]	False		Iohet			[]				text	t2_9cb7r	False	False	People can change their minds.  The question is if he is saying this because he means it or because it's politically prudent?	f3d804ea63b3de587f61bd7559b930a1f0629cb0	True	False					0	1651118033		0	{}	i6hrcj7	False	t3_ud2xo7	False	True	t1_i6h2um4	/r/ethereum/comments/ud2xo7/ethereums_vitalik_buterin_russian_government_is/i6hrcj7/	1651118046.0	1.0	False	True	False	ethereum	t5_2zf9m	r/ethereum	public		0.0	[]														2022_04_29				23
204	[]	False		-bryden-			[]				text	t2_14k5gr	False	False	His reach is global but you need to really fuck up to get suicided in a Western country	18fcfe9834e9ff567e8764724d225f5325847375	True	False					0	1651117013		0	{}	i6hpb7t	False	t3_ud2xo7	False	True	t1_i6heyyo	/r/ethereum/comments/ud2xo7/ethereums_vitalik_buterin_russian_government_is/i6hpb7t/	1651117029.0	1.0	False	True	False	ethereum	t5_2zf9m	r/ethereum	public		0.0	[]														2022_04_29				18
209	[]	False		Zlatan4Ever			[]				text	t2_15xiv3	False	False	I know. No worries. I just wonder why Ethereum needs help of Matic to be efficient.	b3d460f476ef5acab0e437185ec0e886872c244f	True	False					0	1651116033		0	{}	i6hna6i	False	t3_ucu2wh	False	True	t1_i6h7eby	/r/ethereum/comments/ucu2wh/33_million_in_ether_got_locked_away_due_to/i6hna6i/	1651116050.0	1.0	False	True	False	ethereum	t5_2zf9m	r/ethereum	public		0.0	[]														2022_04_29				16
211	[]	False		niktemadur			[]				text	t2_7ww2v	False	False	"I'd guess he's always disliked/hated the bitch putler parasite, but now that has morphed into something larger, encompassing the entire country and the population's current frenzied toxic mindset.  
The Russia many visualized - its' culture and heritage which we hoped could have potentially led to something noble - is no more.  That hope is dead, stomped by countless Russian goons being both savagely cruel and savagely incompetent."	dfe5a5738eb5bd4429e984554ed40c0e913a6f6b	True	False					0	1651115841		0	{}	i6hmvgs	False	t3_ud2xo7	False	True	t1_i6ex988	/r/ethereum/comments/ud2xo7/ethereums_vitalik_buterin_russian_government_is/i6hmvgs/	1651115852.0	1.0	False	True	False	ethereum	t5_2zf9m	r/ethereum	public		0.0	[]														2022_04_29				69
214	[]	False		niktemadur			[]				text	t2_7ww2v	False	False	"Vitalik my man... Russia is ALL our enemy now.  
All of us who want something positive for the world... Russia blocks the way."	ad415a4b955d570481a1f7f9b8dc9e7fb013b945	True	False					0	1651115509		0	{}	i6hm5c7	False	t3_ud2xo7	False	True	t3_ud2xo7	/r/ethereum/comments/ud2xo7/ethereums_vitalik_buterin_russian_government_is/i6hm5c7/	1651115526.0	1.0	False	True	False	ethereum	t5_2zf9m	r/ethereum	public		0.0	[]														2022_04_29				24
215	[]	False		CraftistOf			[]				text	t2_14gvs6	False	False	"same
I'd love to know why he became who he is, is it the thirst of power, brain condition, mental illness or something else
i also want to know if he regrets anything he has done. he looks like a monster and he might as well be one, but he could also just be a dictator that has nothing to lose and doubles down until he dies"	9f3d03b2113435ef5294d38a69d377a8dd31f06f	True	False					0	1651115464		0	{}	i6hm1w4	False	t3_ud2xo7	False	True	t1_i6fyxy5	/r/ethereum/comments/ud2xo7/ethereums_vitalik_buterin_russian_government_is/i6hm1w4/	1651115476.0	1.0	False	True	False	ethereum	t5_2zf9m	r/ethereum	public		0.0	[]														2022_04_29				65
224	[]	False		Perleflamme			[]				text	t2_13pqgo	False	False	"Why are you counting different Dapps on the same chain as only one? Your question is very different from what you said, then. Your actual question is ""how many blockchain networks do you use in which you use at least one dApp?"""	70628ed2ec3541c8a7eb7f79c3f9aea4d034810d	True	False					0	1651114222		0	{}	i6hjd7g	False	t3_ud1zgb	False	True	t3_ud1zgb	/r/ethereum/comments/ud1zgb/how_many_different_defi_dapps_across_different/i6hjd7g/	1651114237.0	1.0	False	True	False	ethereum	t5_2zf9m	r/ethereum	public		0.0	[]														2022_04_29				42
227	[]	False		belovedglory			[]				text	t2_mgzmnahf	False	False	"Check this gem out @YoYoVision. 40 BNB ($16000) Giveaways to Fair Launch Participants!

üìÖ29 April 2022
https://www.gempad.app/presale/0x15A0dFb8c06eC6B9073021255a4Ea859388456E1?chainId=56

üí∞6% BUSD distribution to holders
üîìKYC &amp; Audit
üî•Massive Burns

üí¨Telegram: t.me/yoyo_vision_main

#YoYoVision #100xgem #BSCGems #Launchpads  #lucky"	c6652bb30937d74ebe36c15c45cd0a8399ad90a1	True	False					0	1651114081		0	{}	i6hj1v3	False	t3_tijcq1	False	True	t3_tijcq1	/r/ethereum/comments/tijcq1/stuff_rethereum_should_know_proof_of_stake_edition/i6hj1v3/	1651114095.0	1.0	False	True	False	ethereum	t5_2zf9m	r/ethereum	public		0.0	[]														2022_04_29				28
230	[]	False		Perleflamme			[]				text	t2_13pqgo	False	False	"Technically, a blockchain is a data structure (like a database table or a chained list) arranging its content into an ordered series of blocks, each block referring to its previous one through the hash of the previous block.

It's a data structure that is most often known to be used by decentralized ledgers, notably cryptocurrencies, that are networks of computers, where each computer tries to store the same version of a blockchain as any other computer of the network."	50aa9674544b35d72350f305c9f6ac0c4f8c3171	True	False					0	1651113557		0	{}	i6hhw5n	False	t3_udap1d	False	True	t3_udap1d	/r/ethereum/comments/udap1d/what_is_the_blockchain/i6hhw5n/	1651113573.0	1.0	False	True	False	ethereum	t5_2zf9m	r/ethereum	public		0.0	[]														2022_04_29				78
236	[]	False		abcoathup			[]				text	t2_6t9z4g3	False	False	Please keep price discussion, market talk, memes, and exchanges to subreddits such as r/ethfinance or  r/ethtrader	dec5e4ab1294f88e7ae40e2121741e45371c7c24	True	False					0	1651112586	moderator	0	{}	i6hfp0p	False	t3_ud6x8y	False	True	t3_ud6x8y	/r/ethereum/comments/ud6x8y/take_action/i6hfp0p/	1651112598.0	1.0	True	True	True	ethereum	t5_2zf9m	r/ethereum	public		0.0	[]														2022_04_29				17
237	[]	False		Perleflamme			[]				text	t2_13pqgo	False	False	"MyCrypto comes from a split of MyEtherWallet, years ago, with lots of drama back then between the former founders of MyEtherWallet. 

I'm quite sure both of them are legit."	806ec5486e4c76b90db40efabd9f48a3c085dc13	True	False					0	1651112410		0	{}	i6hfano	False	t3_udjtik	False	True	t3_udjtik	/r/ethereum/comments/udjtik/is_mycrypto_wallet_safe/i6hfano/	1651112423.0	1.0	False	True	False	ethereum	t5_2zf9m	r/ethereum	public		0.0	[]														2022_04_29				29
238	[]	False		jonnybravo76			[]				text	t2_rucw6	False	False	Weren't they able to get to some oligarch living in England?  I wouldn't take my chances!	0d631d702e1ded292f4fc6284e5015a8f351382b	True	False					0	1651112269		0	{}	i6heyyo	False	t3_ud2xo7	False	True	t1_i6h05l6	/r/ethereum/comments/ud2xo7/ethereums_vitalik_buterin_russian_government_is/i6heyyo/	1651112281.0	1.0	False	True	False	ethereum	t5_2zf9m	r/ethereum	public		0.0	[]														2022_04_29				17
241	[]	False		abcoathup			[]				text	t2_6t9z4g3	False	False	Please keep mining discussion to subreddits such as /r/EtherMining or r/GPUmining. Note that Ethereum PoW mining is expected to end within the next 4-6 months.	2287cc1383b9131f996e09511c9f84577269ebd4	True	False					0	1651111885	moderator	0	{}	i6he3f8	False	t3_udban7	False	True	t3_udban7	/r/ethereum/comments/udban7/tips_for_selling_a_mining_rig_for_eth/i6he3f8/	1651111904.0	1.0	True	True	True	ethereum	t5_2zf9m	r/ethereum	public		0.0	[]														2022_04_29				25
243	[]	False		abcoathup			[]				text	t2_6t9z4g3	False	False	"Expecting we should know more about shadow fork testing and when public testnets could be upgraded at the Core Devs call on April 29  
[https://github.com/ethereum/pm/issues/514](https://github.com/ethereum/pm/issues/514)

Tim Beiko does a summary after the meeting.    
Links will also be in https://weekinethereumnews.com"	73cb4682ad7c59ba22ceb078b015c9d56e1eae1f	True	False					0	1651111789		0	{}	i6hdvcq	False	t3_udcbck	False	True	t3_udcbck	/r/ethereum/comments/udcbck/is_proofofstake_imminent/i6hdvcq/	1651111804.0	1.0	False	True	False	ethereum	t5_2zf9m	r/ethereum	public		0.0	[]														2022_04_29				42
244	[]	False		m-nightwalker			[]				text	t2_ea435g3p	False	False	To be fair, it's been imminent so many times, call me sceptical but I'd be surprised if they didn't push it back another couple of times this year. Good luck to them though.	1bf1bb6d2ae4799c35983e159e6f48339f61bdfd	True	False					0	1651111605		0	{}	i6hdfq5	False	t3_udcbck	False	False	t3_udcbck	/r/ethereum/comments/udcbck/is_proofofstake_imminent/i6hdfq5/	1651111617.0	1.0	False	True	False	ethereum	t5_2zf9m	r/ethereum	public		0.0	[]														2022_04_29				33
246	[]	False		Perleflamme			[]				text	t2_13pqgo	False	False	"Thank you. So that's why I couldn't find what I was looking for. I thought it was supposed to be a rollup, but it's not.

Thanks, I'll go dig deeper into that. I hope they'll bring competition, it's much needed."	d692e8c714afb4cc898b5d2de9fdeabb6c23fffa	True	False					0	1651111076		0	{}	i6hc8px	False	t3_ubu3ft	False	True	t1_i6e3dub	/r/ethereum/comments/ubu3ft/aventus_network_has_processed_the_most/i6hc8px/	1651111090.0	1.0	False	True	False	ethereum	t5_2zf9m	r/ethereum	public		0.0	[]														2022_04_29				39
254	[]	False		sliceyournipple			[]				text	t2_hjzu9	False	False	I mean yeah, maybe my adjectives were insufficient. I understand he‚Äôs always been sick and evil and willing to kill a lot of people, but a land invasion of this scale in Europe is beyond what I thought he‚Äôd do. For so many decades people mainly worried about nuclear, chemical, biological, cyber threats, and social subversion so now watching him get fucked in old school warfare is a little surprising	9bf408fcd15542ab2e9debf1bc09b64d186ddecd	True	False					0	1651109281		0	{}	i6h8cag	False	t3_ud2xo7	False	True	t1_i6gwsxk	/r/ethereum/comments/ud2xo7/ethereums_vitalik_buterin_russian_government_is/i6h8cag/	1651109292.0	1.0	False	True	False	ethereum	t5_2zf9m	r/ethereum	public		0.0	[]														2022_04_29				70
257	[]	False		nanidin			[]				text	t2_3ebsd	False	False	I just hope he doesn't piss off Putin enough to get nation-state level apparatus and resources pointed at undermining ETH.	9896819b0875591291db5e528da25c0ebdfd4fc0	True	False					0	1651108785		0	{}	i6h792c	False	t3_ud2xo7	False	True	t3_ud2xo7	/r/ethereum/comments/ud2xo7/ethereums_vitalik_buterin_russian_government_is/i6h792c/	1651108797.0	1.0	False	True	False	ethereum	t5_2zf9m	r/ethereum	public		0.0	[]														2022_04_29				20
258	[]	False		cannongibb			[]				text	t2_g70qz	False	False	Wouldn‚Äôt the fact that soldiers were jailed for that actually be a good sign? Seems like Russian soldiers get away with this with impunity.	12e10e6a091f045f5415a073396f5eb4d06a46de	True	False					0	1651108418		0	{}	i6h6g74	False	t3_ud2xo7	False	True	t1_i6gkjd2	/r/ethereum/comments/ud2xo7/ethereums_vitalik_buterin_russian_government_is/i6h6g74/	1651108430.0	1.0	False	True	False	ethereum	t5_2zf9m	r/ethereum	public		0.0	[]														2022_04_29				24
259	[]	False		cannongibb			[]				text	t2_g70qz	False	False	Also yes the US has blood in our hands but it‚Äôs not like we tried to annex Afghanistan. And my friend, a marine deployed there at one point, said they absolutely were welcomed by the civilians. We‚Äôre not perfect but there‚Äôs def a difference (huge) between us and Russia.	4ed285bcde471cf46dc731f7d0bc0dccb32c1853	True	False					0	1651108122		0	{}	i6h5tj7	False	t3_ud2xo7	False	True	t1_i6gz8bf	/r/ethereum/comments/ud2xo7/ethereums_vitalik_buterin_russian_government_is/i6h5tj7/	1651108134.0	1.0	False	True	False	ethereum	t5_2zf9m	r/ethereum	public		0.0	[]														2022_04_29				49
260	[]	False		Quentin__Tarantulino			[]				text	t2_hx0eadc	False	False	Do you have those numbers at the ready? My recollection of Iraq/Afghanistan were that the official numbers were likely massively reduced, and certain human rights organizations estimated hundreds of thousands of civilian deaths.	f99951425239ab2a77e4af9e4acba5a6f31fc0ec	True	False					0	1651107838		0	{}	i6h57jn	False	t3_ud2xo7	False	True	t1_i6gz8bf	/r/ethereum/comments/ud2xo7/ethereums_vitalik_buterin_russian_government_is/i6h57jn/	1651107852.0	1.0	False	True	False	ethereum	t5_2zf9m	r/ethereum	public		0.0	[]														2022_04_29				33
263	[]	False		CommunicationNo3845			[]				text	t2_d9h0uo47	False	False	"I dont think its more about environmentalism as much as its about saving up gas fees

That and the fact that its much easier for builder to build on Polygon. I mean they already have 19,000 dApps on their platform and 8,000 building teams"	66e77a3c1d02e81aed111156ce54fe93961c9d10	True	False					0	1651107297		0	{}	i6h409t	False	t3_ud1zgb	False	True	t1_i6e7k63	/r/ethereum/comments/ud1zgb/how_many_different_defi_dapps_across_different/i6h409t/	1651107309.0	1.0	False	True	False	ethereum	t5_2zf9m	r/ethereum	public		0.0	[]														2022_04_29				43
268	[]	False		turboRock			[]				text	t2_9vfwj	False	False	5 years ago was after Russia had already annexed parts of Georgia, and parts of Ukraine.	35a7599a92f7e90dacceae40840a7161bce83007	True	False					0	1651106774		0	{}	i6h2um4	False	t3_ud2xo7	False	True	t1_i6eirtd	/r/ethereum/comments/ud2xo7/ethereums_vitalik_buterin_russian_government_is/i6h2um4/	1651106790.0	1.0	False	True	False	ethereum	t5_2zf9m	r/ethereum	public		0.0	[]														2022_04_29				16
271	[]	False		sirATL			[]				text	t2_x8r2glt	False	False	Right you will probably have a better chance guessing the lottery jackpot numbers than a private key!	2baf24f2300340f663b92db12b4270f80a50b4fe	True	False					0	1651106183		0	{}	i6h1k0p	False	t3_ucylao	False	True	t1_i6emvqz	/r/ethereum/comments/ucylao/how_did_optimism_get_that/i6h1k0p/	1651106200.0	1.0	False	True	False	ethereum	t5_2zf9m	r/ethereum	public		0.0	[]														2022_04_29				17
273	[]	False		dreamer2020-			[]				text	t2_10nvgg	False	True	Its all about hardware power to calculate a keypair that match a certain address. Like 1inch token is 0x111111111117dC0aa78b770fA6A738034120C302	402c8fe0dcb1878397d149a2b4b1722ab9355bab	True	False					0	1651106016		0	{}	i6h1774	False	t3_ucylao	False	True	t3_ucylao	/r/ethereum/comments/ucylao/how_did_optimism_get_that/i6h1774/	1651106032.0	1.0	False	True	False	ethereum	t5_2zf9m	r/ethereum	public		0.0	[]														2022_04_29				19
275	[]	False		yourmo4321			[]				text	t2_k6sujdm7	False	False	But they just passed a law that taxes the fuck out of gains. Sounds like a fucked up situation.	e06010816b70a182ba3fd87c8ae83a8baddfa0cf	True	False					0	1651105951		0	{}	i6h125e	False	t3_udgq8b	False	True	t3_udgq8b	/r/ethereum/comments/udgq8b/india_is_open_to_using_ethereum_for_digital/i6h125e/	1651105968.0	1.0	False	True	False	ethereum	t5_2zf9m	r/ethereum	public		0.0	[]														2022_04_29				19
276	[]	False		zNico1			[]				text	t2_zv7sr	False	False	"Changes are that someone has a sweeper script on your wallet and any ETH sent to it would disappear instantly. I know [you can request payout to a different wallet if you mine on ethermine](https://support.bitfly.at/support/solutions/articles/8000054353-transfer-unpaid-balances-credits-from-one-wallet-to-another-) . 

If you aren't completely broke, you can pretty reliably test if a wallet is being sweeped by sending a low amount of ETH to it ($5 should be enough). If it has a sweeper you'll see the money disappear pretty much instantly."	a88be222853be73863fbcbdd2bc6edfa876d248c	True	False					0	1651105708		0	{}	i6h0jhh	False	t3_ud5ur1	False	True	t3_ud5ur1	/r/ethereum/comments/ud5ur1/metamask_wallet_was_fished_and_drained_of_eth/i6h0jhh/	1651105723.0	1.0	False	True	False	ethereum	t5_2zf9m	r/ethereum	public		0.0	[]														2022_04_29				78
282	[]	False		radiodialdeath			[]				text	t2_cx59m	False	False	Their invasion of Georgia was covered pretty well, but in the era of 24/7 news people forgot about it pretty quickly.	604173a33162479b8f646a224a74ac617e917398	True	False					0	1651105187		0	{}	i6gzewq	False	t3_ud2xo7	False	True	t1_i6gwsxk	/r/ethereum/comments/ud2xo7/ethereums_vitalik_buterin_russian_government_is/i6gzewq/	1651105204.0	1.0	False	True	False	ethereum	t5_2zf9m	r/ethereum	public		0.0	[]														2022_04_29				21
284	[]	False		radiodialdeath			[]				text	t2_cx59m	False	False	I won't/can't defend the US's actions in the Middle East, but for some perspective: If current estimates are to be believed, more civilians have died in Mariupol alone over the past month compared to twenty years of the US in Afghanistan/Iraq.	b83ea0fc58a4326b180ea3ba39461679af49841a	True	False					0	1651105104		0	{}	i6gz8bf	False	t3_ud2xo7	False	True	t1_i6fxsxy	/r/ethereum/comments/ud2xo7/ethereums_vitalik_buterin_russian_government_is/i6gz8bf/	1651105116.0	1.0	False	True	False	ethereum	t5_2zf9m	r/ethereum	public		0.0	[]														2022_04_29				41
286	[]	False		Sythic_			[]				text	t2_cvs52	False	False	Even if true, so what? If Ukraine wanted them that's their right as a sovereign nation. Unless Ukraine fired them at Russia they have no right to do anything about that.	4a3f7d07781b2db3419e30639113d1ca10713854	True	False					0	1651104236		0	{}	i6gxcvx	False	t3_ud2xo7	False	True	t1_i6g4dot	/r/ethereum/comments/ud2xo7/ethereums_vitalik_buterin_russian_government_is/i6gxcvx/	1651104252.0	1.0	False	True	False	ethereum	t5_2zf9m	r/ethereum	public		0.0	[]														2022_04_29				31
287	[]	False		DickJones_OCP1			[]				text	t2_h6c7nq4n	False	False	"THIS. Also who currently illegally occupies Syria with their ""Al tanf"" base that they use to train terrorists/launch attacks against Syria? Same guys that steal Syrian oil and destroy their wheat fields."	ef6b64f8febf2e3bccad33309c946b5f4448f9b1	True	False					0	1651104094		0	{}	i6gx1pw	False	t3_ud2xo7	False	True	t1_i6fyizz	/r/ethereum/comments/ud2xo7/ethereums_vitalik_buterin_russian_government_is/i6gx1pw/	1651104108.0	1.0	False	True	False	ethereum	t5_2zf9m	r/ethereum	public		0.0	[]														2022_04_29				32
303	[]	False		PinkPuppyBall			[]				text	t2_nthui	False	False	Sure, but then you have an insecure chain since it takes time to build up hash rate on the new chain. The new chain will be much cheaper to attack than the already successfully attacked one.	819e49f3bae104d1eae206b087c24dda81d3e5b9	True	False					0	1651128171		0	{}	i6i6qfn	False	t3_ud6ids	False	True	t1_i6gfoat	/r/ethereum/comments/ud6ids/need_help_understanding_decentralization/i6i6qfn/	1651128184.0	1.0	False	True	False	ethereum	t5_2zf9m	r/ethereum	public		0.0	[]														2022_04_29				36
307	[]	False		Ok-Western-5799			[]				text	t2_9udun7hi	False	False	right now I'm trying out this Teneo as its one of the most advanced platforms that I was able to try, in this platform you can earn from just holding no staking or locking token is needed, and no matter what is the status of the market you can still earn depending on the transactions that are happening within the platform.	1062052e53372cda0299ba9c22d4961edb5ac476	True	False					0	1651126791		0	{}	i6i4yqv	False	t3_ud1zgb	False	True	t3_ud1zgb	/r/ethereum/comments/ud1zgb/how_many_different_defi_dapps_across_different/i6i4yqv/	1651126802.0	1.0	False	True	False	ethereum	t5_2zf9m	r/ethereum	public		0.0	[]														2022_04_29				61
313	[]	False		Ok-Western-5799			[]				text	t2_9udun7hi	False	False	"rent to earn is different from a scholarship program since people still need to shell out some money in order to pay the rent of the asset but it does also have some good sides in which you can rent different assets for scholarships I think you are going to use the same assets over and over again.   


Yeah, Aavegotchi is also growing Balthazar is helping them with the player acquisition, and maybe because of the high rewards while playing the game makes it attractive for some players."	22fa999618fa123188d88a390a5836f219e64697	True	False					0	1651125250		0	{}	i6i2wtv	True	t3_u3k23l	False	False	t1_i6dbfmr	/r/ethereum/comments/u3k23l/dont_get_lost_in_the_metaverse_alone/i6i2wtv/	1651125262.0	1.0	False	True	False	ethereum	t5_2zf9m	r/ethereum	public		0.0	[]														2022_04_29				90
319	[]	False		Trevonhaywood			[]				text	t2_46kmbs4x	False	False	For a dude a smart as him, he better tread carefully. Speak out but don‚Äôt inspir√© un-needed trouble from an entire world power, V	edeb5198d4cc004c3650eeebd73992a70003e700	True	False					0	1651123918		0	{}	i6i11g5	False	t3_ud2xo7	False	True	t3_ud2xo7	/r/ethereum/comments/ud2xo7/ethereums_vitalik_buterin_russian_government_is/i6i11g5/	1651123932.0	1.0	False	True	False	ethereum	t5_2zf9m	r/ethereum	public		0.0	[]														2022_04_29				24
322	[]	False		hydrogator			[]				text	t2_252v5428	False	False	exactly - and don't get me started about the crap that happened to Libya.   That was the real eye-opener for me.	59b229caef8b2235d02d2cdb411af5b480b40ef0	True	False					0	1651123705		0	{}	i6i0qhz	False	t3_ud2xo7	False	True	t1_i6gx1pw	/r/ethereum/comments/ud2xo7/ethereums_vitalik_buterin_russian_government_is/i6i0qhz/	1651123721.0	1.0	False	True	False	ethereum	t5_2zf9m	r/ethereum	public		0.0	[]														2022_04_29				23
326	[]	False		seratia123			[]				text	t2_3wer59ce	False	False	You have to find someone more stupid that buys it from you for a higher price.	1a9db95d12d4034cb248d0a6381073158a2b053d	True	False					0	1651122779		0	{}	i6hzd1j	False	t3_ucft5h	False	True	t1_i6e7c97	/r/ethereum/comments/ucft5h/nike_studio_releases_first_exclusive_nft_sneakers/i6hzd1j/	1651122795.0	1.0	False	True	False	ethereum	t5_2zf9m	r/ethereum	public		0.0	[]														2022_04_29				16
334	[]	False		coinfeeds-bot			[]				text	t2_8ihxazi7	False	False	"tldr; Optimism is launching its native token ‚ÄúOP‚Äù on June 23, 2021. The initial total supply of OP is 4,294,967,296 pieces, the tokens will be issued at a rate of 2% total supply per year. 19% of OP will be offered to its users in the form of airdrops, among which, 5% will be shipped in Airdrop #1.

*This summary is auto generated by a bot and not meant to replace reading the original article. As always, DYOR.*"	43fed9e51a6569a4ffbaa3ac7f646c5a32af5a96	True	False					0	1651119303		0	{}	i6htnv4	False	t3_udlzg9	False	True	t3_udlzg9	/r/ethereum/comments/udlzg9/layer2_scaling_solution_optimism_is_launching/i6htnv4/	1651119319.0	1.0	False	True	False	ethereum	t5_2zf9m	r/ethereum	public		0.0	[]														2022_04_29				77
336	[]	False		XboxVictim			[]				text	t2_9va8p74w	False	False	"I have never been paid in Eth for a job but I can say if I owed someone ETH then I‚Äôm adding more on to cover the Tx fee so the person I‚Äôm paying gets their agreed. Just seems like the right thing to do. 

If I owed you 100 dollars for rent and I drive to your house, I‚Äôm not going to pay you 94 dollars and tell you 6 of it went to my gas."	43de762d7a587775987884a81994ea861bf9cdca	True	False					0	1651119135		0	{}	i6htdfr	False	t3_ud3upf	False	True	t3_ud3upf	/r/ethereum/comments/ud3upf/ive_been_paid_for_some_work_i_carried_out_in_eth/i6htdfr/	1651119150.0	1.0	False	True	False	ethereum	t5_2zf9m	r/ethereum	public		0.0	[]														2022_04_29				77
343	[]	False		mcsnoogins			[]				text	t2_5nsw5jqf	False	False	I always hedge my bets, but I'm not a millionaire yet so I'm maybe not the best to give advice.	00daa044615860c7805a7a8b8538a3ac3ded99a2	True	False					0	1651147075		0	{}	i6iu2gk	False	t3_udst0d	False	True	t3_udst0d	/r/ethereum/comments/udst0d/should_i_buy_only_bitcoin_or_should_i_split_it_50/i6iu2gk/	1651147088.0	1.0	False	True	False	ethereum	t5_2zf9m	r/ethereum	public		0.0	[]														2022_04_29				20
344	[]	False		TheHolyPuck			[]				text	t2_wyenq	False	False	"You have to
Understand what you‚Äôre going for. Are you looking to get in on the future of financial markets/system? if so go BTC, if you‚Äôre looking for defi applications - go ETH. They aim to do different things and that‚Äôs not a bad thing. Anyone who tell you one or the other is better is simply misinformed, they‚Äôre completely two different things and aim to solve two different problems."	d70101f00d7aba330fe7565634e3337eb35b82ed	True	False					0	1651147063		0	{}	i6iu1o9	False	t3_udst0d	False	True	t3_udst0d	/r/ethereum/comments/udst0d/should_i_buy_only_bitcoin_or_should_i_split_it_50/i6iu1o9/	1651147073.0	1.0	False	True	False	ethereum	t5_2zf9m	r/ethereum	public		0.0	[]														2022_04_29				69
345	[]	False		tangonaredf			[]				text	t2_bm2yatdr	False	False	"Yeah it sure will, I aspire for solid projects such as these projects Holoride and Balthazar as they give investors good value for their money with its outstanding partnerships, developments and even backings as Holoride is backed by Audi.
Cool"	8688b2655daa67b503c974fb9a287aa88d7c2ce6	True	False					0	1651147043		0	{}	i6iu0fs	False	t3_u3k23l	False	True	t1_i68jryv	/r/ethereum/comments/u3k23l/dont_get_lost_in_the_metaverse_alone/i6iu0fs/	1651147059.0	1.0	False	True	False	ethereum	t5_2zf9m	r/ethereum	public		0.0	[]														2022_04_29				39
347	[]	False		redkoil			[]				text	t2_ocqbpim	False	False	Both is good and ether one is good. It does not need to be 50-50. You can also change your allocations with time. If I would be starting now I would put more for ethereum because merge is this year and the next halving for bitcoin is in 2024 so there is more time to accumulate for that. Just dont fomo. Slow and steady.	9f3312c0bc823850bc262261b9173d765a44e5dc	True	False					0	1651146627		0	{}	i6itbaq	False	t3_udst0d	False	True	t3_udst0d	/r/ethereum/comments/udst0d/should_i_buy_only_bitcoin_or_should_i_split_it_50/i6itbaq/	1651146641.0	1.0	False	True	False	ethereum	t5_2zf9m	r/ethereum	public		0.0	[]														2022_04_29				64
402	[]	False		trojan_Jo		noflair	[]			dark	text	t2_qzaai	False	False	"It feels like they are putting it off until they can let their buddies get in it somehow, or at least profit from this deal OR they are giving themselves enough time to pass through some legislation to block xrp so that the lawsuit becomes unnecessary. 

Be careful everyone."	0f39064fc3913dec2edb8311bb78e7d0dd59c440	True	False					0	1651113288		0	{}	i6hhaj6	False	t3_ud74ja	False	True	t3_ud74ja	/r/XRP/comments/ud74ja/we_must_realize_that_we_need_to_continually_go/i6hhaj6/	1651113300.0	1.0	True	True	False	XRP	t5_2ruj5	r/XRP	public		0.0	[]														2022_04_29				49
407	[]	False		walrus_paul_atreides			[]				text	t2_m82bkz6j	False	False	It makes sense with a large enough tinfoil hat atop my head. That said I‚Äôll just keep on stuffing my bag during this dip.	5922ec5fb8335c31ac65362d796a3e75847cbdde	True	False					0	1651124597		0	{}	i6i20b6	False	t3_ud74ja	False	True	t1_i6ghb5a	/r/XRP/comments/ud74ja/we_must_realize_that_we_need_to_continually_go/i6i20b6/	1651124613.0	1.0	True	True	False	XRP	t5_2ruj5	r/XRP	public		0.0	[]														2022_04_29				24
411	[]	False		RickMuffy			[]				text	t2_gxw75	False	True	"I can definitely understand that, but most of these get no major conversations going, and it definitely looks more like spam in a dead subreddit.


I know we're all waiting for the sec case to finally get some more traction, but this place is barren right now other than the daily chat lol"	22bfb2c296a6e78ac4012b773902bdcfc86da74e	True	False					0	1651153598		0	{}	i6j73d5	False	t3_udm8ij	False	True	t1_i6j66t6	/r/XRP/comments/udm8ij/042822_join_flarexrp_discord/i6j73d5/	1651153610.0	1.0	True	True	False	XRP	t5_2ruj5	r/XRP	public		0.0	[]														2022_04_29				52
412	[]	False		SchutzstaffelKneeGro		Training	[{'e': 'text', 't': 'Redditor for 12 months'}]	f51453f4-6c38-11e9-9031-0ea06aef805a	Redditor for 12 months	dark	richtext	t2_94yn0h21	False	False	"These are handy when shit is actually happening and there is something to report on or discuss. 

Ill keep tabs on dailies that get multiple replies, its kinda how I gage interests that day"	ccf6015c1cb32ec400873f20498245978402e211	True	False					0	1651153201		0	{}	i6j66t6	False	t3_udm8ij	False	True	t1_i6iu1hm	/r/XRP/comments/udm8ij/042822_join_flarexrp_discord/i6j66t6/	1651153218.0	1.0	True	True	False	XRP	t5_2ruj5	r/XRP	public		0.0	[]														2022_04_29				34
416	[]	False		Diligent-Pop-3424			[]				text	t2_dn0rvxxa	False	False	For sure.  Especially with lengthy briefs.  She may also want to schedule oral argument. And if all SJ motions are denied in full or in part, then it‚Äôs off to trial sometime in 2023.  It does appear to me that Judge Torres keeps better control of her docket.  And is generally a no-nonsense kind of Judge.  I‚Äôd expect a relatively fast ruling.  And like others have mentioned, a settlement could occur at anytime.	6ee0217943356bd03f5974dec8163e6925a3a658	True	False					0	1651188556		0	{}	i6ljxli	False	t3_ue46jc	False	True	t1_i6ldwnz	/r/XRP/comments/ue46jc/judge_torres_has_just_brought_the_schedule_forward/i6ljxli/	1651188568.0	1.0	True	True	False	XRP	t5_2ruj5	r/XRP	public		0.0	[]														2022_04_29				79
420	[]	False		unique-scarecrow			[]				text	t2_3tzzu5qe	False	False	We will see a lot of negative price action in the short term if you‚Äôre going to be completely realistic	3ac8e0e08bb377e1ee50ee7b591e5444220f9ebb	True	False					0	1651187754		0	{}	i6li8ai	False	t3_ue7i48	False	True	t1_i6lftoc	/r/XRP/comments/ue7i48/investor_wanting_to_invest_in_xrp_but/i6li8ai/	1651187766.0	1.0	True	True	False	XRP	t5_2ruj5	r/XRP	public		0.0	[]														2022_04_29				20
421	[]	False		AnchoredDown92		Training	[{'e': 'text', 't': 'Redditor for 10 months'}]	f51453f4-6c38-11e9-9031-0ea06aef805a	Redditor for 10 months	dark	richtext	t2_a3d0j7o9	False	False	"People need to realize in spite of all the FUD that banks and institutions don‚Äôt care if an asset is centralized or decentralized. All they care about is competent technology which is price efficient.

They want clarity and regulations to cover their arses financially. Once clarity comes along, it‚Äôs game over.

Ignore the FUD and just continue to load up
Where and whenever you can!"	fb63ea1c344467cd0fab55726ae9c2cf05f1d20e	True	False					0	1651187747		0	{}	i6li7pf	False	t3_udm8ij	False	True	t3_udm8ij	/r/XRP/comments/udm8ij/042822_join_flarexrp_discord/i6li7pf/	1651187758.0	1.0	True	True	False	XRP	t5_2ruj5	r/XRP	public		0.0	[]														2022_04_29				62
425	[]	False		EfficientMotor1980		Training	[{'e': 'text', 't': 'Redditor for 6 months'}]	f51453f4-6c38-11e9-9031-0ea06aef805a	Redditor for 6 months	dark	richtext	t2_a1jpn3c6	False	False	But‚Ä¶‚Ä¶‚Ä¶‚Ä¶. So I just keep buying it on uphold when it hits my running average! XRP goes vroooom soon!!!	8e308bbb77afa268775802d15bc6be3d11a0979f	True	False					0	1651186805		0	{}	i6lg7d2	False	t3_ue7i48	False	True	t3_ue7i48	/r/XRP/comments/ue7i48/investor_wanting_to_invest_in_xrp_but/i6lg7d2/	1651186816.0	1.0	True	True	False	XRP	t5_2ruj5	r/XRP	public		0.0	[]														2022_04_29				19
426	[]	False		MajinUtility			[]				text	t2_ik6gc7zu	False	False	Absolutely nothing. Every other country on the planet will use it. The US will be left behind.	c3adc1577bb6d7afc3dbd7e216aa65e2495d42a9	True	False					0	1651186627		0	{}	i6lftoc	False	t3_ue7i48	False	True	t3_ue7i48	/r/XRP/comments/ue7i48/investor_wanting_to_invest_in_xrp_but/i6lftoc/	1651186643.0	1.0	True	True	False	XRP	t5_2ruj5	r/XRP	public		0.0	[]														2022_04_29				17
432	[]	False		AnchoredDown92		Training	[{'e': 'text', 't': 'Redditor for 10 months'}]	f51453f4-6c38-11e9-9031-0ea06aef805a	Redditor for 10 months	dark	richtext	t2_a3d0j7o9	False	False	"People also need to remember that settlement can occur any time before any of this. Don‚Äôt know about other jurisdictions and countries, but in pre trial civil cases such as this here in Australia, the judge‚Äôs first priority is heavily encouraging parties to come to some sort of resolution.

So let‚Äôs just hope in bringing this forward, Judge Torres is actively working with both parties to achieve settlement."	6ab2966e5e01887cc52272f6755600fc1ab508b2	True	False					0	1651183084		0	{}	i6l7z81	False	t3_ue46jc	False	True	t3_ue46jc	/r/XRP/comments/ue46jc/judge_torres_has_just_brought_the_schedule_forward/i6l7z81/	1651183098.0	1.0	True	True	False	XRP	t5_2ruj5	r/XRP	public		0.0	[]														2022_04_29				67
435	[]	False		Diligent-Pop-3424			[]				text	t2_dn0rvxxa	False	False	I just read the order.  It was nice to see the Court not rubber stamp the request and instead rearrange and accelerate the schedule.  All summary judgment briefing will be done by Nov. 15.  And all briefing on motions to exclude experts will be done by Aug. 30.	1f75d3389797b3277ba30b20f50446fd0d6d884b	True	False					0	1651182219		0	{}	i6l5yc0	False	t3_ue46jc	False	True	t3_ue46jc	/r/XRP/comments/ue46jc/judge_torres_has_just_brought_the_schedule_forward/i6l5yc0/	1651182237.0	1.0	True	True	False	XRP	t5_2ruj5	r/XRP	public		0.0	[]														2022_04_29				51
438	[]	False		coachhunter		Gentleman	[{'e': 'text', 't': 'XRP Hodler'}]	07e1063e-6aba-11e8-8fbb-0efb9a871d68	XRP Hodler	dark	richtext	t2_1hjxby03	False	False	"This isn't just a bringing forward, but also a re-arrangement of the dates. The original proposal was to have both motions for summary judgement and to exclude expert testimony start on August 2nd. The Judge instead has said exclusion of expert testimony comes first (starting July 12th), and summary judgement motions later, starting September 13.

Perhaps that is to give time for the Hinman emails issue to be resolves before parties make their full summary judgement arguments."	ba0128e3b36eead36ff1a63a1ea25e1b3602e862	True	False					0	1651179238		0	{}	i6kyplm	False	t3_ue46jc	False	True	t3_ue46jc	/r/XRP/comments/ue46jc/judge_torres_has_just_brought_the_schedule_forward/i6kyplm/	1651179249.0	1.0	True	True	False	XRP	t5_2ruj5	r/XRP	public		0.0	[]														2022_04_29				76
439	[]	False		Mask_of_zoro			[]				text	t2_51vzuz43	False	False	Agree. It is a barren desert üåµ. I understand the importance of the SEC and the timelines but what about news on projects and developments. There was an item on the CoinStats news entitled ‚ÄòRipple is operating as if it has already lost‚Äô- What could this mean for XRP. So let us rebute this	1807feb8df966038655d8021bea8a613c64fe65d	True	False					0	1651178951		0	{}	i6kxzku	False	t3_udm8ij	False	True	t1_i6j73d5	/r/XRP/comments/udm8ij/042822_join_flarexrp_discord/i6kxzku/	1651178968.0	1.0	True	True	False	XRP	t5_2ruj5	r/XRP	public		0.0	[]														2022_04_29				54
440	[]	False		Bronyaur_5tomp			[]				text	t2_c01jd	False	False	Jeremy Hogan is saying she's done this because she wants the case over by the end of the year	57dd7b92d4e98b6a254e0c6225b96b5c965baafa	True	False					0	1651178893		0	{}	i6kxu9t	True	t3_ue46jc	False	True	t1_i6kwxma	/r/XRP/comments/ue46jc/judge_torres_has_just_brought_the_schedule_forward/i6kxu9t/	1651178907.0	1.0	True	True	False	XRP	t5_2ruj5	r/XRP	public		0.0	[]														2022_04_29				19
441	[]	False		Novice89			[]				text	t2_6op0a	False	False	Love it. Hopefully it sounds like she‚Äôs ready to get this over with like the rest of us.	b7d3c9278c165ab2867030ad879ec0ad3422eaa0	True	False					0	1651178532		0	{}	i6kwxma	False	t3_ue46jc	False	True	t3_ue46jc	/r/XRP/comments/ue46jc/judge_torres_has_just_brought_the_schedule_forward/i6kwxma/	1651178545.0	1.0	True	True	False	XRP	t5_2ruj5	r/XRP	public		0.0	[]														2022_04_29				18
443	[]	False		ProperLobsterWhopper			[]				text	t2_izk6fhhd	False	False	Me too, in the literal sense. I get the feeling he might think they are aliens	4c7f724658ec928609566b04c6e1b096507e87c8	True	False					0	1651168915		0	{}	i6k8jwl	False	t3_ud74ja	False	True	t1_i6j9udg	/r/XRP/comments/ud74ja/we_must_realize_that_we_need_to_continually_go/i6k8jwl/	1651168930.0	1.0	True	True	False	XRP	t5_2ruj5	r/XRP	public		0.0	[]														2022_04_29				16
