id	text	subreddit	date	annotator	annotation_id	created_at	updated_at	lead_time	sentiment
187	"Everything you need to know about Astar Network from WASM &amp; EVM smart contract support to Swanky Suite and DApp Staking all made simple in this 101 thread by SubWalletüòåüåüüí™
"	Polkadot	2022_09_10	1	187	2022-11-26T23:38:35.487528Z	2022-11-26T23:38:35.487573Z	5.425	
186	"Introducing SORA Card: A unique self-custodial crypto debit card built for the interoperable future for all parachain tokens
"	Polkadot	2022_09_10	1	186	2022-11-26T23:38:29.782546Z	2022-11-26T23:38:29.782572Z	0.781	
185	"Introducing SORA Card: A unique self-custodial crypto debit card built for the interoperable future for all parachain tokens
"	Polkadot	2022_09_10	1	185	2022-11-26T23:38:28.761997Z	2022-11-26T23:38:28.762023Z	8.43	
184	"Polkadot biweekly: Aventus Network has won the latest parachain lease auction BitCountry Pioneer and‚Ä¶
"	Polkadot	2022_09_10	1	184	2022-11-26T23:38:20.062617Z	2022-11-26T23:38:20.062667Z	9.827	
183	"Is 65k tps the absolute upper limit for Solana over the long term?
I know currently Solana‚Äôs theoretical limit is 65k tps but will that be the absolute max tps forever? Does the max tps also scale over time?"	solana	2022_09_10	1	183	2022-11-26T23:38:09.967407Z	2022-11-26T23:38:09.967458Z	15.564	Knowledge
182	"Now it's official Binance Exchange will list BABY DOGE COIN (BabyDoge) will be launched TODAY
That's huge! Don't miss the opportunity guys!

The official announcement from Binance:

üéâWe are excited to announce that BABY DODGE COIN (BabyDoge) will be launched TODAY on Binance Exchange at 10:00 PM UTC September 9!

üí∞Don‚Äôt miss your chance for a possible 10x

We can still buy BABY DOGE COIN (BabyDoge) on PancakeSwap at a great price:

[https://pancakeswap.finance/swap?BabyDoge=1&amp;outputCurrency=0x20a72ea5955c3ba166f7ddafb6ade3c98efcaf2e](https://pancakeswap.finance/swap?BabyDoge=1&amp;outputCurrency=0x20a72ea5955c3ba166f7ddafb6ade3c98efcaf2e)"	solana	2022_09_10	1	182	2022-11-26T23:37:54.115291Z	2022-11-26T23:37:54.115335Z	11.227	"{""choices"": [""Knowledge"", ""Identity""]}"
181	"Token Name: (VEE NFT) Telegram: https://t.me/ZEENFT_Dc Presale Time: 01/25 19:00 pm - 01/29 17:00 pm Soft/Hard Cap: 300 BNB / 600 BNB Min/Max: 0.02 BNB / 5 BNB Presale Rate: 2 BNB = 560000000000.0 Vee Nft Liquidity: 70% Lockup: 200 days https://t.me/ZEENFT_Dc Website: Veefriends.com
"	solana	2022_09_10	1	181	2022-11-26T23:37:42.627106Z	2022-11-26T23:37:42.627131Z	1.765	
180	"PORTAL: https://t.me/prodevinuportal COMMUNITY OWNEDüî• WE ALL BUILD TOGETHER ü•≥ SAFU‚úÖ LAUNCH DATE SEPT 10 2020üî• The next big change coming to bsc.‚úÖ The next big crypto that will ‚úÖdevelop its own use utility for real world expenses.‚úÖ WE ARE THR CHANGE JOIN USüî•üíé https://prodevinu.finance/
"	solana	2022_09_10	1	180	2022-11-26T23:37:40.589130Z	2022-11-26T23:37:40.589178Z	1.974	
179	"BR1 is starting its closed beta! They are funding accounts with USDC as every kill you get in-game is worth $1 and you spawn for $1!
"	solana	2022_09_10	1	179	2022-11-26T23:37:38.288476Z	2022-11-26T23:37:38.288521Z	14.616	
178	"09/09/22 [Join FlareXRP Discord] - discord.com/invite/FlareXRP
# FlareXRP Discord

\&gt;&gt;&gt; **Invite Link:** [**discord.com/invite/FlareXRP**](https://discord.com/invite/FlareXRP)

**Official Discord for the following Partner Subs:**

* r/XRP
* r/Ripple
* r/FlareNetwork
* r/Songbird
* r/Evernode

**Channels**

1. Announcements
2. News and media
3. ‚ÄãInfographics and visual aids

**Categories**

1. Exchanges &amp; Wallets FinTech DeFi &amp; NFTs Investing Cryptocurrency
2. Interledger Protocol RippleX Polysign
3. XRPL Labs (XUMM) Bifrost D'CENT Exodus and more

**Special Perks for** **FlareXRP Discord server boosters**

 ‚†Ä"	XRP	2022_09_10	1	178	2022-11-26T23:37:23.392414Z	2022-11-26T23:37:23.392441Z	3.113	Knowledge
177	"A 2019 talk by David Schwartz on international payments but still seems relevant today
"	XRP	2022_09_10	1	177	2022-11-26T23:37:19.990765Z	2022-11-26T23:37:19.990812Z	5.757	
176	"Are they trying to US residents from buying XRP?
"	XRP	2022_09_10	1	176	2022-11-26T23:37:13.950377Z	2022-11-26T23:37:13.950422Z	7.109	
175	"Good news for NFT fans. Don't miss the moment!
"	XRP	2022_09_10	1	175	2022-11-26T23:37:06.543396Z	2022-11-26T23:37:06.543431Z	1.137	
174	"Good news for NFT fans. Don't miss the moment!
"	ethereum	2022_09_10	1	174	2022-11-26T23:37:04.895695Z	2022-11-26T23:37:04.895741Z	3.499	
173	"Now it's official Binance Exchange will list BABY DOGE COIN (BabyDoge) will be launched TODAY
"	ethereum	2022_09_10	1	173	2022-11-26T23:37:01.146980Z	2022-11-26T23:37:01.147029Z	14.208	Knowledge
172	"Yep.. again. I have a 8 month old (made during ATH‚Äôs) now this. I‚Äôm being 100% too..
"	ethereum	2022_09_10	1	172	2022-11-26T23:36:46.649856Z	2022-11-26T23:36:46.649901Z	6.409	
171	"why does Paris update use TTD ?
Why does the Paris update use TTD instead of a specified block height? I don't quite get the idea 
Is it to be in time with the Bellatrix update ?
Why the merge isn't providing replay attacks also is it related to smart contract compatibility ?"	ethereum	2022_09_10	1	171	2022-11-26T23:36:39.915821Z	2022-11-26T23:36:39.915847Z	30.815	"{""choices"": [""Support"", ""Trust""]}"
170	"Ethereum Founder Gavin Wood Wrote About Having Sex With A Preteen Girl Dying From AIDS On His Blog. He Says It Was Just ""Fiction""
"	ethereum	2022_09_10	1	170	2022-11-26T23:36:08.783278Z	2022-11-26T23:36:08.783305Z	11.164	Knowledge
169	"For best cashapp methods/ carding/ swiping / methods / bank logs / paypal / cashapp logs Join the Swiping ATMS Eazy Discord Server!
"	Bitcoin	2022_09_10	1	169	2022-11-26T23:35:57.316240Z	2022-11-26T23:35:57.316285Z	5.517	
168	"Best way to learn and invest in crypto currency!
"	Bitcoin	2022_09_10	1	168	2022-11-26T23:35:51.545383Z	2022-11-26T23:35:51.545409Z	4.42	
167	"With New Prime Minister UK Still Wants to Be Crypto Hub: Treasury Official
"	Bitcoin	2022_09_10	1	167	2022-11-26T23:35:46.842208Z	2022-11-26T23:35:46.842292Z	6.767	
166	"USDT transfer time
Why USDT transfers take longer than BTC ?

For those who can help to explain I am very grateful"	Bitcoin	2022_09_10	1	166	2022-11-26T23:35:39.743196Z	2022-11-26T23:35:39.743226Z	35.416	"{""choices"": [""Support"", ""Status""]}"
165	"Satoshi 2010 - I'm sure that in 20 years there will either be very large transaction volume or no volume.
"	Bitcoin	2022_09_10	1	165	2022-11-26T23:35:03.920739Z	2022-11-26T23:35:03.920765Z	3.911	
164	"Question regarding participating in parachain auctions on Binance (BDOT)
"	Polkadot	2022_01_31	1	164	2022-11-26T23:34:59.687928Z	2022-11-26T23:34:59.687955Z	3.214	
163	"Astar staking rewards less than inflation during Staking Festival
"	Polkadot	2022_01_31	1	163	2022-11-26T23:34:56.208323Z	2022-11-26T23:34:56.208376Z	8.041	
162	"FC Barcelona seals deal with Polkadot for 110M USD for nect 5 years
"	Polkadot	2022_01_31	1	162	2022-11-26T23:34:47.908673Z	2022-11-26T23:34:47.908700Z	8.164	Knowledge
161	"On mobile I can't access the discord. As soon as I tap the ‚úì I get this message. And since I can't get verified I can't even message mods. Thoughts?
"	Polkadot	2022_01_31	1	161	2022-11-26T23:34:39.455613Z	2022-11-26T23:34:39.455659Z	10.942	
160	"buy polka dots with paypal balance i just want to buy 1 dot
"	Polkadot	2022_01_31	1	160	2022-11-26T23:34:28.183833Z	2022-11-26T23:34:28.183880Z	10.113	
159	"If two banks are using the XRP ledger aren't they really the same?
"	XRP	2022_01_31	1	159	2022-11-26T23:34:17.734915Z	2022-11-26T23:34:17.734962Z	18.769	
158	"Cross-chain bridge ‚ÄòAllbridge‚Äô Adds Support for XRP Ledger as it‚Äôs 12th chain to bridge to and from
"	XRP	2022_01_31	1	158	2022-11-26T23:33:58.654972Z	2022-11-26T23:33:58.655016Z	5.503	Knowledge
157	"XRP Sold by Ripple Surges 46% in Q4 ($717M) Compared to Previous Quarter
"	XRP	2022_01_31	1	157	2022-11-26T23:33:52.849810Z	2022-11-26T23:33:52.849858Z	5.621	Knowledge
156	"01/30/22 [Join FlareXRP Discord] - discord.com/invite/FlareXRP
# FlareXRP Discord

\&gt;&gt;&gt; **Invite Link:** [**discord.com/invite/FlareXRP**](https://discord.com/invite/FlareXRP)

**Official Discord for the following Partner Subs:**

* r/XRP
* r/Ripple
* r/FlareNetwork
* r/Songbird
* r/FlareFinance
* r/Evernode

**Channels**

1. Announcements
2. News and media
3. ‚ÄãInfographics and visual aids

**Categories**

1. Exchanges &amp; Wallets FinTech DeFi &amp; NFTs Investing Cryptocurrency
2. Interledger Protocol RippleX Polysign
3. XRPL Labs (XUMM) Bifrost D'CENT Exodus and more

**Special Perks for** **FlareXRP Discord server boosters**

 ‚†Ä"	XRP	2022_01_31	1	156	2022-11-26T23:33:46.933346Z	2022-11-26T23:33:46.933371Z	4.002	Knowledge
155	"Anyone have an update on the Solo airdrop? Specifically for Uphold exchange
"	XRP	2022_01_31	1	155	2022-11-26T23:33:42.616367Z	2022-11-26T23:33:42.616414Z	6.371	
154	"How do you get ETH back from WETH
Do you send WETH to [this](https://etherscan.io/address/0xc02aaa39b223fe8d0a0e5c4f27ead9083c756cc2) contract address again?"	ethereum	2022_01_31	1	154	2022-11-26T23:33:35.914356Z	2022-11-26T23:33:35.914402Z	9.365	Knowledge
153	"I made a terrible mistake and sent WETH to WETH's contract address :(
Did I lose all that money?"	ethereum	2022_01_31	1	153	2022-11-26T23:33:26.216468Z	2022-11-26T23:33:26.216495Z	9.621	"{""choices"": [""Knowledge"", ""Support""]}"
152	"Did I just lose half a million dollars by sending WETH to WETH's contract address?
Please tell me that I didn't :(

[https://etherscan.io/tx/0x96a7155b44b77c173e7c534ae1ceca536ba2ce534012ff844cf8c1737bc54921](https://etherscan.io/tx/0x96a7155b44b77c173e7c534ae1ceca536ba2ce534012ff844cf8c1737bc54921)"	ethereum	2022_01_31	1	152	2022-11-26T23:33:16.278936Z	2022-11-26T23:33:16.278964Z	8.453	Support
151	"PLEASE HELP! All of my saitama tokens were stolen today. I never gave out my passphrase to anyone but it was all transferred into this wallet. Is there anyone who can help me?!?
"	ethereum	2022_01_31	1	151	2022-11-26T23:33:07.578190Z	2022-11-26T23:33:07.578244Z	6.255	Support
150	"Saitamask issues
I. Downloaded saitamask yesterday and it was working fine. Now today the app won‚Äôt even open for me. I cleared history cache  etc and it‚Äôs still won‚Äôt load. I turned the phone on and off and still nothing. I also uninstalled it and reinstalled it and still nothing. Anyone else having the issues or know how I can fix them. Please help. I want to buy the lily token that comes out tomorrow according to saitama"	ethereum	2022_01_31	1	150	2022-11-26T23:33:01.048266Z	2022-11-26T23:33:01.048312Z	65.584	"{""choices"": [""Knowledge"", ""Support""]}"
149	"Breaking-up is not the only thing that Greg makes a hash of
"	Bitcoin	2022_01_31	1	149	2022-11-26T23:31:55.171106Z	2022-11-26T23:31:55.171132Z	5.623	
148	"Exchange value vs use value does Bitcoin back itself?
"	Bitcoin	2022_01_31	1	148	2022-11-26T23:31:49.269046Z	2022-11-26T23:31:49.269099Z	13.849	
147	"Divorced but üíØ available for new cubs I‚Äôm looking for a young age I‚Äôm okay financially I‚Äôll take care of you responsibilities
"	Bitcoin	2022_01_31	1	147	2022-11-26T23:31:35.167816Z	2022-11-26T23:31:35.167890Z	69.331	
146	"Is IMF ‚Äòon the wrong side of history‚Äô as it issues yet another warning to El Salvador.
"	Bitcoin	2022_01_31	1	146	2022-11-26T23:30:25.561130Z	2022-11-26T23:30:25.561157Z	13.798	
145	"When to take some of the profits out
I'm new to BTC and I've entered the market not that long ago  question is 

When do I cash out some of the profits from BTC or ETH  What do i do so that if the market goes down i don't lose some of the profits ?Do I sell only the profit made ? Do i sell all and re-enter the market with a limit at a lower price ? the support line maybe ?Do I sell half + profit"	Bitcoin	2022_01_31	1	145	2022-11-26T23:30:11.472489Z	2022-11-26T23:30:11.472514Z	20.251	"{""choices"": [""Knowledge"", ""Identity""]}"
144	"SER where are the Photography NFTs? Americas 2.0 on RMRK &amp; Kusama - SER Have ya Heard? May 10 2022
"	Polkadot	2022_05_11	1	144	2022-11-26T23:29:50.955009Z	2022-11-26T23:29:50.955034Z	4.418	
143	"How To Stake your Polkadot (DOT) on Acala - LDOT Liquid Staking
"	Polkadot	2022_05_11	1	143	2022-11-26T23:29:46.283603Z	2022-11-26T23:29:46.283629Z	210.769	
142	"Why is Polkadots market cap so large and community so small?
"	Polkadot	2022_05_11	1	142	2022-11-26T23:26:15.247993Z	2022-11-26T23:26:15.248018Z	7.958	Knowledge
141	"What are the Top 3 Ethereum Developer Training Programs?
"	Polkadot	2022_05_11	1	141	2022-11-26T23:26:07.028658Z	2022-11-26T23:26:07.028693Z	9.813	
140	"Seen the news? Wanna talk about stablecoin design? Join Hubble Protocol's Town Hall TONIGHT at 5 PM UTC on Discord (link inside)
Hubble Protocol's monthly Town Hall is coming up today. 

We'll be going over:   

What we've accomplished in the past month upcoming releases partnerships and community initiativesü§ù AND OF COURSE stablecoin design and maintaining USDH's peg.

üìÖ Today May 10 üïì 17:00 UTC 

üìç Discord 

 See you thereüëá 

[https://discord.com/events/901231379587670066/968288124260220958](https://discord.com/events/901231379587670066/968288124260220958)"	solana	2022_05_11	1	140	2022-11-26T23:25:56.868796Z	2022-11-26T23:25:56.868853Z	130.305	"{""choices"": [""Power"", ""Identity""]}"
139	"Solana Tokenomics
Please. I am invested in SOL somewhat. I've had a small bag for a while. I am considering investing more while the price has plunged. I've mostly steered clear of investing in SOL since my initial investment primarily because I don't understand the tokenomics. As an investor only how does Solana make me money? I am stuck at the ""no max supply"". I've read through other posts and I'm just not getting it."	solana	2022_05_11	1	139	2022-11-26T23:23:46.233643Z	2022-11-26T23:23:46.233700Z	1602.189	"{""choices"": [""Support"", ""Identity""]}"
138	"Interacting with Raydium and Other AMMs with CLI
Hello everyone. I am a new developer and I'm sure that this is a noob question but I was hoping that I could get some help interacting with Raydium and other AMMs with CLI. Thank you for any help that you can provide!"	solana	2022_05_11	1	138	2022-11-26T22:56:49.195618Z	2022-11-26T22:57:00.114108Z	105.914	"{""choices"": [""Support"", ""Identity""]}"
137	"Just like my mum $ANGEL protects me from the bears
"	solana	2022_05_11	1	137	2022-11-26T22:55:05.376181Z	2022-11-26T22:55:05.376210Z	5.326	
136	"Easiest $5 you‚Äôve ever made just vote in a telegram contest for my brothers entry and send me a screenshot
"	solana	2022_05_11	1	136	2022-11-26T22:54:59.783939Z	2022-11-26T22:54:59.784020Z	4.332	
135	"Luna Foundation Guard Is Now Selling All Of Its Bitcoins To Save UST Peg! What Is Happening?
"	ethereum	2022_05_11	1	135	2022-11-26T22:54:55.202237Z	2022-11-26T22:54:55.202293Z	9.543	
134		ethereum	2022_05_11	1	134	2022-11-26T22:54:45.365285Z	2022-11-26T22:54:45.365310Z	2.911	
133	"Victim of fraud and all I have is wallet address
Hey everyone I could really use some help. Last year I was victim of fraud during a mental health crisis and some fraudsters made me buy eth on my name. I can‚Äôt remember how I got it and all I have is the wallet address: 0xd5624Df2B1a760fe83024A1094C0592a1C0416f4

I‚Äôve just checked and the account has been used a lot and I‚Äôm afraid I might be in trouble in the future for this. Any ideas on how to recover the wallet?"	ethereum	2022_05_11	1	133	2022-11-26T22:54:42.186404Z	2022-11-26T22:54:42.186450Z	106.654	Support
132	"üî•ü§Ø[LUXURY ENS] i-am-rich.eth NOW ON SALE! ü§Øüî•
"	ethereum	2022_05_11	1	132	2022-11-26T22:52:55.279397Z	2022-11-26T22:52:55.279422Z	2.314	
131	"Using Beefy.Finance to earn 10000%+ APY on your crypto holdings
"	ethereum	2022_05_11	1	131	2022-11-26T22:52:52.702390Z	2022-11-26T22:52:52.702417Z	8.798	
130	"This. This is why yield.app is the best cefi platform out there!
"	Bitcoin	2022_05_11	1	130	2022-11-26T22:52:43.651836Z	2022-11-26T22:52:43.651864Z	5.201	
129	"This killed me
&amp;#x200B;

https://preview.redd.it/8rcmfg96ily81.png?width=960&amp;format=png&amp;auto=webp&amp;s=21ba298a9a39b77198d620d272b59bd84cc5c699"	Bitcoin	2022_05_11	1	129	2022-11-26T22:52:38.156291Z	2022-11-26T22:52:38.156336Z	15.335	Fun
128	"How many of you look your portfolio value in terms of BTC?
Since few months now I have had a mental shift where I have moved all my portfolio tracking software to BTC. I end up only tracking how much of BTC I have.

In this market turmoil I thought I would fall back to fiat but I surprisingly I did not. 

I am just wondering am I in minority thinking like this or there is a big majority who measure their portfolio in BTC now?"	Bitcoin	2022_05_11	1	128	2022-11-26T22:52:22.488985Z	2022-11-26T22:52:22.489030Z	151.888	Similarity
127	"If you sign up now get a free $1000 paypal gift card instantly!
"	Bitcoin	2022_05_11	1	127	2022-11-26T22:49:50.280884Z	2022-11-26T22:49:50.280931Z	1.162	
126	"If you sign up now get a free $1000 paypal gift card instantly!üá∫üá≤
"	Bitcoin	2022_05_11	1	126	2022-11-26T22:49:48.823075Z	2022-11-26T22:49:48.823115Z	6.913	
125	"What are bags? Unapplied slashes? Option to cancel ? Reporters? ...I nominated a validator who got slashed. Had 525 DOT and now 250 DOT staked so the 221 from the screenshot doesn't add up
"	Polkadot	2022_03_31	1	125	2022-11-26T22:49:41.645773Z	2022-11-26T22:49:41.645819Z	7.814	Knowledge
124	"Where can I buy/trade/sell native DOT for US user?
"	Polkadot	2022_03_31	1	124	2022-11-26T22:49:33.537954Z	2022-11-26T22:49:33.538000Z	7.631	Support
123	"Polkadot Panel ""Is Polkadot Web3's Pathway To Interoperability?"" - Starting soon at Diffusion.Events
"	Polkadot	2022_03_31	1	123	2022-11-26T22:49:25.578765Z	2022-11-26T22:49:25.578815Z	7.398	Knowledge
122	"Polkadot is in Miami during Bitcoin 2022! April 6 at 2pm EDT join the Miami Beach edition for an 'Introduction to Polkadot' to learn about the advantages of the network hear the latest on the cross-chain bridge connecting Polkadot with Bitcoin as well as hear from speakers from Parity Tech.
"	Polkadot	2022_03_31	1	122	2022-11-26T22:49:17.916321Z	2022-11-26T22:49:17.916366Z	18.039	Knowledge
121	"The recent Ronin Bridge hack once again illustrates the need for secure and future-proof scaling solutions especially those designed to support interoperability between blockchains at the level of consensus. Darwinia Network solves this. #LessTrustMoreTruth #Web3 #Polkadot
"	Polkadot	2022_03_31	1	121	2022-11-26T22:48:59.370939Z	2022-11-26T22:48:59.370987Z	23.174	Knowledge
120	"Phantom wallet
Hi. I have my sol on solflare and it's currently staked with a validator. Is there anyway to like swap from my solflare wallet to Phantom wallet?? I headed some people saying if i import my seed in another wallet it shows my portfolio. Is it true?? I really want to know if i import my solflare seed to Phantom can i really use Phantom wallet??? Please help"	solana	2022_03_31	1	120	2022-11-26T22:48:35.913295Z	2022-11-26T22:48:35.913343Z	133.275	"{""choices"": [""Support"", ""Status""]}"
119	"Vivaion Metaverse is one of the hottest projects on Solana!
"	solana	2022_03_31	1	119	2022-11-26T22:46:22.362707Z	2022-11-26T22:46:22.362818Z	6.349	
118	"Solana Node Updated to the v1.9.12 version
"	solana	2022_03_31	1	118	2022-11-26T22:46:15.634123Z	2022-11-26T22:46:15.634167Z	5.863	Knowledge
117	"Random BG PUNKS V1 collection of 111 unique Punks! Only Private Minting soon! join DiscordüöÄ
"	solana	2022_03_31	1	117	2022-11-26T22:46:09.517837Z	2022-11-26T22:46:09.517916Z	6.178	
116	"Does mSOL I used on port finance as the collateral increasing in value?
I mean as long as it's no longer in my account does staked mSol increases in value when it's loaned?"	solana	2022_03_31	1	116	2022-11-26T22:46:03.068659Z	2022-11-26T22:46:03.068705Z	36.484	Knowledge
115	"XRP/Spark drop? Did this ever get deposited or did I miss something?
"	XRP	2022_03_31	1	115	2022-11-26T22:45:26.322012Z	2022-11-26T22:45:26.322056Z	12.642	
114	"Stunning Bitcoin And Ethereum Statement From Manager of Ripple
"	XRP	2022_03_31	1	114	2022-11-26T22:45:13.427380Z	2022-11-26T22:45:13.427433Z	13.188	
113	"Furious Bitcoiners Call Ripple's Co-Founder 'Judas' for Giving $5M to Greenpeace Climate Campaign | CoinMarketCap
"	XRP	2022_03_31	1	113	2022-11-26T22:44:59.949567Z	2022-11-26T22:44:59.949612Z	16.888	Conflict
112	"Jumbo Ticket believes in giving back to the society. That's why we have created JTT. Jumbo Ticket Trust is an initiative through which we support the needy by keeping aside $1 from every tickets purchased by our customers. Are you ready to make a change? ü•∞‚ù§üòç
"	XRP	2022_03_31	1	112	2022-11-26T22:44:42.737085Z	2022-11-26T22:44:42.737131Z	305.853	"{""choices"": [""Knowledge"", ""Support""]}"
111	"03/30/22 [Join FlareXRP Discord] - discord.com/invite/FlareXRP
# FlareXRP Discord

\&gt;&gt;&gt; **Invite Link:** [**discord.com/invite/FlareXRP**](https://discord.com/invite/FlareXRP)

**Official Discord for the following Partner Subs:**

* r/XRP
* r/Ripple
* r/FlareNetwork
* r/Songbird
* r/FlareFinance
* r/Evernode

**Channels**

1. Announcements
2. News and media
3. ‚ÄãInfographics and visual aids

**Categories**

1. Exchanges &amp; Wallets FinTech DeFi &amp; NFTs Investing Cryptocurrency
2. Interledger Protocol RippleX Polysign
3. XRPL Labs (XUMM) Bifrost D'CENT Exodus and more

**Special Perks for** **FlareXRP Discord server boosters**

 ‚†Ä"	XRP	2022_03_31	1	111	2022-11-26T22:39:36.620196Z	2022-11-26T22:39:36.620224Z	8.185	Knowledge
110	"Made a tool that automatically inserts ETH transactions into google docs for easier storage and processing. PM me to learn more.
"	ethereum	2022_03_31	1	110	2022-11-26T22:39:28.120630Z	2022-11-26T22:39:28.120677Z	318.688	"{""choices"": [""Support"", ""Identity""]}"
109	"Hi guys I have some money locked up on my trustwallet which I really need but I don‚Äôt have any eth to cover the 15$ fee I would really appreciate it if anyone could bless me so I can get the money to pay my rent
"	ethereum	2022_03_31	1	109	2022-11-26T22:34:09.130837Z	2022-11-26T22:34:09.130866Z	31.399	"{""choices"": [""Knowledge"", ""Support"", ""Trust"", ""Identity""]}"
108	"this is how i will look at you if you say Music NFTs are a scam.
"	ethereum	2022_03_31	1	108	2022-11-26T22:33:37.452295Z	2022-11-26T22:33:37.452322Z	9.243	Fun
107	"New NFT Project that could be the next big GEM @metaplayersnfts
"	ethereum	2022_03_31	1	107	2022-11-26T22:33:27.873856Z	2022-11-26T22:33:27.873882Z	14.639	Knowledge
106	"What Is Ethereum 2.0 and Why Does It Matter?
"	ethereum	2022_03_31	1	106	2022-11-26T22:33:12.935992Z	2022-11-26T22:33:12.936041Z	7.483	Knowledge
105	"AIRDROP 5000$ ü§ëü§ë join group telegram https://t.me/smarty_payment_bot?start=1684659639
"	Bitcoin	2022_03_31	1	105	2022-11-26T22:33:05.185197Z	2022-11-26T22:33:05.185223Z	5.374	
104	"I put an order in for $5000 worth of btc at 47240 but then it literally bought $6200 worth and I swear I did not have a previous order in or fat finger anything. Coin base pro literally bought extra bitcoin for me without me wanting to. Its in my order history but not my buy book.
"	Bitcoin	2022_03_31	1	104	2022-11-26T22:32:59.503102Z	2022-11-26T22:32:59.503146Z	157.351	"{""choices"": [""Knowledge"", ""Conflict""]}"
103	"Bitcoin is Fueling Monetary Change ‚Äî Some People Don't Like That - YouTube
"	Bitcoin	2022_03_31	1	103	2022-11-26T22:30:21.804492Z	2022-11-26T22:30:21.804517Z	4.228	
102	"The Crypto Couple fixes Greenpeace's FUD video. Let's all hijack #changethecode on Twitter
"	Bitcoin	2022_03_31	1	102	2022-11-26T22:30:17.275328Z	2022-11-26T22:30:17.275356Z	5.145	
101	"Get PAID For Testing Out Free Apps with EliteZap |
"	Bitcoin	2022_03_31	1	101	2022-11-26T22:30:11.846346Z	2022-11-26T22:30:11.846374Z	4.714	
100	"Ripple/XRP-The Secret Disclosed Jeremy Hogan-What SECvsRipple All About...
"	XRP	2022_07_08	1	100	2022-11-26T22:30:06.774428Z	2022-11-26T22:30:06.774452Z	8.351	
99	"XRP Ledger‚Äôs Latest Milestone Is ‚ÄòActually Huge‚Äô Says Legal Expert Jeremy Hogan
"	XRP	2022_07_08	1	99	2022-11-26T22:29:58.107899Z	2022-11-26T22:29:58.107925Z	12.491	Knowledge
98	"Dogecoin Dogecoin Price Free Dogecoin Wallet Faucet Lottery and Dice!
"	XRP	2022_07_08	1	98	2022-11-26T22:29:45.360565Z	2022-11-26T22:29:45.360592Z	4.924	
97	"Dogecoin Dogecoin Price Free Dogecoin Wallet Faucet Lottery and Dice!
"	XRP	2022_07_08	1	97	2022-11-26T22:29:40.151034Z	2022-11-26T22:29:40.151082Z	6.199	
96	"07/07/22 [Join FlareXRP Discord] - discord.com/invite/FlareXRP
# FlareXRP Discord

\&gt;&gt;&gt; **Invite Link:** [**discord.com/invite/FlareXRP**](https://discord.com/invite/FlareXRP)

**Official Discord for the following Partner Subs:**

* r/XRP
* r/Ripple
* r/FlareNetwork
* r/Songbird
* r/Evernode

**Channels**

1. Announcements
2. News and media
3. ‚ÄãInfographics and visual aids

**Categories**

1. Exchanges &amp; Wallets FinTech DeFi &amp; NFTs Investing Cryptocurrency
2. Interledger Protocol RippleX Polysign
3. XRPL Labs (XUMM) Bifrost D'CENT Exodus and more

**Special Perks for** **FlareXRP Discord server boosters**

 ‚†Ä"	XRP	2022_07_08	1	96	2022-11-26T22:29:33.681159Z	2022-11-26T22:29:33.681191Z	3.093	Knowledge
95	"uni- s (floor 0.035eth) ........... Once this collection is sold out 20% of ETH made will be given to one of the collector who owns atleast one NFT from this collection
"	ethereum	2022_07_08	1	95	2022-11-26T22:29:30.210250Z	2022-11-26T22:29:30.210302Z	21.477	Knowledge
94	"How to download the complete Ethereum blockchain?
Hello all

I would like to conduct a content analysis of the Ethereum blockchain as part of a research project. Ideally I download it so that I can explore the entire dataset using Bigdata methods. At this point my question: How would you proceed to download this almost 800 GByte and which tools are best suited for this?"	ethereum	2022_07_08	1	94	2022-11-26T22:29:08.433599Z	2022-11-26T22:29:08.433646Z	37.081	"{""choices"": [""Knowledge"", ""Support""]}"
93	"Ethereum Transaction Fees Have Dropped To Their Lowest Level Since December 2020
"	ethereum	2022_07_08	1	93	2022-11-26T22:28:31.063220Z	2022-11-26T22:28:31.063274Z	7.755	Knowledge
92	"How to get test large quantities of test ETH?
"	ethereum	2022_07_08	1	92	2022-11-26T22:28:22.964698Z	2022-11-26T22:28:22.964724Z	14.342	Knowledge
91	"lol that ens post name
[https://opensea.io/assets/ethereum/0x57f1887a8bf19b14fc0df6fd9b2acc9af147ea85/91935371695976285802090358007475942732042646073194419906195791053467406774906](https://opensea.io/assets/ethereum/0x57f1887a8bf19b14fc0df6fd9b2acc9af147ea85/91935371695976285802090358007475942732042646073194419906195791053467406774906)"	ethereum	2022_07_08	1	91	2022-11-26T22:28:08.329980Z	2022-11-26T22:28:08.330009Z	4.609	
90	"Bitcoin problems?
just some guy who's really into bitcoin and wants to fix/ improve on **Bitcoin**. What is the current problem with bitcoin what could possibly dramatically help out with the net work I just really want to be a part of helping **Bitcoin** succeed or at least try."	Bitcoin	2022_07_08	1	90	2022-11-26T22:28:03.412340Z	2022-11-26T22:28:03.412367Z	20.153	Support
89	"WaterJug challenge! Save all your change for the next year. Get MONEY! #money #foryou #explore
"	Bitcoin	2022_07_08	1	89	2022-11-26T22:27:42.963016Z	2022-11-26T22:27:42.963050Z	10.491	
88	"Stop saving cash!MAKE MONEY WORK FOR YOU. #money #viral #foryou #bitcoin #explore #viralvideo #video
"	Bitcoin	2022_07_08	1	88	2022-11-26T22:27:32.140652Z	2022-11-26T22:27:32.140707Z	46.279	
87	"This is without a doubt the most embarrassing bitcoin discussion I have ever seen
"	Bitcoin	2022_07_08	1	87	2022-11-26T22:26:45.495875Z	2022-11-26T22:26:45.495901Z	84.797	Conflict
86	"I made a commitment to stack sats this year with a certain end goal in sight. but shit it's getting exhausting. bitcoin life is a hard slog.
"	Bitcoin	2022_07_08	1	86	2022-11-26T22:25:20.380876Z	2022-11-26T22:25:20.380902Z	27.128	Status
85	"Can anyone guide on how to create staking dapp for a solana nft?
"	solana	2022_08_26	1	85	2022-11-26T22:24:52.972284Z	2022-11-26T22:24:52.972309Z	9.21	Support
84	"Build your Solana project with talent you can trust using Freeflow. Get connected with a network of vetted secure blockchain developers to ensure your next launch is smooth and safe!
"	solana	2022_08_26	1	84	2022-11-26T22:24:43.365409Z	2022-11-26T22:24:43.365453Z	353.899	Knowledge
83	"The Best Solana NFT Tools Part I: Matrica Solswatch and SolanaFloor
"	solana	2022_08_26	1	83	2022-11-26T22:18:49.134566Z	2022-11-26T22:18:49.134647Z	63.312	
82	"DeGods' token $DUST is the number #1 trending SPL Token on Solana. Up 100%+ in the last days.
"	solana	2022_08_26	1	82	2022-11-26T22:17:45.514924Z	2022-11-26T22:17:45.514974Z	6.59	Knowledge
81	"theCollege NFTs üé∑ Follow Discord &amp; Twitter NOW to get the FREEMINT Whitelists !! NFT
"	solana	2022_08_26	1	81	2022-11-26T22:17:38.611856Z	2022-11-26T22:17:38.611882Z	31.53	
80	"If WEF adopts XRP as a global currency I don't see it going more than $1USD
"	XRP	2022_08_26	1	80	2022-11-26T22:17:06.763082Z	2022-11-26T22:17:06.763132Z	16.764	
79	"Mark Cuban Slams SEC Chair Gary Gensler for His Take on Crypto
"	XRP	2022_08_26	1	79	2022-11-26T22:16:49.745108Z	2022-11-26T22:16:49.745168Z	21.086	Fun
78	"08/25/22 [Join FlareXRP Discord] - discord.com/invite/FlareXRP
# FlareXRP Discord

\&gt;&gt;&gt; **Invite Link:** [**discord.com/invite/FlareXRP**](https://discord.com/invite/FlareXRP)

**Official Discord for the following Partner Subs:**

* r/XRP
* r/Ripple
* r/FlareNetwork
* r/Songbird
* r/Evernode

**Channels**

1. Announcements
2. News and media
3. ‚ÄãInfographics and visual aids

**Categories**

1. Exchanges &amp; Wallets FinTech DeFi &amp; NFTs Investing Cryptocurrency
2. Interledger Protocol RippleX Polysign
3. XRPL Labs (XUMM) Bifrost D'CENT Exodus and more

**Special Perks for** **FlareXRP Discord server boosters**

 ‚†Ä"	XRP	2022_08_26	1	78	2022-11-26T22:16:28.396321Z	2022-11-26T22:16:28.396385Z	5.103	Knowledge
77	"Full proposal including all details for changing the Flare FLR Token Distribution mechanics have been published!
"	XRP	2022_08_26	1	77	2022-11-26T22:16:22.998861Z	2022-11-26T22:16:22.998887Z	20.727	Knowledge
76	"If I leave my eth in Trezor wallet will I get both the ETHS and ETHW tokens post merge?
"	ethereum	2022_08_26	1	76	2022-11-26T22:16:01.951997Z	2022-11-26T22:16:01.952042Z	315.159	Knowledge
75	"LEDGER ETH GIFT
Hey Ledger peeps I want to gift a kid a ledger nano with ETH loaded on it any ideas if possible and what‚Äôs the best way to do it ?"	ethereum	2022_08_26	1	75	2022-11-26T22:10:46.484655Z	2022-11-26T22:10:46.484681Z	104.042	"{""choices"": [""Knowledge"", ""Trust"", ""Identity""]}"
74	"How to raise seed funding for web 3 start up?
Hey there i am exploring entrepreneurship and trying to startup on a idea which I have pre-planned so now I want to really harness the power of web3  defi and crypto to raise funds and make a good brand out of it. But i am really unaware of how can I raise seed funds since right now i am at idea stage with my startup therefore i would like to know from reddit how can I do it ?  I would appreciate brief description. Thank you"	ethereum	2022_08_26	1	74	2022-11-26T22:09:02.139846Z	2022-11-26T22:09:02.139872Z	64.496	"{""choices"": [""Knowledge"", ""Status"", ""Trust""]}"
73	"Whats the Rockepool staking risk
Hope the community can help me with some perspective.   I know the whole point of the ETH merge is to move to proof of stake. So cool!

If you cant be your own validator and go with one of the popular staking options Rocketpool and get rETH. 

It's right to say your taking risks of the bridge being hacked and losing all your  ETH and could it happen that rETH depegs?

Is there a particular reason why Rocketpool is less vulnerable?"	ethereum	2022_08_26	1	73	2022-11-26T22:07:57.335364Z	2022-11-26T22:07:57.335411Z	74.07	"{""choices"": [""Knowledge"", ""Trust"", ""Identity""]}"
72	"GMX Staking Rewards Calculator
Dear DeFi enthusiasts and GMX fans

I have developed a GMX Staking Calculator which should simply show you how much esGMX + ETH Rewards you are earning from staking the GMX Token.

The GMX Calculator is based on live-data from the gmx exchange and uses the 7-day-average of fee revenue which gets distributed to GMX holders.

Check out the GMX Calculator: [GmxStaking.com](https://GmxStaking.com)

Please let me know any suggestions/feedback so I can improve the website or add new features!"	ethereum	2022_08_26	1	72	2022-11-26T22:06:42.956720Z	2022-11-26T22:06:42.956747Z	20.616	"{""choices"": [""Knowledge"", ""Support"", ""Power"", ""Trust""]}"
71	"Indian OTC: India‚Äôs First Cryptocurrency Exchange That Allows You To Invest Into Tokenized Funds Making bitcoin available for every Indian.
"	Bitcoin	2022_08_26	1	71	2022-11-26T22:06:21.988017Z	2022-11-26T22:06:21.988066Z	142.943	Knowledge
70	"Bitcoin and crypto adoption:
Country                Users ‚Äî‚Äî‚Äî‚Äî‚Äî‚Äî‚Äî‚Äî‚Äî‚Äî‚Äî‚Äî

üì∑ USA            46 million 

üì∑ India            27 million 

üì∑ Pakistan     26 million 

üì∑ Nigeria        22 million 

üì∑ Vietnam      20 million 

üì∑ China          20 million 

üì∑ Brazil           16 million 

üëáüëáüëáüëáüëáüëáüëáüëáüëáüëáüëáüëá

[https://twitter.com/jon\_Favr/status/1562716646686334977](https://twitter.com/jon_Favr/status/1562716646686334977)"	Bitcoin	2022_08_26	1	70	2022-11-26T22:03:58.770306Z	2022-11-26T22:03:58.770341Z	174.842	Knowledge
69	"Cake wallet?
Does anyone know the best way to get someone to send bitcoin from binance to my wallet? It says a minimum of 0.001 btc to send with btc network. Can I change this to other networks and still get my money on cake wallet?"	Bitcoin	2022_08_26	1	69	2022-11-26T22:01:03.636906Z	2022-11-26T22:01:03.636932Z	13.937	"{""choices"": [""Knowledge"", ""Support"", ""Trust""]}"
68	"Crypto ATM Firm to Go Public with $885M SPAC Deal
"	Bitcoin	2022_08_26	1	68	2022-11-26T22:00:49.409835Z	2022-11-26T22:00:49.409882Z	5.048	
67	"Why does digital currency thrive these days?
[Cryptocurrency](https://fullhouseclubs.com/cryptocurrency-payment-review) is the PRESENT and the FUTURE but how long?   


\#thingsthatmakeyougohmm #cryptocurrencypayments #digitalcurrency"	Bitcoin	2022_08_26	1	67	2022-11-26T22:00:43.974443Z	2022-11-26T22:00:43.974493Z	219.598	Knowledge
66	"Bonus Episode with Jusup11 Host of the Alpha Podcast w/ NVRLand Labs - Space Monkeys Podcast 064
"	Polkadot	2022_07_18	1	66	2022-11-26T21:57:04.063111Z	2022-11-26T21:57:04.063142Z	326.63	Knowledge
65	"Too busy to stay updated on Astar? Here is a 5 min TLDR of the weeks news to help you stay informed.
"	Polkadot	2022_07_18	1	65	2022-11-26T21:51:37.096460Z	2022-11-26T21:51:37.096499Z	78.86	Knowledge
64	"W3F Grant Recipient Prosopo founder Chris Taylor Talks Battling Bots @ Polkadot Decoded 2022 Berlin.
"	Polkadot	2022_07_18	1	64	2022-11-26T21:50:17.983451Z	2022-11-26T21:50:17.983499Z	5.528	Knowledge
63	"Help
anyone know a platform for using NFTs to vote on proposals?"	solana	2022_07_18	1	63	2022-11-26T21:50:12.163807Z	2022-11-26T21:50:12.163854Z	8.924	Support
62	"Solana Mobile Saga. Who is this phone for?
Now I'm not a genius or any kind of fanboy when I comes to new phones or Web3 topics. For the last few weeks I saw this project all over my social media and know I want to ask:
- Who is this phone for? And why is it worth to upgrade to a Web3 phone?"	solana	2022_07_18	1	62	2022-11-26T21:50:02.910361Z	2022-11-26T21:50:02.910389Z	249.355	
61	"Why is the majority of SOL not liquid staked?
Over 95% of staked SOL is delegated to individual validators instead of with a liquid stake pool. There are real risks to liquid
stake pools (risk of depeg namely) but also real risks to delegating to a single validator (slashing namely). So why is the proportion so skewed?

[View Poll](https://www.reddit.com/poll/w16k16)"	solana	2022_07_18	1	61	2022-11-26T21:45:53.267884Z	2022-11-26T21:45:53.267911Z	26.155	Knowledge
60	"Finalized (MAX confirmations)
hey there

&amp;#x200B;

I am not able to mint error message:  Finalized (MAX confirmations) 

&amp;#x200B;

Anyone knows whats going on?

&amp;#x200B;

Thanks"	solana	2022_07_18	1	60	2022-11-26T21:45:26.784195Z	2022-11-26T21:45:26.784224Z	184.261	"{""choices"": [""Knowledge"", ""Support"", ""Trust""]}"
59	"ETH-heads when you tell them you like Solana cos the fees are low
"	solana	2022_07_18	1	59	2022-11-26T21:42:22.255403Z	2022-11-26T21:42:22.255448Z	132.976	Fun
58	"Help! Lost my ETH. Sent on Cronos beta network. Any ideas about how to recover
"	ethereum	2022_07_18	1	58	2022-11-26T21:40:09.011176Z	2022-11-26T21:40:09.011204Z	11.814	Support
57	"üéÅNFT MINT. ONLY 1000 NFTs. Floor price is 0.31 ETH!üéÅ
"	ethereum	2022_07_18	1	57	2022-11-26T21:39:56.909771Z	2022-11-26T21:39:56.909798Z	13.952	Power
56	"Is there a crypto company doing what fiverr does?
"	ethereum	2022_07_18	1	56	2022-11-26T21:39:42.678538Z	2022-11-26T21:39:42.678584Z	3.497	Knowledge
55	"Is there a crypto company doing what fiverr does?
 **Is there a crypto company doing what fiverr does?**    


Fiverr is really good for freelancing.  Is there currently a site fiverr offering to do business with crypto payments?

  
Thanks"	ethereum	2022_07_18	1	55	2022-11-26T21:39:38.872840Z	2022-11-26T21:39:38.872892Z	21.215	Knowledge
54	"Otherside.xyz uses Stadia's tech to stream the game on the browser
Basically the title details here if required (my own post): [https://www.reddit.com/r/Stadia/comments/w0xsm7/big\_news\_othersidexyz\_yuga\_uses\_google\_cloud/](https://www.reddit.com/r/Stadia/comments/w0xsm7/big_news_othersidexyz_yuga_uses_google_cloud/)"	ethereum	2022_07_18	1	54	2022-11-26T21:39:17.328379Z	2022-11-26T21:39:17.328406Z	112.241	Knowledge
53	"Is it true that in Russia ...
... It is prohibited to transfer or accept digital financial assets as a consideration for transferred goods performed works rendered services as well as in any other way that allows one to assume payment for goods (works services) by a digital financial asset except as otherwise provided by federal laws."	Bitcoin	2022_07_18	1	53	2022-11-26T21:37:24.807756Z	2022-11-26T21:37:24.807794Z	28.96	Knowledge
52	"My purpose in life is to troll buttcoin posts
"	Bitcoin	2022_07_18	1	52	2022-11-26T21:36:55.532642Z	2022-11-26T21:36:55.532668Z	259.008	"{""choices"": [""Identity"", ""Fun""]}"
51	"[serious] I‚Äôm a set it and forget it type of person. I had crypto on voyager and I‚Äôm just hearing about it. Can someone ELI5?
I understand they declared bankruptcy what does that mean for my crypto? Is it gone? Is the company doing something to repay us or am I shit out of luck?"	Bitcoin	2022_07_18	1	51	2022-11-26T21:32:36.133776Z	2022-11-26T21:32:36.133822Z	36.038	"{""choices"": [""Knowledge"", ""Support"", ""Trust""]}"
50	"any way to purchase BTC anonymously?
i dont like giving big companies my personal ID and shit and i wanna know if theres an anonymous way 2 do this"	Bitcoin	2022_07_18	1	50	2022-11-26T21:31:59.765028Z	2022-11-26T21:31:59.765054Z	41.682	"{""choices"": [""Knowledge"", ""Trust""]}"
49	"Anyone trying to make a quick $500 in NY at Home ? Add my snap I got you queenbean326
"	Bitcoin	2022_07_18	1	49	2022-11-26T21:31:17.730453Z	2022-11-26T21:31:17.730478Z	77.874	"{""choices"": [""Knowledge"", ""Power""]}"
48	"Web3 Foundation asserts DOT is not a security after 3 years of meetings with the SEC
"	Polkadot	2022_11_06	1	48	2022-11-26T21:29:59.498983Z	2022-11-26T21:29:59.499009Z	74.719	Knowledge
47	"Polkadot at the Bear Market San Fransisco Blockchain Week - SER Have ya Heard?
"	Polkadot	2022_11_06	1	47	2022-11-26T21:28:44.444917Z	2022-11-26T21:28:44.444943Z	35.628	Knowledge
46	"Ripple Struggles above $0.44 as Bears Threaten to Short
"	XRP	2022_11_06	1	46	2022-11-26T21:28:08.523901Z	2022-11-26T21:28:08.523954Z	12.503	"{""choices"": [""Knowledge"", ""Identity"", ""Fun""]}"
45	"Who has an ELLIPAL wallet? I have money trapped in usdc and want to sell it but it‚Äôs saying I need mining fees? I thought you didn‚Äôt need to pay for usdc?
"	XRP	2022_11_06	1	45	2022-11-26T21:27:55.728072Z	2022-11-26T21:27:55.728099Z	23.141	Knowledge
44	"First culture marketplace. Create Buy Sell Explore Images Memes and GIFs
"	XRP	2022_11_06	1	44	2022-11-26T21:27:32.245625Z	2022-11-26T21:27:32.245671Z	63.451	Knowledge
43	"ALCHEMY CRYPTO CYPHER 11/4/22 XRP NEWS &amp; MUCH MORE!
"	XRP	2022_11_06	1	43	2022-11-26T21:26:28.457193Z	2022-11-26T21:26:28.457237Z	6.394	Knowledge
42	"11/05/22 [Join XRPLounge Discord] - discord.com/invite/XRPLounge
# XRPLounge Discord

\&gt;&gt;&gt; **Invite Link:** [discord.com/invite/XRPLounge](https://discord.com/invite/XRPLounge)

**Official Discord for the following Partner Subs:**

* r/XRP
* r/Ripple
* r/FlareNetwork
* r/Songbird
* r/Evernode

**Channels**

1. Announcements
2. News and media
3. ‚ÄãInfographics and visual aids

**Categories**

1. Exchanges &amp; Wallets FinTech DeFi &amp; NFTs Investing Cryptocurrency
2. Interledger Protocol RippleX Polysign
3. XRPL Labs (XUMM) Bifrost D'CENT Exodus and more

**Special Perks for** **XRPLounge Discord server boosters**

 ‚†Ä"	XRP	2022_11_06	1	42	2022-11-26T21:26:21.678897Z	2022-11-26T21:26:21.678946Z	4.037	Knowledge
41	"Where can i buy safely buy Ethereum without the transaction getting cancelled by my bank
"	ethereum	2022_11_06	1	41	2022-11-26T21:26:17.257231Z	2022-11-26T21:26:17.257282Z	17.83	"{""choices"": [""Knowledge"", ""Trust""]}"
40	"Where can i buy safely buy Ethereum without the transaction getting cancelled by my bank
As i am a minor its quite hard for me to access safe websites to buy from without the transaction being rejected by my bank"	ethereum	2022_11_06	1	40	2022-11-26T21:25:59.074392Z	2022-11-26T21:25:59.074419Z	77.123	"{""choices"": [""Knowledge"", ""Trust""]}"
39	"looking for ethereum and bitcoin olny wallet
hello guys I'm looking for ethereum and bitcoin only wallet. I've got mycelium but it shows no network connection at the ethereum wallet most of the times. and the error is a yellow triangle with and exclamation mark. I'm using andoid.

thanks"	ethereum	2022_11_06	1	39	2022-11-26T21:24:41.623042Z	2022-11-26T21:24:41.623088Z	85.476	"{""choices"": [""Knowledge"", ""Trust""]}"
38	"take a look I think it's worth it the bidding war is starting üòÅ
"	ethereum	2022_11_06	1	38	2022-11-26T21:23:15.823649Z	2022-11-26T21:23:15.823693Z	326.508	Fun
37	"I have a question can anybody send me 10‚Ç¨ worth of Ethereum and I give u a paysafe card. Sounds strange but you would help me a lot üôè
"	ethereum	2022_11_06	1	37	2022-11-26T21:17:49.024139Z	2022-11-26T21:17:49.024166Z	28.785	"{""choices"": [""Support"", ""Trust"", ""Identity""]}"
36	"Is Blockchain Really Necessary?
After a short period of development and especially after the industrial revolution people have a clear perception of the finiteness of the earth's resources.

To solve this problem people have created the Internet an infinite resource space. But is the Internet really infinite and is that infinity good or bad?

Blockchain is one of the next development solutions of the Internet. What effect does Blockchain have for the development of the Internet and is it really the inevitable development of the Internet?"	Bitcoin	2022_11_06	1	36	2022-11-26T21:17:19.875291Z	2022-11-26T21:17:19.875343Z	1625.412	Trust
35	"Fed is not slowing down with BTC Gandalf - State of Bitcoin Ep. 47
"	Bitcoin	2022_11_06	1	35	2022-11-26T20:50:14.128305Z	2022-11-26T20:50:14.128331Z	8.525	Knowledge
34	"What's the value of an infinitely tall stack of $1 bills?
"	Bitcoin	2022_11_06	1	34	2022-11-26T20:50:05.286507Z	2022-11-26T20:50:05.286534Z	12.724	Fun
33	"You MUST see this AI generated video on Grimes lyrics - Delicate Weapon Cyberpunk !!
"	Bitcoin	2022_11_06	1	33	2022-11-26T20:49:52.236204Z	2022-11-26T20:49:52.236249Z	93.272	Power
32	"Join crypto today by earning massive profits dailyweeklymonthly contact me for more details
"	Bitcoin	2022_11_06	1	32	2022-11-26T20:48:18.640152Z	2022-11-26T20:48:18.640198Z	30.152	Power
31	"Play-to-Earn Buy NFT Miners and Create Passive Crypto Income by Mining Online BTC ETH BNB MATIC DOGE SOL
"	Polkadot	2022_07_20	1	31	2022-11-26T20:47:48.199640Z	2022-11-26T20:47:48.199687Z	10.152	Knowledge
30	"07/19/22 [Join FlareXRP Discord] - discord.com/invite/FlareXRP
# FlareXRP Discord

\&gt;&gt;&gt; **Invite Link:** [**discord.com/invite/FlareXRP**](https://discord.com/invite/FlareXRP)

**Official Discord for the following Partner Subs:**

* r/XRP
* r/Ripple
* r/FlareNetwork
* r/Songbird
* r/Evernode

**Channels**

1. Announcements
2. News and media
3. ‚ÄãInfographics and visual aids

**Categories**

1. Exchanges &amp; Wallets FinTech DeFi &amp; NFTs Investing Cryptocurrency
2. Interledger Protocol RippleX Polysign
3. XRPL Labs (XUMM) Bifrost D'CENT Exodus and more

**Special Perks for** **FlareXRP Discord server boosters**

 ‚†Ä"	XRP	2022_07_20	1	30	2022-11-26T20:47:37.782548Z	2022-11-26T20:47:37.782593Z	10.049	Knowledge
29	"Thinking of Investing in $XRP Coin? Insanely CHEAP Prices ($XRP &amp; SEC Lawsuit Update)
"	XRP	2022_07_20	1	29	2022-11-26T20:47:27.428293Z	2022-11-26T20:47:27.428340Z	10.886	Trust
28	"Subcommittee on Investor Protection Entrepreneurship and Capital Markets Grills SEC Enforcement Director
"	XRP	2022_07_20	1	28	2022-11-26T20:47:16.298379Z	2022-11-26T20:47:16.298442Z	7.475	
27	"Ripple is one of the few cryptos supposedly compliant with ISO 20022
"	XRP	2022_07_20	1	27	2022-11-26T20:47:08.540139Z	2022-11-26T20:47:08.540189Z	10.512	Knowledge
26	"Sologenic check it out if you haven‚Äôt low market cap gem!!!! Easy 100 times returned and it‚Äôs built on XRP!!!
"	XRP	2022_07_20	1	26	2022-11-26T20:46:57.717001Z	2022-11-26T20:46:57.717026Z	11.823	Knowledge
25	"I admittedly don‚Äôt know much about the topic but I am wondering if Quantum Computing will destroy the crypto market as we know it today. Will Ethereum 2.0 be resistant to Quantum attacks? Is it smart to invest in both crypto and Quantum Computing stocks?
"	ethereum	2022_07_20	1	25	2022-11-26T20:46:43.178750Z	2022-11-26T20:46:43.178777Z	1.635	Trust
20	"New ath in 2023?
It seems like a new ath for this year is pretty much impossible. I see some bears here and elsewhere saying that it will take till 2025 and even 2026 to see a new ath. Would it be reasonable to hope for a new ath next year or is that just a fantasy? What are the chances we see one next year?"	Bitcoin	2022_07_20	1	20	2022-11-26T20:44:33.253629Z	2022-11-26T20:46:37.432572Z	29.212999999999997	"{""choices"": [""Knowledge"", ""Trust""]}"
24	"Crypto asset manager Valkyrie looks to raise $30M for its new VC arm
"	ethereum	2022_07_20	1	24	2022-11-26T20:45:15.968784Z	2022-11-26T20:45:15.968812Z	7.377	Knowledge
23	"Building a way to discover new dapps everyday what do you guys think ?
"	ethereum	2022_07_20	1	23	2022-11-26T20:45:08.320602Z	2022-11-26T20:45:08.320627Z	11.536	
22	"Crypto more popular than mutual funds among millennials survey shows
"	ethereum	2022_07_20	1	22	2022-11-26T20:44:56.458641Z	2022-11-26T20:44:56.458666Z	13.13	Knowledge
21	"Three Arrows Capital (3AC) Su Zhu and Kyle Davies may have purchased a $50 million yacht with borrowed funds
"	ethereum	2022_07_20	1	21	2022-11-26T20:44:43.003367Z	2022-11-26T20:44:43.003395Z	9.464	Knowledge
19	"Total cryptocurrency market cap returns to $1 trillion! Bitcoin stands at $22000 Ether surges to $1500
"	Bitcoin	2022_07_20	1	19	2022-11-26T20:44:06.069297Z	2022-11-26T20:44:06.069326Z	3.469	Knowledge
18	"Total cryptocurrency market cap returns to $1 trillion! Bitcoin stands at $22000 Ether surges to $1500
"	Bitcoin	2022_07_20	1	18	2022-11-26T20:44:02.296201Z	2022-11-26T20:44:02.296227Z	14.185	Knowledge
17	"Bitcoin
Let's all come in and discuss. Some people say the bull market is coming what do you think?"	Bitcoin	2022_07_20	1	17	2022-11-26T20:43:47.775587Z	2022-11-26T20:43:47.775632Z	29.054	"{""choices"": [""Knowledge"", ""Identity""]}"
16	"Scaramucci Halts Withdrawals in a Fund After Stock Crypto Swoon
"	Bitcoin	2022_07_20	1	16	2022-11-26T20:43:18.428597Z	2022-11-26T20:43:18.428640Z	7.401	Knowledge
15	"SOL/USDC: 123% APR on orca whirlpool but 13.1% on raydium ?
I mainly use raydium but today i decided that i will add some ORCA to my bag of SPL token that why i went directly on orca website and i noticed this difference.

Both are calculate based on the last 24h

Do somebody now why is it like that ? Because then i should move all my SOL/USDC to Orca whirlpool instead of classic pool"	solana	2022_08_01	1	15	2022-11-26T20:43:10.709065Z	2022-11-26T20:43:10.709091Z	39.4	Knowledge
14	"Solana space stores will attract 100k users to the Solana blockchain monthly! - CEO of Solana. Is the Solana space stores capable of attracting 100k users monthly?
"	solana	2022_08_01	1	14	2022-11-26T20:42:30.970707Z	2022-11-26T20:42:30.970747Z	25.337	"{""choices"": [""Knowledge"", ""Status""]}"
13	"Solana blockchain shows a higher decentralization than other major blockchains in the crypto sector. Is Solana blockchain more centralized than decentralized?
"	solana	2022_08_01	1	13	2022-11-26T20:42:05.343624Z	2022-11-26T20:42:05.343653Z	22.895	Knowledge
12	"Solana candy machine (sugar) mainnet is not working - please help
"	solana	2022_08_01	1	12	2022-11-26T20:41:42.126552Z	2022-11-26T20:41:42.126597Z	11.85	Fun
11	"""How To Get Rich With Bitcoin Even If You Have No Clue About Technology""
"	solana	2022_08_01	1	11	2022-11-26T20:41:29.935003Z	2022-11-26T20:41:29.935046Z	15.677	
10	"this is the beginning. I am the definition of army. this game ended long time ago. this is war. I am a victim ""Remote Nueral Monitoring"" you wanna know more?
"	XRP	2022_08_01	1	10	2022-11-26T20:41:13.966925Z	2022-11-26T20:41:13.966951Z	44.507	"{""choices"": [""Identity"", ""Fun""]}"
9	"Do banks have to buy Xrp to use the ODL service.
"	XRP	2022_08_01	1	9	2022-11-26T20:40:29.172622Z	2022-11-26T20:40:29.172666Z	6.908	Knowledge
8	"New XRPL DEX application receives $100K in XRPL Grants - Digital Journal
"	XRP	2022_08_01	1	8	2022-11-26T20:40:21.974043Z	2022-11-26T20:40:21.974070Z	7.976	Knowledge
7	"New XRPL DEX application receives $100K in XRPL Grants - Digital Journal
"	XRP	2022_08_01	1	7	2022-11-26T20:40:13.714140Z	2022-11-26T20:40:13.714186Z	7.291	Knowledge
6	"07/31/22 [Join FlareXRP Discord] - discord.com/invite/FlareXRP
# FlareXRP Discord

\&gt;&gt;&gt; **Invite Link:** [**discord.com/invite/FlareXRP**](https://discord.com/invite/FlareXRP)

**Official Discord for the following Partner Subs:**

* r/XRP
* r/Ripple
* r/FlareNetwork
* r/Songbird
* r/Evernode

**Channels**

1. Announcements
2. News and media
3. ‚ÄãInfographics and visual aids

**Categories**

1. Exchanges &amp; Wallets FinTech DeFi &amp; NFTs Investing Cryptocurrency
2. Interledger Protocol RippleX Polysign
3. XRPL Labs (XUMM) Bifrost D'CENT Exodus and more

**Special Perks for** **FlareXRP Discord server boosters**

 ‚†Ä"	XRP	2022_08_01	1	6	2022-11-26T20:40:06.103924Z	2022-11-26T20:40:06.103970Z	29.266	Knowledge
5	"Slowly then all at once: Major Israeli credit card provider launches Bitcoin rewards card (spare me the anti-Israel BS)
"	Bitcoin	2022_08_01	1	5	2022-11-26T20:39:36.535907Z	2022-11-26T20:39:36.535933Z	32.441	"{""choices"": [""Knowledge"", ""Conflict""]}"
4	"Finally got an Online job after waiting for months ....
I was depressed from 5 months as i applied for many jobs but rejected from all ... Then I tried to apply for an online job and eventually a website hired me . Fast forward to now I am employed from a month and got a payout of $3700 this month....
Don't worry you will also get a good job soon ..
For your curiosity i found the job [here](https://linktr.ee/free_jobs_) ."	Bitcoin	2022_08_01	1	4	2022-11-26T20:39:03.796668Z	2022-11-26T20:39:03.796715Z	3931.645	"{""choices"": [""Knowledge"", ""Support"", ""Status"", ""Identity""]}"
3	"Question about Sparrow wallet coinjoin.
How many coinjoin mixes is sufficient? Is 3 or 4 the sweet spot or would more mixes be required?"	Bitcoin	2022_08_01	1	3	2022-11-26T19:33:31.884893Z	2022-11-26T19:33:31.884921Z	27.372	"{""choices"": [""Knowledge"", ""Support""]}"
2	"Bull24coin .com legit?
Has anyone heard of or used this platform?"	Bitcoin	2022_08_01	1	2	2022-11-26T19:33:04.221858Z	2022-11-26T19:33:04.221905Z	34.815	"{""choices"": [""Knowledge"", ""Trust""]}"
1	"An interesting Bitcoin read from 2011. This guy must be a time traveler!
"	Bitcoin	2022_08_01	1	1	2022-11-26T19:32:29.087108Z	2022-11-26T19:32:29.087158Z	42.554	"{""choices"": [""Knowledge"", ""Fun"", ""Conflict""]}"
