Unnamed: 0	all_awardings	archived	associated_award	author	author_flair_background_color	author_flair_css_class	author_flair_richtext	author_flair_template_id	author_flair_text	author_flair_text_color	author_flair_type	author_fullname	author_patreon_flair	author_premium	body	body_sha1	can_gild	collapsed	collapsed_because_crowd_control	collapsed_reason	collapsed_reason_code	comment_type	controversiality	created_utc	distinguished	gilded	gildings	id	is_submitter	link_id	locked	no_follow	parent_id	permalink	retrieved_utc	score	score_hidden	send_replies	stickied	subreddit	subreddit_id	subreddit_name_prefixed	subreddit_type	top_awarded_type	total_awards_received	treatment_tags	unrepliable_reason	corpus	support	knowledge	conflict	power	similarity	fun	status	trust	identity	romance
0	[]	False		Nachann26			[]				text	t2_34dnv4h8	False	False	"The form DOES NOT require you to log in with your email: that's Google doing its own marketing thing. üôÑ

The form DOES ask for your email address so that you can be contacted back if shortlisted, as explained in the Application form's disclaimer."	db73daaf29b74a2d63188d715c5f53125e09a667	True	False					0	1667000209		0	{}	iu6pmhy	False	t3_yffbq2	False	True	t1_iu621y8	/r/Polkadot/comments/yffbq2/i_want_to_join_a_project_related_with_polkadot/iu6pmhy/	1667000219	1	False	True	False	Polkadot	t5_2ublt	r/Polkadot	public		0	[]		the form does not require you to log in with your email that s google doing its own marketing thing the form does ask for your email address so that you can be contacted back if shortlisted as explained in the application form s disclaimer 	0.0039482577703893185	0.9882665276527405	0.013606101274490356	0.02007000520825386	0.009224331937730312	0.5435705780982971	0.08910068869590759	8.652380074636312e-07	0.3688114583492279	0.0032144011929631233
1	[]	False		easer888			[]				text	t2_1mt1v4a9	False	False	I see technical writer and specialist writer, which probably is where I can fit, the form requires to log with my email....which is pretty strange....	029f4d15538970dacac215eb433bf9be7b9776be	True	False					0	1666989472		0	{}	iu621y8	True	t3_yffbq2	False	True	t1_iu3jviu	/r/Polkadot/comments/yffbq2/i_want_to_join_a_project_related_with_polkadot/iu621y8/	1666989489	1	False	True	False	Polkadot	t5_2ublt	r/Polkadot	public		0	[]		i see technical writer and specialist writer which probably is where i can fit the form requires to log with my email which is pretty strange 	0.018250765278935432	0.9713115692138672	0.0038573364727199078	0.01371608767658472	0.3105188012123108	0.7005405426025391	0.09632649272680283	0.042495351284742355	0.4572046399116516	0.04193068668246269
2	[]	False		stupidcupid112			[]				text	t2_a3zswfod	False	False	I think I got it mixed up, definitely moonbeam	f0bcb3f7799c60d721d6c3eac7ce0248e52ea1ae	True	False					0	1666943250		0	{}	iu3h1qi	False	t3_yezic6	False	True	t1_iu3guyi	/r/Polkadot/comments/yezic6/which_parachain_would_you_consider_the_best_to/iu3h1qi/	1666943266	1	False	True	False	Polkadot	t5_2ublt	r/Polkadot	public		0	[]		i think i got it mixed up definitely moonbeam	0.45032522082328796	0.2360338717699051	0.2627667784690857	0.09499062597751617	0.5746637582778931	0.7653489708900452	0.5537524223327637	0.676435649394989	0.3972598910331726	0.022863496094942093
3	[]	False		_scrapegoat_			[]				text	t2_8ztgjz5j	False	False	Movr over glmr?	400b15d5689ef51d9d8bc1b447b3fb7058a00e38	True	False					0	1666943088		0	{}	iu3guyi	True	t3_yezic6	False	True	t1_iu3ejte	/r/Polkadot/comments/yezic6/which_parachain_would_you_consider_the_best_to/iu3guyi/	1666943099	1	False	True	False	Polkadot	t5_2ublt	r/Polkadot	public		0	[]		movr over glmr 	0.44917234778404236	0.5670884847640991	0.5297877192497253	0.43350842595100403	0.4317375421524048	0.16150355339050293	0.4670479893684387	0.4773017168045044	0.47319692373275757	0.1787661612033844
4	[]	False		cr0n_dist0rti0n			[]				text	t2_10541y	False	False	"Well I suppose you could start by learning Rust. I mean there is no like golden route here or magic oil or something. Just follow your passion I suppose and be willing to put in the hard work. That said Rust would be a good place to start. 

https://www.rust-lang.org/learn"	feb85ab2adf5af019df2113e8bfd1bd9d18dce33	True	False					0	1666942884		0	{}	iu3gmcl	False	t3_yffbq2	False	True	t3_yffbq2	/r/Polkadot/comments/yffbq2/i_want_to_join_a_project_related_with_polkadot/iu3gmcl/	1666942900	1	False	True	False	Polkadot	t5_2ublt	r/Polkadot	public		0	[]		well i suppose you could start by learning rust i mean there is no like golden route here or magic oil or something just follow your passion i suppose and be willing to put in the hard work that said rust would be a good place to start https www rust lang org learn	0.028722651302814484	0.9881551265716553	0.3105311393737793	0.02718271315097809	0.6835508942604065	0.44396206736564636	0.08929043263196945	8.400357955906657e-07	0.30836963653564453	0.002996249822899699
5	[]	False		stupidcupid112			[]				text	t2_a3zswfod	False	False	Moonriver	22c60f891c11e261fb2f1eeb3768f3e724704adf	True	False					0	1666941119		0	{}	iu3ejte	False	t3_yezic6	False	True	t3_yezic6	/r/Polkadot/comments/yezic6/which_parachain_would_you_consider_the_best_to/iu3ejte/	1666941130	1	False	True	False	Polkadot	t5_2ublt	r/Polkadot	public		0	[]		moonriver	0.4630463123321533	0.5352395176887512	0.5132561326026917	0.4709847569465637	0.4710223376750946	0.1883898675441742	0.5097541809082031	0.4854360520839691	0.4908806383609772	0.4087046682834625
6	[]	False		easer888			[]				text	t2_1mt1v4a9	False	False	I have worked as a tester, but mostly with hardware and some setups for surveillance tests but for some automotive sensors, for Audi for example, ford, also have a Quality background, but is more focus on documentation	0c1bf11db5559e1d65975de0b47ece813d9504ee	True	False					0	1666983732		0	{}	iu5o4wi	True	t3_yffbq2	False	True	t1_iu5mlzi	/r/Polkadot/comments/yffbq2/i_want_to_join_a_project_related_with_polkadot/iu5o4wi/	1666983751	1	False	True	False	Polkadot	t5_2ublt	r/Polkadot	public		0	[]		i have worked as a tester but mostly with hardware and some setups for surveillance tests but for some automotive sensors for audi for example ford also have a quality background but is more focus on documentation	0.0337841659784317	0.9880474805831909	0.016378607600927353	0.02417055331170559	0.7017495036125183	0.2733136713504791	0.13120917975902557	8.475792014905892e-07	0.4383091628551483	0.020950626581907272
7	[]	False		dtdid			[]				text	t2_g66jh	False	False	What skills/experience DO you have or would you like to improve by putting the learning to in practice?	5e0ca3288afd7317ba28fa991aa553486a437a9f	True	False					0	1666983112		0	{}	iu5mlzi	False	t3_yffbq2	False	True	t3_yffbq2	/r/Polkadot/comments/yffbq2/i_want_to_join_a_project_related_with_polkadot/iu5mlzi/	1666983125	1	False	True	False	Polkadot	t5_2ublt	r/Polkadot	public		0	[]		what skills experience do you have or would you like to improve by putting the learning to in practice 	0.6298790574073792	0.9070736169815063	0.05920688807964325	0.6049959659576416	0.22394514083862305	0.4490744173526764	0.14595651626586914	3.617024049162865e-05	0.30630961060523987	0.010913943871855736
8	[]	False		Kratisto-s			[]				text	t2_77cps2td	False	False	"I think it depends on what you what to build..considering you've mentioned only EVM chains then i'll say Moonbeam and Astar are great. 

Moonbeam is basically Ethereum on Polkadot while Astar is also EVM and already focused on using WASM. 
Also for Astar you have a larger Asian community compared to Moonbeam."	2ce520adc82df57bbc27223d6b9b6ec5e0b9a0b1	True	False					0	1666982658		0	{}	iu5lhpd	False	t3_yezic6	False	True	t3_yezic6	/r/Polkadot/comments/yezic6/which_parachain_would_you_consider_the_best_to/iu5lhpd/	1666982675	1	False	True	False	Polkadot	t5_2ublt	r/Polkadot	public		0	[]		i think it depends on what you what to build considering you ve mentioned only evm chains then i ll say moonbeam and astar are great moonbeam is basically ethereum on polkadot while astar is also evm and already focused on using wasm also for astar you have a larger asian community compared to moonbeam 	0.006639190949499607	0.9822761416435242	0.14056891202926636	0.055755697190761566	0.9952619075775146	0.26382502913475037	0.14146077632904053	8.603126389061799e-07	0.496528685092926	0.0067393057979643345
9	[]	False		Kratisto-s			[]				text	t2_77cps2td	False	False	Yeah this is a good program too üëçüèΩ	0f99e9a9d56fdb583a1a22cab5c36945d53d4e3b	True	False					0	1666982201		0	{}	iu5kd0q	False	t3_yffbq2	False	True	t1_iu55690	/r/Polkadot/comments/yffbq2/i_want_to_join_a_project_related_with_polkadot/iu5kd0q/	1666982214	1	False	True	False	Polkadot	t5_2ublt	r/Polkadot	public		0	[]		yeah this is a good program too 	0.5969794392585754	0.3865605890750885	0.2477494478225708	0.2331990897655487	0.5139477849006653	0.6527155637741089	0.48098471760749817	0.4753051996231079	0.4455176889896393	0.04357178509235382
10	[]	False		Kratisto-s			[]				text	t2_77cps2td	False	False	"Hi

What niche in blockchain do you like most? Or use the website parachains.info and explore learn about the parachains on Kusama and Polkadot what ever you find interesting join their discord where you can connect and constantly keep up to date with information then start helping out in the best way you can. 

Often you might get noticed and who knows what can happen."	a484e04922861898bde851e7a914568eb5611073	True	False					0	1666982170		0	{}	iu5kabd	False	t3_yffbq2	False	True	t3_yffbq2	/r/Polkadot/comments/yffbq2/i_want_to_join_a_project_related_with_polkadot/iu5kabd/	1666982183	1	False	True	False	Polkadot	t5_2ublt	r/Polkadot	public		0	[]		hi what niche in blockchain do you like most or use the website parachains info and explore learn about the parachains on kusama and polkadot what ever you find interesting join their discord where you can connect and constantly keep up to date with information then start helping out in the best way you can often you might get noticed and who knows what can happen 	0.003929471597075462	0.9890856146812439	0.003354186424985528	0.014623795635998249	0.008306079544126987	0.4202114939689636	0.05682431533932686	8.318397703988012e-07	0.17002932727336884	0.015284708701074123
11	[]	False		IllLavishness7097			[]				text	t2_c4upa0ly	False	False	"I would pop through the different parachains discords and see if they need any materials translated to what 2nd/primary language you speak. 

[https://parachains.info/#](https://parachains.info/#)!

Proably have better luck with smaller projects and build a portolio of previous work. Also can check the wagmedia discord. I wouldn't have any expectation of $$$ but tips can happen."	69b5d8a585b32c9cc264b88b8552b79c65fa8d5e	True	False					0	1666982056		0	{}	iu5k02s	False	t3_yffbq2	False	True	t1_iu552ai	/r/Polkadot/comments/yffbq2/i_want_to_join_a_project_related_with_polkadot/iu5k02s/	1666982074	1	False	True	False	Polkadot	t5_2ublt	r/Polkadot	public		0	[]		i would pop through the different parachains discords and see if they need any materials translated to what 2nd primary language you speak https parachains info https parachains info proably have better luck with smaller projects and build a portolio of previous work also can check the wagmedia discord i wouldn t have any expectation of but tips can happen 	0.003698030486702919	0.9888775944709778	0.2252403348684311	0.04730645567178726	0.9940808415412903	0.5078083872795105	0.10782310366630554	8.317104516208929e-07	0.3810676634311676	0.014725735411047935
12	[]	False		easer888			[]				text	t2_1mt1v4a9	False	False	Sounds good, I will check the website later, thanks	68ea6eeaa68e28206b0b7778fa13138f291e03e5	True	False					0	1666976120		0	{}	iu55690	True	t3_yffbq2	False	True	t1_iu4l4xr	/r/Polkadot/comments/yffbq2/i_want_to_join_a_project_related_with_polkadot/iu55690/	1666976134	1	False	True	False	Polkadot	t5_2ublt	r/Polkadot	public		0	[]		sounds good i will check the website later thanks	0.5604680180549622	0.4752561151981354	0.03031715750694275	0.19348026812076569	0.48348042368888855	0.7079276442527771	0.6077331900596619	0.7454846501350403	0.3355148434638977	0.0080115320160985
13	[]	False		easer888			[]				text	t2_1mt1v4a9	False	False	Yeap, I speak a 2nd language, do you know where can I use that for the benefit of a project?	fc2c14f9ef9f7f39f85616f905c071e20bcaf258	True	False					0	1666976077		0	{}	iu552ai	True	t3_yffbq2	False	True	t1_iu4iak0	/r/Polkadot/comments/yffbq2/i_want_to_join_a_project_related_with_polkadot/iu552ai/	1666976095	1	False	True	False	Polkadot	t5_2ublt	r/Polkadot	public		0	[]		yeap i speak a 2nd language do you know where can i use that for the benefit of a project 	0.2067452222108841	0.8819651007652283	0.016540909186005592	0.02697741612792015	0.12118696421384811	0.21320393681526184	0.18295587599277496	2.32869315368589e-05	0.35659459233283997	0.00155472825281322
14	[]	False		easer888			[]				text	t2_1mt1v4a9	False	False	My passion is not programming, I was asking if I can be envolved in projects in other ways haha,sorry for the misunderstanding	aaaf1f94752f94bcf3d1498e522094b1d672453d	True	False					0	1666975979		0	{}	iu54tej	True	t3_yffbq2	False	True	t1_iu3gmcl	/r/Polkadot/comments/yffbq2/i_want_to_join_a_project_related_with_polkadot/iu54tej/	1666975993	1	False	True	False	Polkadot	t5_2ublt	r/Polkadot	public		0	[]		my passion is not programming i was asking if i can be envolved in projects in other ways haha sorry for the misunderstanding	0.3365896940231323	0.4602334499359131	0.38575083017349243	0.010095045901834965	0.31168580055236816	0.5362911820411682	0.3401022255420685	8.60730381191388e-07	0.36132991313934326	0.001579211326315999
15	[]	False		noknockers			[]				text	t2_382ii	False	False	Talisman wallet, of course!	d357973361d3603585d456b7b89f51f5206b649e	True	False					0	1666956946		0	{}	iu3yayn	False	t3_y9fbxc	False	True	t1_iu1fe80	/r/Polkadot/comments/y9fbxc/why_is_staking_on_polkadot_so_easy/iu3yayn/	1666956958	1	False	True	False	Polkadot	t5_2ublt	r/Polkadot	public		0	[]		talisman wallet of course 	0.4339058995246887	0.49132800102233887	0.3822522461414337	0.4023704528808594	0.37209710478782654	0.3814344108104706	0.4560272693634033	0.5052230358123779	0.45570120215415955	0.5406420230865479
16	[]	False		noknockers			[]				text	t2_382ii	False	False	Talisman is a browser extension wallet for Polkadot - one of the best in the entire ecosystem!	028a81e47c0a3054e64542a96c6ec45f2899f59a	True	False					0	1666956888		0	{}	iu3y7h0	False	t3_y9fbxc	False	True	t1_iu1gof7	/r/Polkadot/comments/y9fbxc/why_is_staking_on_polkadot_so_easy/iu3y7h0/	1666956898	1	False	True	False	Polkadot	t5_2ublt	r/Polkadot	public		0	[]		talisman is a browser extension wallet for polkadot one of the best in the entire ecosystem 	0.20477452874183655	0.8763918280601501	0.13062842190265656	0.22645938396453857	0.13638821244239807	0.3093098998069763	0.18516798317432404	0.8147109746932983	0.4189927279949188	0.01556200347840786
17	[]	False		W3F_Bill	#000000		[]	e2b0218a-a42a-11eb-92b9-0e8ba50f1705	‚úì Web3 Foundation Team	light	text	t2_5turjfiq	False	True	If you don't want to use nomination pools, no work is necessary on your end. Otherwise, you'll have to select a nomination pool, but as for right now you will have to wait to unbond and then re-nominate, since the process is slightly different than direct nomination.	e3be77aaaa135e10d68c6b2852905eeefe12c1b3	True	False					0	1666951124		0	{}	iu3q5uo	False	t3_yeaxax	False	True	t1_iu0pyth	/r/Polkadot/comments/yeaxax/how_to_stake_with_ledger_live_i_always_see_no/iu3q5uo/	1666951137	1	False	True	False	Polkadot	t5_2ublt	r/Polkadot	public		0	[]		if you don t want to use nomination pools no work is necessary on your end otherwise you ll have to select a nomination pool but as for right now you will have to wait to unbond and then re nominate since the process is slightly different than direct nomination 	0.02451476827263832	0.9886716604232788	0.19066354632377625	0.944047212600708	0.008581322617828846	0.2503689229488373	0.08584922552108765	8.413282444053038e-07	0.3195304572582245	0.034023504704236984
18	[]	False		antiwrappingpaper			[]				text	t2_1hvjboiz	False	False	"Cosmos Hub is an L1, not L0.  There's no L0 in Cosmos, just IBC message standard.  Each Cosmos chain can be their own Hub and open bridges in their Zone. 

In Cosmos, you just clone the Cosmos Hub (copy paste the code) then adjust it to whatever you like, no matter who you are and what the community wants, as long as you can find &amp; fund enough validators (125 minimum) for your chain."	79a95f93d4881e2c5c4606e84651be971f5b54ba	True	False					0	1666951004		0	{}	iu3q0k1	False	t3_yeas56	False	True	t1_iu3lxri	/r/Polkadot/comments/yeas56/whats_going_on_with_the_reward_of_the_last/iu3q0k1/	1666951021	1	False	True	False	Polkadot	t5_2ublt	r/Polkadot	public		0	[]		cosmos hub is an l1 not l0 there s no l0 in cosmos just ibc message standard each cosmos chain can be their own hub and open bridges in their zone in cosmos you just clone the cosmos hub copy paste the code then adjust it to whatever you like no matter who you are and what the community wants as long as you can find amp fund enough validators 125 minimum for your chain 	0.002758238697424531	0.9887485504150391	0.13385140895843506	0.021840186789631844	0.008065584115684032	0.34265774488449097	0.10411105304956436	8.424715360888513e-07	0.3332904577255249	0.005001871380954981
19	[]	False		stupidcupid112			[]				text	t2_a3zswfod	False	False	Even cosmos is a Layer 0, right? So, how does it work on cosmos without Parachain auctions?	487005451cda5cf557dc2b5d59b7e73795ae570a	True	False					0	1666947536		0	{}	iu3lxri	False	t3_yeas56	False	False	t1_iu3lsne	/r/Polkadot/comments/yeas56/whats_going_on_with_the_reward_of_the_last/iu3lxri/	1666947552	1	False	True	False	Polkadot	t5_2ublt	r/Polkadot	public		0	[]		even cosmos is a layer 0 right so how does it work on cosmos without parachain auctions 	0.15997570753097534	0.855283796787262	0.43288829922676086	0.046611059457063675	0.19952312111854553	0.3004434108734131	0.1524851769208908	8.828250770420709e-07	0.44878220558166504	0.5138753652572632
20	[]	False		Nachann26			[]				text	t2_34dnv4h8	False	False	"Polkadot is a LAYER 0 protocol: its job is to do security, governance, slot auctions: [https://polkadot.network/](https://polkadot.network/)   

Fancy use-cases are left to the imagination of Parachains and Smart Contracts developers."	1bef18eb1c715f01ef939bc01d5cf3b9f9196caf	True	False					0	1666947410		0	{}	iu3lsne	False	t3_yeas56	False	True	t1_iu3kgxs	/r/Polkadot/comments/yeas56/whats_going_on_with_the_reward_of_the_last/iu3lsne/	1666947425	1	False	True	False	Polkadot	t5_2ublt	r/Polkadot	public		0	[]		polkadot is a layer 0 protocol its job is to do security governance slot auctions https polkadot network https polkadot network fancy use cases are left to the imagination of parachains and smart contracts developers 	0.006769347004592419	0.9876224398612976	0.4160170555114746	0.9416841268539429	0.012617806904017925	0.23777998983860016	0.14653699100017548	8.430984053120483e-07	0.39624035358428955	0.0038379905745387077
21	[]	False		Nachann26			[]				text	t2_34dnv4h8	False	False	This has been discussed in the past, as part of big picture improvements: [https://polkadot.polkassembly.io/post/478](https://polkadot.polkassembly.io/post/478)	9e39e3e729ae6810b2a289ad1553027ada8c38a4	True	False					0	1666947054		0	{}	iu3le31	False	t3_ye68mj	False	True	t3_ye68mj	/r/Polkadot/comments/ye68mj/would_it_be_possible_to_lower_the_unbounding/iu3le31/	1666947065	1	False	True	False	Polkadot	t5_2ublt	r/Polkadot	public		0	[]		this has been discussed in the past as part of big picture improvements https polkadot polkassembly io post 478 https polkadot polkassembly io post 478 	0.07494162023067474	0.9532264471054077	0.6000735759735107	0.06486833095550537	0.7891006469726562	0.07740100473165512	0.37271973490715027	0.0005587171181105077	0.443915456533432	7.151572208385915e-05
22	[]	False		timee_bot			[]				text	t2_8j8fti5	False	False	"View in your timezone:  
[Friday, 28 October 2022 at 13:00 UTC][0]  

[0]: https://timee.io/20221028T1300?tl=Join%20today%3A%20Polkadot%20AMA%20with%20Bill%20Laboon%20in%20the%20Kusamaverse%20-%20Oct.%2028"	95ba81b717dff2975044a4e3ce5254ec28ee31e8	True	False					0	1666946778		0	{}	iu3l2s7	False	t3_yfiqlm	False	True	t3_yfiqlm	/r/Polkadot/comments/yfiqlm/join_today_polkadot_ama_with_bill_laboon_in_the/iu3l2s7/	1666946790	1	False	True	False	Polkadot	t5_2ublt	r/Polkadot	public		0	[]		view in your timezone friday 28 october 2022 at 13 00 utc 0 0 https timee io 20221028t1300 tl join 20today 3a 20polkadot 20ama 20with 20bill 20laboon 20in 20the 20kusamaverse 20 20oct 2028	0.006777283735573292	0.990613579750061	0.478603333234787	0.06311142444610596	0.0031619982328265905	0.006694002076983452	0.3783200979232788	8.525893235855619e-07	0.46459951996803284	2.8964092052774504e-05
23	[]	False		stupidcupid112			[]				text	t2_a3zswfod	False	False	Exactly my question. If every DOT is going to be locked up then what purpose will it serve on a day to day basis?	f44d85838a631265d6e06e298b57faba56ba7d01	True	False					0	1666946247		0	{}	iu3kgxs	False	t3_yeas56	False	True	t1_iu3kddk	/r/Polkadot/comments/yeas56/whats_going_on_with_the_reward_of_the_last/iu3kgxs/	1666946263	1	False	True	False	Polkadot	t5_2ublt	r/Polkadot	public		0	[]		exactly my question if every dot is going to be locked up then what purpose will it serve on a day to day basis 	0.059095606207847595	0.8502902388572693	0.3217192590236664	0.03144756332039833	0.40151649713516235	0.49216049909591675	0.08171988278627396	8.470313446196087e-07	0.19933025538921356	0.005050709471106529
24	[]	False		Nachann26			[]				text	t2_34dnv4h8	False	False	"It will be locked in Gov 2.0.

Wait until people/projects/associations/artists/etc. start to pop up Treasury Spend proposals 24/7 for the community to vote on. You will see a lot more utility for both staked and available DOTs."	002cd8bae24a6f55f9d59db0656ae7b159a43897	True	False					0	1666946161		0	{}	iu3kddk	False	t3_yeas56	False	False	t1_ityv0fx	/r/Polkadot/comments/yeas56/whats_going_on_with_the_reward_of_the_last/iu3kddk/	1666946172	1	False	True	False	Polkadot	t5_2ublt	r/Polkadot	public		0	[]		it will be locked in gov 2 0 wait until people projects associations artists etc start to pop up treasury spend proposals 24 7 for the community to vote on you will see a lot more utility for both staked and available dots 	0.22453539073467255	0.9881877303123474	0.12593740224838257	0.9554027318954468	0.008523315191268921	0.3084396719932556	0.10078137367963791	8.730592639949464e-07	0.211348757147789	0.030496906489133835
25	[]	False		Nachann26			[]				text	t2_34dnv4h8	False	False	"Dot.alert() is recruiting: [https://dot-alert.gitbook.io/dot.alert/community/jobs](https://dot-alert.gitbook.io/dot.alert/community/jobs)

It is the perfect place to learn about the Polkadot ecosystem and get started with the technologies, one step at a time. üëêüèø"	9ff7d51fcdd0eac8158f2f705ac736cff9b12a35	True	False					0	1666945722		0	{}	iu3jviu	False	t3_yffbq2	False	True	t3_yffbq2	/r/Polkadot/comments/yffbq2/i_want_to_join_a_project_related_with_polkadot/iu3jviu/	1666945737	1	False	True	False	Polkadot	t5_2ublt	r/Polkadot	public		0	[]		dot alert is recruiting https dot alert gitbook io dot alert community jobs https dot alert gitbook io dot alert community jobs it is the perfect place to learn about the polkadot ecosystem and get started with the technologies one step at a time 	0.1462232619524002	0.9893527030944824	0.013019160367548466	0.937079668045044	0.011870933696627617	0.4607508182525635	0.08113783597946167	8.619288109912304e-07	0.2610745429992676	0.006434336770325899
26	[]	False		DrCuriumMyrtle			[]				text	t2_64i54ten	False	False	"Unless you're a genius there's no shortcuts mate. If you want to be a developer you have to learn programming and practise practise practise. Polkadot and Rust seems like an ambitious place to start imo, but there's no stopping you if you want it. It's open source.

Otherwise if you want to be a community manager get involved in discord. That's an easier route."	4dfedad28d79e88458342f7f52821aa416fe40a6	True	False					0	1666944636		0	{}	iu3imz4	False	t3_yffbq2	False	True	t3_yffbq2	/r/Polkadot/comments/yffbq2/i_want_to_join_a_project_related_with_polkadot/iu3imz4/	1666944650	1	False	True	False	Polkadot	t5_2ublt	r/Polkadot	public		0	[]		unless you re a genius there s no shortcuts mate if you want to be a developer you have to learn programming and practise practise practise polkadot and rust seems like an ambitious place to start imo but there s no stopping you if you want it it s open source otherwise if you want to be a community manager get involved in discord that s an easier route 	0.005944176111370325	0.9878018498420715	0.4944450855255127	0.02677454985678196	0.009143799543380737	0.5072457194328308	0.072414331138134	8.659627042106877e-07	0.26021260023117065	0.015363176353275776
27	[]	False		Monkeyblock			[]				text	t2_1h8nrc	False	False	Good meetup!	2c146e375e72ceb50c737af68bdad5dac75a4be0	True	False					0	1666970983		0	{}	iu4savb	False	t3_yfiqlm	False	True	t3_yfiqlm	/r/Polkadot/comments/yfiqlm/join_today_polkadot_ama_with_bill_laboon_in_the/iu4savb/	1666971002	1	False	True	False	Polkadot	t5_2ublt	r/Polkadot	public		0	[]		good meetup 	0.5571814775466919	0.4452967047691345	0.37078481912612915	0.4734707474708557	0.5014932155609131	0.714837372303009	0.5742345452308655	0.5382465720176697	0.48213982582092285	0.3676922023296356
28	[]	False		aklosk			[]				text	t2_ym3ws	False	False	Edx is launching a polkadot course that's totally open and free this week. Sign up For that as a good starting spot	b480f180cf111c466880140213ecb26c672cd3b5	True	False					0	1666968069		0	{}	iu4l4xr	False	t3_yffbq2	False	True	t3_yffbq2	/r/Polkadot/comments/yffbq2/i_want_to_join_a_project_related_with_polkadot/iu4l4xr/	1666968086	1	False	True	False	Polkadot	t5_2ublt	r/Polkadot	public		0	[]		edx is launching a polkadot course that s totally open and free this week sign up for that as a good starting spot	0.1797536462545395	0.9084252119064331	0.2332925945520401	0.0945638120174408	0.36090052127838135	0.5201764106750488	0.09922652691602707	8.686459409545932e-07	0.20653261244297028	0.0114060677587986
29	[]	False		IllLavishness7097			[]				text	t2_c4upa0ly	False	False	You could look for a community or ambassador role for a project? It depends on what your background skills are. You could create education for web3, Twitter threads, blog posts, and tutorial videos. If you speak a 2nd language you can work on translating documentation materials. Find a project and hop in their discord and ask if you can help with anything and keep learning.	60f6af84169f6b2a49e8b89ac5a35e5c9dd1cfcb	True	False					0	1666966880		0	{}	iu4iak0	False	t3_yffbq2	False	True	t3_yffbq2	/r/Polkadot/comments/yffbq2/i_want_to_join_a_project_related_with_polkadot/iu4iak0/	1666966897	1	False	True	False	Polkadot	t5_2ublt	r/Polkadot	public		0	[]		you could look for a community or ambassador role for a project it depends on what your background skills are you could create education for web3 twitter threads blog posts and tutorial videos if you speak a 2nd language you can work on translating documentation materials find a project and hop in their discord and ask if you can help with anything and keep learning 	0.016447944566607475	0.9893624186515808	0.01786912977695465	0.9527273178100586	0.007446663454174995	0.48018878698349	0.07812679558992386	8.550467214263335e-07	0.22083573043346405	0.04294564202427864
30	[]	False		TedW			[]				text	t2_5zmzt	False	False	Web3 is a rough field for beginners.  Good luck, and have fun.	b2992ab08253f483e71636c08589901fb1d5db2b	True	False					0	1666965932		0	{}	iu4g2dz	False	t3_yffbq2	False	True	t3_yffbq2	/r/Polkadot/comments/yffbq2/i_want_to_join_a_project_related_with_polkadot/iu4g2dz/	1666965943	1	False	True	False	Polkadot	t5_2ublt	r/Polkadot	public		0	[]		web3 is a rough field for beginners good luck and have fun 	0.5995122790336609	0.7103121876716614	0.01060410961508751	0.11936396360397339	0.29269418120384216	0.9305713772773743	0.5823777914047241	0.8160035610198975	0.2698904275894165	0.0030926852487027645
