all_awardings,allow_live_comments,author,author_flair_css_class,author_flair_richtext,author_flair_text,author_flair_type,author_fullname,author_is_blocked,author_patreon_flair,author_premium,awarders,can_mod_post,contest_mode,created_utc,domain,full_link,gildings,id,is_created_from_ads_ui,is_crosspostable,is_meta,is_original_content,is_reddit_media_domain,is_robot_indexable,is_self,is_video,link_flair_background_color,link_flair_richtext,link_flair_text_color,link_flair_type,locked,media_only,no_follow,num_comments,num_crossposts,over_18,parent_whitelist_status,permalink,pinned,pwls,removed_by_category,retrieved_on,score,selftext,send_replies,spoiler,stickied,subreddit,subreddit_id,subreddit_subscribers,subreddit_type,thumbnail,title,total_awards_received,treatment_tags,upvote_ratio,url,whitelist_status,wls,post_hint,preview,thumbnail_height,thumbnail_width,url_overridden_by_dest,author_flair_template_id,author_flair_text_color,author_flair_background_color,media,media_embed,secure_media,secure_media_embed,suggested_sort,link_flair_template_id,link_flair_text,crosspost_parent,crosspost_parent_list,is_gallery
[],False,Efriminiz,,[],,text,t2_6m7gn,False,False,False,[],False,False,1648301999,self.Bitcoin,https://www.reddit.com/r/Bitcoin/comments/toopg0/it_is_a_revolutionary_act_to_buy_bitcoin_and_hold/,{},toopg0,False,False,False,False,False,False,True,False,,[],dark,text,False,False,True,0,0,False,all_ads,/r/Bitcoin/comments/toopg0/it_is_a_revolutionary_act_to_buy_bitcoin_and_hold/,False,6,moderator,1648302010,1,[removed],True,False,False,Bitcoin,t5_2s3qj,4030987,public,self,It is a revolutionary act to buy Bitcoin and hold your own keys.,0,[],1.0,https://www.reddit.com/r/Bitcoin/comments/toopg0/it_is_a_revolutionary_act_to_buy_bitcoin_and_hold/,all_ads,6,,,,,,,,,,,,,,,,,,
[],False,ApprovedByAvishay,,[],,text,t2_75n742,False,False,False,[],False,False,1648301737,self.Bitcoin,https://www.reddit.com/r/Bitcoin/comments/toomoc/blockchain_statusconfirmed_but_it_hasnt_been/,{},toomoc,False,True,False,False,False,True,True,False,,[],dark,text,False,False,True,0,0,False,all_ads,/r/Bitcoin/comments/toomoc/blockchain_statusconfirmed_but_it_hasnt_been/,False,6,,1648301748,1,"Alright so I send to a wallet through Cash App, the reciever has not recieved it yet, I'm kinda new to this shit... Any help would be appreciated

&amp;#x200B;

Here's the transaction hash: (when i find the transaction it says ""spent"" with a red icon, what does this mean?

[https://www.blockchain.com/btc/tx/fa9268355735dd285e73a3205e5c311b41d98b435127cd3da276ad5c10f84bd7](https://www.blockchain.com/btc/tx/fa9268355735dd285e73a3205e5c311b41d98b435127cd3da276ad5c10f84bd7)

Hash number:

fa9268355735dd285e73a3205e5c311b41d98b435127cd3da276ad5c10f84bd7

&amp;#x200B;

&amp;#x200B;

It was sent to this wallet: 3BfHyJyUQnBcz1yArQcUsRsjRgf4x11fYb 

From this wallet: 35k2tiwLYndRxvNTAqukNxAu416y2mPqCt

The transaction happeneded at 22:32 pm  **UTC/GMT +1** hour (10:32 in belgium)

Also it says spent on the hash, this is the details I think:   [https://gyazo.com/fa83201ffadba92b19dcc68d8bfa7b09](https://gyazo.com/fa83201ffadba92b19dcc68d8bfa7b09)  

&amp;#x200B;

This is what it said after I sent it on cashapp with ""Blockchain status confirmed"": [https://gyazo.com/f399b54ac65d7c291dd7f5d274e68d8d](https://gyazo.com/f399b54ac65d7c291dd7f5d274e68d8d)

&amp;#x200B;

But the reciever hasn't recieved it yet, can anyone check it out for me? Or how do I know it's confirmed?",True,False,False,Bitcoin,t5_2s3qj,4030979,public,self,Blockchain statusconfirmed but it hasn't been recieved yet? cash app and NEED HELP,0,[],1.0,https://www.reddit.com/r/Bitcoin/comments/toomoc/blockchain_statusconfirmed_but_it_hasnt_been/,all_ads,6,self,"{'enabled': False, 'images': [{'id': 'XFlerzvs5kFGXARq-1TqbiS0gL88z1a9BGeyD7jTbyo', 'resolutions': [{'height': 56, 'url': 'https://external-preview.redd.it/xf5WRDvubf0PhY4le0v4W4wr81N87tj2wQnRGoW9Td8.jpg?width=108&amp;crop=smart&amp;auto=webp&amp;s=d8af5dbd817197d438fe5779d7ed3fb3fef97062', 'width': 108}, {'height': 113, 'url': 'https://external-preview.redd.it/xf5WRDvubf0PhY4le0v4W4wr81N87tj2wQnRGoW9Td8.jpg?width=216&amp;crop=smart&amp;auto=webp&amp;s=f2f581aff666da605e242bae0d30e36b5e03fc73', 'width': 216}, {'height': 168, 'url': 'https://external-preview.redd.it/xf5WRDvubf0PhY4le0v4W4wr81N87tj2wQnRGoW9Td8.jpg?width=320&amp;crop=smart&amp;auto=webp&amp;s=06f7f5451936bc461c285fe1d29a2dc49ca32b4b', 'width': 320}], 'source': {'height': 202, 'url': 'https://external-preview.redd.it/xf5WRDvubf0PhY4le0v4W4wr81N87tj2wQnRGoW9Td8.jpg?auto=webp&amp;s=c1ced0f4a1ab60898fb9919fdad1364127afca34', 'width': 384}, 'variants': {}}]}",,,,,,,,,,,,,,,,
[],False,n8ivblu,,[],,text,t2_a5i5mmpq,False,False,False,[],False,False,1648304231,i.redd.it,https://www.reddit.com/r/Bitcoin/comments/toqbp8/turks_turn_to_bitcoin_following_hyperinflation_of/,{},toqbp8,False,True,False,False,True,True,False,False,,[],dark,text,False,False,True,0,0,False,all_ads,/r/Bitcoin/comments/toqbp8/turks_turn_to_bitcoin_following_hyperinflation_of/,False,6,,1648304241,1,,True,False,False,Bitcoin,t5_2s3qj,4031079,public,https://b.thumbs.redditmedia.com/DYaHVofE53Sk1ieULhTYBVnlwglD7LVcLlk8uDHt_rI.jpg,Turks turn to Bitcoin following hyper-inflation of Turkish Lira,0,[],1.0,https://i.redd.it/etuxftw7lqp81.jpg,all_ads,6,image,"{'enabled': True, 'images': [{'id': 'cvG0BsV51WLeLLR9ut_fnqNFbhz70u0IKQWt2j67jVQ', 'resolutions': [{'height': 144, 'url': 'https://preview.redd.it/etuxftw7lqp81.jpg?width=108&amp;crop=smart&amp;auto=webp&amp;s=d9aa5cf4f338d0e1d28b711455a76e38052c9ec2', 'width': 108}, {'height': 288, 'url': 'https://preview.redd.it/etuxftw7lqp81.jpg?width=216&amp;crop=smart&amp;auto=webp&amp;s=cd5331cde6b05d5419643ac7bfd84892fdd74a4f', 'width': 216}, {'height': 426, 'url': 'https://preview.redd.it/etuxftw7lqp81.jpg?width=320&amp;crop=smart&amp;auto=webp&amp;s=a77a793f6198e9731e50ba2a5f9e916e93f09ef8', 'width': 320}, {'height': 853, 'url': 'https://preview.redd.it/etuxftw7lqp81.jpg?width=640&amp;crop=smart&amp;auto=webp&amp;s=5ea04c4c9a354ab12498379aa5409745b03eb7c3', 'width': 640}, {'height': 1280, 'url': 'https://preview.redd.it/etuxftw7lqp81.jpg?width=960&amp;crop=smart&amp;auto=webp&amp;s=c7ab9073303d29982d844bb0d27bc2e3c54e56f3', 'width': 960}, {'height': 1440, 'url': 'https://preview.redd.it/etuxftw7lqp81.jpg?width=1080&amp;crop=smart&amp;auto=webp&amp;s=aad81c9d2a446a8941db295973e768ae625feba3', 'width': 1080}], 'source': {'height': 4000, 'url': 'https://preview.redd.it/etuxftw7lqp81.jpg?auto=webp&amp;s=ca147a4e1e27afb5129d304eca9687f228b8f4e6', 'width': 3000}, 'variants': {}}]}",140.0,140.0,https://i.redd.it/etuxftw7lqp81.jpg,,,,,,,,,,,,,
[],False,Ambitious_Stock,,[],,text,t2_2tdvfe4d,False,False,False,[],False,False,1648304147,self.Bitcoin,https://www.reddit.com/r/Bitcoin/comments/toq8ek/ledn_is_stopping_its_saving_account_on_april_4/,{},toq8ek,False,True,False,False,False,True,True,False,,[],dark,text,False,False,True,0,0,False,all_ads,/r/Bitcoin/comments/toq8ek/ledn_is_stopping_its_saving_account_on_april_4/,False,6,,1648304158,1,"Anything before April 4 will still earn interest in a legacy savings account

But after April 4, where should I deposit btc to earn a similar 6% APY?",True,False,False,Bitcoin,t5_2s3qj,4031077,public,self,Ledn is stopping its saving account on April 4,0,[],1.0,https://www.reddit.com/r/Bitcoin/comments/toq8ek/ledn_is_stopping_its_saving_account_on_april_4/,all_ads,6,,,,,,,,,,,,,,,,,,
[],False,Traditional-Collar42,noob,"[{'e': 'text', 't': 'redditor for 7 weeks'}]",redditor for 7 weeks,richtext,t2_j8s67v3g,False,False,False,[],False,False,1648303955,zycrypto.com,https://www.reddit.com/r/Bitcoin/comments/topzc6/crypto_adoption_boost_israels_oldest_bank_enables/,{},topzc6,False,True,False,False,False,True,False,False,,[],dark,text,False,False,True,0,0,False,all_ads,/r/Bitcoin/comments/topzc6/crypto_adoption_boost_israels_oldest_bank_enables/,False,6,,1648303965,1,,True,False,False,Bitcoin,t5_2s3qj,4031070,public,https://b.thumbs.redditmedia.com/Mjk0eS333QloSbf1J5sgs57CfoSzWccuMZpVUcT4CaM.jpg,Crypto Adoption Boost: Israelâ€™s Oldest Bank Enables Bitcoin And Ethereum Trading,0,[],1.0,https://zycrypto.com/crypto-adoption-boost-israels-oldest-bank-enables-bitcoin-and-ethereum-trading/,all_ads,6,link,"{'enabled': False, 'images': [{'id': 'T1bysQyCechtl1Pc4Im_0w-NhGSgh-BhCPRWRg9FKdc', 'resolutions': [{'height': 63, 'url': 'https://external-preview.redd.it/ZTH40CD4ZIFbuCoNLEW49FF6Keh-2c5FscOCIEDxGa0.jpg?width=108&amp;crop=smart&amp;auto=webp&amp;s=068b5dca6dcbb3c13a4e2943ea7757bc37552e1a', 'width': 108}, {'height': 126, 'url': 'https://external-preview.redd.it/ZTH40CD4ZIFbuCoNLEW49FF6Keh-2c5FscOCIEDxGa0.jpg?width=216&amp;crop=smart&amp;auto=webp&amp;s=a6e41a0ef9a64a206cac97ddce7f25117a38351b', 'width': 216}, {'height': 186, 'url': 'https://external-preview.redd.it/ZTH40CD4ZIFbuCoNLEW49FF6Keh-2c5FscOCIEDxGa0.jpg?width=320&amp;crop=smart&amp;auto=webp&amp;s=2bd4661a6ea3b6531348bd23f45ed59164a910fc', 'width': 320}, {'height': 373, 'url': 'https://external-preview.redd.it/ZTH40CD4ZIFbuCoNLEW49FF6Keh-2c5FscOCIEDxGa0.jpg?width=640&amp;crop=smart&amp;auto=webp&amp;s=204cce9c9f08c38b63df5c1d5a6d7f2121567e1a', 'width': 640}, {'height': 560, 'url': 'https://external-preview.redd.it/ZTH40CD4ZIFbuCoNLEW49FF6Keh-2c5FscOCIEDxGa0.jpg?width=960&amp;crop=smart&amp;auto=webp&amp;s=f76231591e8b7fb57de1ebc2b06fc1776950e075', 'width': 960}, {'height': 630, 'url': 'https://external-preview.redd.it/ZTH40CD4ZIFbuCoNLEW49FF6Keh-2c5FscOCIEDxGa0.jpg?width=1080&amp;crop=smart&amp;auto=webp&amp;s=88e1e8162980b704aaaee3d89a3394bd245d892c', 'width': 1080}], 'source': {'height': 700, 'url': 'https://external-preview.redd.it/ZTH40CD4ZIFbuCoNLEW49FF6Keh-2c5FscOCIEDxGa0.jpg?auto=webp&amp;s=44d2f4936f998fa1eb0e7e21470209a239a5efbb', 'width': 1200}, 'variants': {}}]}",81.0,140.0,https://zycrypto.com/crypto-adoption-boost-israels-oldest-bank-enables-bitcoin-and-ethereum-trading/,2ec8e69e-6c36-11e9-a04b-0afb553d4ea6,dark,,,,,,,,,,,
[],False,Major_Bandicoot_3239,,[],,text,t2_9wasajqw,False,False,False,[],False,False,1648306697,cnbc.com,https://www.reddit.com/r/Bitcoin/comments/tos937/exxon_is_mining_bitcoin_in_north_dakota_as_part/,{},tos937,False,True,False,False,False,True,False,False,,[],dark,text,False,False,True,0,0,False,all_ads,/r/Bitcoin/comments/tos937/exxon_is_mining_bitcoin_in_north_dakota_as_part/,False,6,,1648306708,1,,True,False,False,Bitcoin,t5_2s3qj,4031159,public,https://b.thumbs.redditmedia.com/r4eB5gqApApCAJCJSnDFc8CDudZtULTQfb4XAPBqNkc.jpg,Exxon is mining bitcoin in North Dakota as part of its plan to slash emissions,0,[],1.0,https://www.cnbc.com/2022/03/26/exxon-mining-bitcoin-with-crusoe-energy-in-north-dakota-bakken-region.html?__source=iosappshare%7Ccom.apple.UIKit.activity.CopyToPasteboard,all_ads,6,link,"{'enabled': False, 'images': [{'id': 'HoeUs4K52H12GhQHoIWxPIyLmGJmtoJIKOAu4uGWIME', 'resolutions': [{'height': 60, 'url': 'https://external-preview.redd.it/GZBmBODjWK6QxT_o2IvrBxqtg8izLs_MBITsm3ME5p4.jpg?width=108&amp;crop=smart&amp;auto=webp&amp;s=25174e5525b6667179f18c34217ccf4c89a5e542', 'width': 108}, {'height': 121, 'url': 'https://external-preview.redd.it/GZBmBODjWK6QxT_o2IvrBxqtg8izLs_MBITsm3ME5p4.jpg?width=216&amp;crop=smart&amp;auto=webp&amp;s=f9634f0191fdbbafe876acf2d14571dbe12c3d6d', 'width': 216}, {'height': 180, 'url': 'https://external-preview.redd.it/GZBmBODjWK6QxT_o2IvrBxqtg8izLs_MBITsm3ME5p4.jpg?width=320&amp;crop=smart&amp;auto=webp&amp;s=9478eb4d7ff3280a7ce4b84e6df1a6598cbe98dd', 'width': 320}, {'height': 360, 'url': 'https://external-preview.redd.it/GZBmBODjWK6QxT_o2IvrBxqtg8izLs_MBITsm3ME5p4.jpg?width=640&amp;crop=smart&amp;auto=webp&amp;s=0148be6508fb33c8b00e66f3642ea9d7f83dfc25', 'width': 640}, {'height': 540, 'url': 'https://external-preview.redd.it/GZBmBODjWK6QxT_o2IvrBxqtg8izLs_MBITsm3ME5p4.jpg?width=960&amp;crop=smart&amp;auto=webp&amp;s=937c972559853bd80081a385d71ec2160bf6c224', 'width': 960}, {'height': 607, 'url': 'https://external-preview.redd.it/GZBmBODjWK6QxT_o2IvrBxqtg8izLs_MBITsm3ME5p4.jpg?width=1080&amp;crop=smart&amp;auto=webp&amp;s=4ad5dc8c784adb002d9743233d071dc8f93cc965', 'width': 1080}], 'source': {'height': 1080, 'url': 'https://external-preview.redd.it/GZBmBODjWK6QxT_o2IvrBxqtg8izLs_MBITsm3ME5p4.jpg?auto=webp&amp;s=da6e4d140f3b54c7375c0359dc6fdb01344215e7', 'width': 1920}, 'variants': {}}]}",78.0,140.0,https://www.cnbc.com/2022/03/26/exxon-mining-bitcoin-with-crusoe-energy-in-north-dakota-bakken-region.html?__source=iosappshare%7Ccom.apple.UIKit.activity.CopyToPasteboard,,,,,,,,,,,,,
[],False,concernedcookie999,,[],,text,t2_fw9xexu9,False,False,False,[],False,False,1648306563,i.redd.it,https://www.reddit.com/r/Bitcoin/comments/tos7ii/help_stand_up_for_bitcoin_when_everyone_is/,{},tos7ii,False,True,False,False,True,True,False,False,,[],dark,text,False,False,True,0,0,False,all_ads,/r/Bitcoin/comments/tos7ii/help_stand_up_for_bitcoin_when_everyone_is/,False,6,,1648306574,1,,True,False,False,Bitcoin,t5_2s3qj,4031158,public,https://a.thumbs.redditmedia.com/oRYLHhL7KksUHxacO95CtWcUJQBeo1CZARjK8m0H_48.jpg,Help stand up for Bitcoin when everyone is attacking PoW. Just because it uses a lot of power doesnâ€™t mean we have to be burning coal in 2022 this is a outdated industry problem not a Bitcoin problem.,0,[],1.0,https://i.redd.it/u1gb6ao5sqp81.jpg,all_ads,6,image,"{'enabled': True, 'images': [{'id': 'FcP0X_AwPShjexXFVEdWSKtjETdh8Lar_wleUZPX-qQ', 'resolutions': [{'height': 192, 'url': 'https://preview.redd.it/u1gb6ao5sqp81.jpg?width=108&amp;crop=smart&amp;auto=webp&amp;s=c5738127ebb644a4aad4dbb5b78003f9bcac725e', 'width': 108}, {'height': 384, 'url': 'https://preview.redd.it/u1gb6ao5sqp81.jpg?width=216&amp;crop=smart&amp;auto=webp&amp;s=772409a5eb2212beb183131c4b7803232783310b', 'width': 216}, {'height': 569, 'url': 'https://preview.redd.it/u1gb6ao5sqp81.jpg?width=320&amp;crop=smart&amp;auto=webp&amp;s=7af8f82ebfece079dce91dfee2603b1f7afa7f23', 'width': 320}, {'height': 1138, 'url': 'https://preview.redd.it/u1gb6ao5sqp81.jpg?width=640&amp;crop=smart&amp;auto=webp&amp;s=a4c08fe38ec0d5fea547960dc7c881af312f7b1f', 'width': 640}], 'source': {'height': 1334, 'url': 'https://preview.redd.it/u1gb6ao5sqp81.jpg?auto=webp&amp;s=b55d90145b3eb9f385b45769e73518944ac223b6', 'width': 750}, 'variants': {}}]}",140.0,140.0,https://i.redd.it/u1gb6ao5sqp81.jpg,,dark,,,,,,,,,,,
[],False,Fiach_Dubh,,[],,text,t2_7kh5n,False,False,True,[],False,False,1648308288,youtu.be,https://www.reddit.com/r/Bitcoin/comments/toss18/bitcoin_news_this_week_russian_oil_for_bitcoin/,{},toss18,False,True,False,False,False,True,False,False,,[],dark,text,False,False,False,0,0,False,all_ads,/r/Bitcoin/comments/toss18/bitcoin_news_this_week_russian_oil_for_bitcoin/,False,6,,1648308298,1,,True,False,False,Bitcoin,t5_2s3qj,4031223,public,https://b.thumbs.redditmedia.com/PTYwcsLYgSyEXfrXpR9h0MMS33EM44EVfUnfyb-_5bw.jpg,"BITCOIN News This Week: Russian Oil For Bitcoin, Yellen Put on The Spot, Jim Bianco, Blackrock Bends The Knee, Pomp, Saylor, Goldman Sachs &amp; More",0,[],1.0,https://youtu.be/TjAJkYapgqk,all_ads,6,rich:video,"{'enabled': False, 'images': [{'id': 'A9OO9qcQ62A1lXGxpKpDCvUW17GDxwQfdovy49YMen8', 'resolutions': [{'height': 81, 'url': 'https://external-preview.redd.it/Yne_lMS7WF8M78vh_3tJuTc_5mCCtv-NHJOGPXZqkGk.jpg?width=108&amp;crop=smart&amp;auto=webp&amp;s=edf2fed024a803b43ab50ab15c2988f6f4ae4d1c', 'width': 108}, {'height': 162, 'url': 'https://external-preview.redd.it/Yne_lMS7WF8M78vh_3tJuTc_5mCCtv-NHJOGPXZqkGk.jpg?width=216&amp;crop=smart&amp;auto=webp&amp;s=9619129866c26db0fb5cf8acfcc08af184c27a5f', 'width': 216}, {'height': 240, 'url': 'https://external-preview.redd.it/Yne_lMS7WF8M78vh_3tJuTc_5mCCtv-NHJOGPXZqkGk.jpg?width=320&amp;crop=smart&amp;auto=webp&amp;s=506be4641862788f1dfe8afb0d384fb80e081819', 'width': 320}], 'source': {'height': 360, 'url': 'https://external-preview.redd.it/Yne_lMS7WF8M78vh_3tJuTc_5mCCtv-NHJOGPXZqkGk.jpg?auto=webp&amp;s=1d56ff5c38912831e9f8ad09a385b7ea2dac35e7', 'width': 480}, 'variants': {}}]}",105.0,140.0,https://youtu.be/TjAJkYapgqk,,,,"{'oembed': {'author_name': 'BITCOIN', 'author_url': 'https://www.youtube.com/c/BITC0IN', 'height': 200, 'html': '&lt;iframe width=""356"" height=""200"" src=""https://www.youtube.com/embed/TjAJkYapgqk?feature=oembed&amp;enablejsapi=1"" frameborder=""0"" allow=""accelerometer; autoplay; clipboard-write; encrypted-media; gyroscope; picture-in-picture"" allowfullscreen&gt;&lt;/iframe&gt;', 'provider_name': 'YouTube', 'provider_url': 'https://www.youtube.com/', 'thumbnail_height': 360, 'thumbnail_url': 'https://i.ytimg.com/vi/TjAJkYapgqk/hqdefault.jpg', 'thumbnail_width': 480, 'title': 'Bitcoin News This Week: Russian Oil For Bitcoin, Yellen, Jim Bianco, Blackrock, Pomp, Saylor &amp; More', 'type': 'video', 'version': '1.0', 'width': 356}, 'type': 'youtube.com'}","{'content': '&lt;iframe width=""356"" height=""200"" src=""https://www.youtube.com/embed/TjAJkYapgqk?feature=oembed&amp;enablejsapi=1"" frameborder=""0"" allow=""accelerometer; autoplay; clipboard-write; encrypted-media; gyroscope; picture-in-picture"" allowfullscreen&gt;&lt;/iframe&gt;', 'height': 200, 'scrolling': False, 'width': 356}","{'oembed': {'author_name': 'BITCOIN', 'author_url': 'https://www.youtube.com/c/BITC0IN', 'height': 200, 'html': '&lt;iframe width=""356"" height=""200"" src=""https://www.youtube.com/embed/TjAJkYapgqk?feature=oembed&amp;enablejsapi=1"" frameborder=""0"" allow=""accelerometer; autoplay; clipboard-write; encrypted-media; gyroscope; picture-in-picture"" allowfullscreen&gt;&lt;/iframe&gt;', 'provider_name': 'YouTube', 'provider_url': 'https://www.youtube.com/', 'thumbnail_height': 360, 'thumbnail_url': 'https://i.ytimg.com/vi/TjAJkYapgqk/hqdefault.jpg', 'thumbnail_width': 480, 'title': 'Bitcoin News This Week: Russian Oil For Bitcoin, Yellen, Jim Bianco, Blackrock, Pomp, Saylor &amp; More', 'type': 'video', 'version': '1.0', 'width': 356}, 'type': 'youtube.com'}","{'content': '&lt;iframe width=""356"" height=""200"" src=""https://www.youtube.com/embed/TjAJkYapgqk?feature=oembed&amp;enablejsapi=1"" frameborder=""0"" allow=""accelerometer; autoplay; clipboard-write; encrypted-media; gyroscope; picture-in-picture"" allowfullscreen&gt;&lt;/iframe&gt;', 'height': 200, 'media_domain_url': 'https://www.redditmedia.com/mediaembed/toss18', 'scrolling': False, 'width': 356}",,,,,,
[],False,AdWeary6319,,[],,text,t2_6fl86kh9,False,False,False,[],False,False,1648310946,self.Bitcoin,https://www.reddit.com/r/Bitcoin/comments/tov6or/nuclear_powered_miner/,{},tov6or,False,True,False,False,False,True,True,False,,[],dark,text,False,False,True,0,0,False,all_ads,/r/Bitcoin/comments/tov6or/nuclear_powered_miner/,False,6,,1648310957,1,"Can some just make a nuclear powered miner, and tell the eviro-monkeys to bugger off! It seems to me that Bitcoin rewards whoever can produce the maximal amount of energy output for the least bit(no pun intended) of cost. Therefore, Bitcoin actually encourages more efficient energy technology.",True,False,False,Bitcoin,t5_2s3qj,4031318,public,self,Nuclear Powered Miner,0,[],1.0,https://www.reddit.com/r/Bitcoin/comments/tov6or/nuclear_powered_miner/,all_ads,6,,,,,,,,,,,,,,,,,,
[],False,5K1PP3R2,noob,"[{'e': 'text', 't': 'redditor for 3 months'}]",redditor for 3 months,richtext,t2_golwj596,False,False,False,[],False,False,1648310791,self.Bitcoin,https://www.reddit.com/r/Bitcoin/comments/tov0mi/russian_prime_minister_mishustin_called_for_the/,{},tov0mi,False,False,False,False,False,False,True,False,,[],dark,text,False,False,True,0,0,False,all_ads,/r/Bitcoin/comments/tov0mi/russian_prime_minister_mishustin_called_for_the/,False,6,reddit,1648310802,1,[removed],True,False,False,Bitcoin,t5_2s3qj,4031311,public,self,Russian Prime Minister Mishustin called for the integration of cryptocurrencies into the country's economy,0,[],1.0,https://www.reddit.com/r/Bitcoin/comments/tov0mi/russian_prime_minister_mishustin_called_for_the/,all_ads,6,self,"{'enabled': False, 'images': [{'id': 'vkhkwPkuSp41PdUOu20eOAONbynj7lnFW_q5aXIU_hQ', 'resolutions': [{'height': 60, 'url': 'https://external-preview.redd.it/OugU7J_8RMCPvLjrrwMQI20bdLom8nfLVXH6qJQ6ltU.jpg?width=108&amp;crop=smart&amp;auto=webp&amp;s=6ac9ae911c5d62f7d83eb3cfaa7e77d020fef1b2', 'width': 108}, {'height': 121, 'url': 'https://external-preview.redd.it/OugU7J_8RMCPvLjrrwMQI20bdLom8nfLVXH6qJQ6ltU.jpg?width=216&amp;crop=smart&amp;auto=webp&amp;s=89e4bbf512d99be56c45a307dd6fd8ac0429a6b8', 'width': 216}, {'height': 180, 'url': 'https://external-preview.redd.it/OugU7J_8RMCPvLjrrwMQI20bdLom8nfLVXH6qJQ6ltU.jpg?width=320&amp;crop=smart&amp;auto=webp&amp;s=f372da8c58da875f473ef9d1754c5770dd1266ac', 'width': 320}, {'height': 360, 'url': 'https://external-preview.redd.it/OugU7J_8RMCPvLjrrwMQI20bdLom8nfLVXH6qJQ6ltU.jpg?width=640&amp;crop=smart&amp;auto=webp&amp;s=11bb40c6ef06889e884e152402689f6e73a4a39e', 'width': 640}, {'height': 540, 'url': 'https://external-preview.redd.it/OugU7J_8RMCPvLjrrwMQI20bdLom8nfLVXH6qJQ6ltU.jpg?width=960&amp;crop=smart&amp;auto=webp&amp;s=e2c18f1cf1d01dff91728344e85921412ce76526', 'width': 960}, {'height': 607, 'url': 'https://external-preview.redd.it/OugU7J_8RMCPvLjrrwMQI20bdLom8nfLVXH6qJQ6ltU.jpg?width=1080&amp;crop=smart&amp;auto=webp&amp;s=3464d23dd25392c2e6a7787a4bd06da0e3b74531', 'width': 1080}], 'source': {'height': 675, 'url': 'https://external-preview.redd.it/OugU7J_8RMCPvLjrrwMQI20bdLom8nfLVXH6qJQ6ltU.jpg?auto=webp&amp;s=836876f6615ca5c6e0cb21ccf90428d137997cc6', 'width': 1200}, 'variants': {}}]}",,,,2ec8e69e-6c36-11e9-a04b-0afb553d4ea6,dark,,,,,,,,,,,
[],False,BGPunks,,[],,text,t2_ktdghqq3,False,False,False,[],False,False,1648299731,self.ethereum,https://www.reddit.com/r/ethereum/comments/too1lq/random_bg_punks_v1_collection_of_111_unique_punks/,{},too1lq,False,False,False,False,False,False,True,False,,[],dark,text,False,False,True,0,0,False,all_ads,/r/ethereum/comments/too1lq/random_bg_punks_v1_collection_of_111_unique_punks/,False,6,reddit,1648299742,1,[removed],True,False,False,ethereum,t5_2zf9m,1251186,public,https://a.thumbs.redditmedia.com/XiMXAONR4QahLkXeLsY2WUngoZnzPWjGVe1-XzUkI-0.jpg,Random BG PUNKS V1 collection of 111 unique Punks! Only Private Minting soon! join DiscordðŸš€,0,[],1.0,https://www.reddit.com/r/ethereum/comments/too1lq/random_bg_punks_v1_collection_of_111_unique_punks/,all_ads,6,,,140.0,140.0,,,,,,,,,top,,,,,
[],False,Yicheneason,,[],,text,t2_kom8cxij,False,False,False,[],False,False,1648301724,self.ethereum,https://www.reddit.com/r/ethereum/comments/toomjk/free_eth_airdrop/,{},toomjk,False,False,False,False,False,False,True,False,,[],dark,text,False,False,True,0,0,False,all_ads,/r/ethereum/comments/toomjk/free_eth_airdrop/,False,6,moderator,1648301735,1,[removed],True,False,False,ethereum,t5_2zf9m,1251206,public,self,Free ETH airdrop,0,[],1.0,https://www.reddit.com/r/ethereum/comments/toomjk/free_eth_airdrop/,all_ads,6,self,"{'enabled': False, 'images': [{'id': 'C7lBVrsYx5imdRZuUSfxDaTeRq_tq2q5WEP6_ughgkA', 'resolutions': [{'height': 74, 'url': 'https://external-preview.redd.it/FTWHmL-YFC4vbubUbTGEHL4-Aq8ONMfS_xLnJtBsQnY.jpg?width=108&amp;crop=smart&amp;auto=webp&amp;s=fc82eab6092bdb49a53525a5c0bb514d3196bd94', 'width': 108}, {'height': 148, 'url': 'https://external-preview.redd.it/FTWHmL-YFC4vbubUbTGEHL4-Aq8ONMfS_xLnJtBsQnY.jpg?width=216&amp;crop=smart&amp;auto=webp&amp;s=a37a20280b740ecec58c6c46081273997f7cad60', 'width': 216}, {'height': 219, 'url': 'https://external-preview.redd.it/FTWHmL-YFC4vbubUbTGEHL4-Aq8ONMfS_xLnJtBsQnY.jpg?width=320&amp;crop=smart&amp;auto=webp&amp;s=6cdb3853e4583e8301b4d67d0f5e4577ce9df323', 'width': 320}, {'height': 438, 'url': 'https://external-preview.redd.it/FTWHmL-YFC4vbubUbTGEHL4-Aq8ONMfS_xLnJtBsQnY.jpg?width=640&amp;crop=smart&amp;auto=webp&amp;s=22c32d9f3896b9ad0682f181e36f1ca9602fc481', 'width': 640}, {'height': 658, 'url': 'https://external-preview.redd.it/FTWHmL-YFC4vbubUbTGEHL4-Aq8ONMfS_xLnJtBsQnY.jpg?width=960&amp;crop=smart&amp;auto=webp&amp;s=16a406d651c6687df84ce4dbce3350ecd78a8cc5', 'width': 960}, {'height': 740, 'url': 'https://external-preview.redd.it/FTWHmL-YFC4vbubUbTGEHL4-Aq8ONMfS_xLnJtBsQnY.jpg?width=1080&amp;crop=smart&amp;auto=webp&amp;s=0d247d36b7d5321b924b0d6560149daa59ea58d1', 'width': 1080}], 'source': {'height': 1646, 'url': 'https://external-preview.redd.it/FTWHmL-YFC4vbubUbTGEHL4-Aq8ONMfS_xLnJtBsQnY.jpg?auto=webp&amp;s=11258da9d9d069692a91357822be0befd627bd78', 'width': 2400}, 'variants': {}}]}",,,,,,,,,,,top,,,,,
[],False,Wise-Building7513,,[],,text,t2_eju2xgla,False,False,False,[],False,False,1648303064,youtube.com,https://www.reddit.com/r/ethereum/comments/top0vy/libonomy_interoperable_scalable_and_truly/,{},top0vy,False,False,False,False,False,False,False,False,,[],dark,text,False,False,True,0,0,False,all_ads,/r/ethereum/comments/top0vy/libonomy_interoperable_scalable_and_truly/,False,6,reddit,1648303074,1,,True,False,False,ethereum,t5_2zf9m,1251222,public,https://a.thumbs.redditmedia.com/DbMKoteJLuvf4VLIqPVorG4qfdpQ0x94oESHZkgR564.jpg,"Libonomy - Interoperable, scalable and truly decentralized blockchain",0,[],1.0,https://youtube.com/watch?v=5JzFCsq_Mfk&amp;feature=share,all_ads,6,rich:video,"{'enabled': False, 'images': [{'id': 'pbtn0GAS1R80pMZYxgNr1Gw6iomJ6_ELciWnvxAjIH0', 'resolutions': [{'height': 81, 'url': 'https://external-preview.redd.it/9benA1kLom_z-iGZnvPCey7p4ajxrxTmVdvRKJTGRJs.jpg?width=108&amp;crop=smart&amp;auto=webp&amp;s=1d4d12b3185054ee39e8c2e6a0f73e6512ab24f9', 'width': 108}, {'height': 162, 'url': 'https://external-preview.redd.it/9benA1kLom_z-iGZnvPCey7p4ajxrxTmVdvRKJTGRJs.jpg?width=216&amp;crop=smart&amp;auto=webp&amp;s=cff89548e8779ea8e3dfb793b9dfa7f953627f28', 'width': 216}, {'height': 240, 'url': 'https://external-preview.redd.it/9benA1kLom_z-iGZnvPCey7p4ajxrxTmVdvRKJTGRJs.jpg?width=320&amp;crop=smart&amp;auto=webp&amp;s=f462d6273656bc9d96e131befe97886b726a5dde', 'width': 320}], 'source': {'height': 360, 'url': 'https://external-preview.redd.it/9benA1kLom_z-iGZnvPCey7p4ajxrxTmVdvRKJTGRJs.jpg?auto=webp&amp;s=4d4119b47fc8a8837942c0374073929f5803b7dc', 'width': 480}, 'variants': {}}]}",105.0,140.0,https://youtube.com/watch?v=5JzFCsq_Mfk&amp;feature=share,,,,"{'oembed': {'author_name': 'Libonomy', 'author_url': 'https://www.youtube.com/c/Libonomy', 'height': 200, 'html': '&lt;iframe width=""356"" height=""200"" src=""https://www.youtube.com/embed/5JzFCsq_Mfk?feature=oembed&amp;enablejsapi=1"" frameborder=""0"" allow=""accelerometer; autoplay; clipboard-write; encrypted-media; gyroscope; picture-in-picture"" allowfullscreen&gt;&lt;/iframe&gt;', 'provider_name': 'YouTube', 'provider_url': 'https://www.youtube.com/', 'thumbnail_height': 360, 'thumbnail_url': 'https://i.ytimg.com/vi/5JzFCsq_Mfk/hqdefault.jpg', 'thumbnail_width': 480, 'title': 'Libonomy - Interoperable, scalable and truly decentralized blockchain', 'type': 'video', 'version': '1.0', 'width': 356}, 'type': 'youtube.com'}","{'content': '&lt;iframe width=""356"" height=""200"" src=""https://www.youtube.com/embed/5JzFCsq_Mfk?feature=oembed&amp;enablejsapi=1"" frameborder=""0"" allow=""accelerometer; autoplay; clipboard-write; encrypted-media; gyroscope; picture-in-picture"" allowfullscreen&gt;&lt;/iframe&gt;', 'height': 200, 'scrolling': False, 'width': 356}","{'oembed': {'author_name': 'Libonomy', 'author_url': 'https://www.youtube.com/c/Libonomy', 'height': 200, 'html': '&lt;iframe width=""356"" height=""200"" src=""https://www.youtube.com/embed/5JzFCsq_Mfk?feature=oembed&amp;enablejsapi=1"" frameborder=""0"" allow=""accelerometer; autoplay; clipboard-write; encrypted-media; gyroscope; picture-in-picture"" allowfullscreen&gt;&lt;/iframe&gt;', 'provider_name': 'YouTube', 'provider_url': 'https://www.youtube.com/', 'thumbnail_height': 360, 'thumbnail_url': 'https://i.ytimg.com/vi/5JzFCsq_Mfk/hqdefault.jpg', 'thumbnail_width': 480, 'title': 'Libonomy - Interoperable, scalable and truly decentralized blockchain', 'type': 'video', 'version': '1.0', 'width': 356}, 'type': 'youtube.com'}","{'content': '&lt;iframe width=""356"" height=""200"" src=""https://www.youtube.com/embed/5JzFCsq_Mfk?feature=oembed&amp;enablejsapi=1"" frameborder=""0"" allow=""accelerometer; autoplay; clipboard-write; encrypted-media; gyroscope; picture-in-picture"" allowfullscreen&gt;&lt;/iframe&gt;', 'height': 200, 'media_domain_url': 'https://www.redditmedia.com/mediaembed/top0vy', 'scrolling': False, 'width': 356}",top,,,,,
[],False,MollytheBee,,[],,text,t2_kqbk23a3,False,False,False,[],False,False,1648302917,self.ethereum,https://www.reddit.com/r/ethereum/comments/tooza4/ethernet_eth_developer_conference_difficulty_bomb/,{},tooza4,False,False,False,False,False,False,True,False,,[],dark,text,False,False,True,0,0,False,all_ads,/r/ethereum/comments/tooza4/ethernet_eth_developer_conference_difficulty_bomb/,False,6,moderator,1648302928,1,[removed],True,False,False,ethereum,t5_2zf9m,1251221,public,self,"Ethernet (ETH) developer conference: difficulty bomb expected in June, implementation layer specification well advanced. If the difficulty bomb is officially on, it will mark the end of PoW mining in Ether.",0,[],1.0,https://www.reddit.com/r/ethereum/comments/tooza4/ethernet_eth_developer_conference_difficulty_bomb/,all_ads,6,,,,,,,,,,,,,top,,,,,
[],False,suvomdsahariah,,[],,text,t2_kawm0fjb,False,False,False,[],False,False,1648302773,youtube.com,https://www.reddit.com/r/ethereum/comments/tooxqo/libonomy_blockchain_introduction/,{},tooxqo,False,False,False,False,False,False,False,False,,[],dark,text,False,False,True,0,0,False,all_ads,/r/ethereum/comments/tooxqo/libonomy_blockchain_introduction/,False,6,reddit,1648302783,1,,True,False,False,ethereum,t5_2zf9m,1251218,public,https://b.thumbs.redditmedia.com/phNDH5zSHpD1UQ2IJAI1-6QNDzjBOmDvCFfri8GUEwo.jpg,Libonomy Blockchain Introduction,0,[],1.0,https://youtube.com/watch?v=BsVcAv8yUFE&amp;feature=share,all_ads,6,rich:video,"{'enabled': False, 'images': [{'id': 'OePGaHQblKyGZBm9yJO_y0gFpqEFO01hjKw-_FWFs6E', 'resolutions': [{'height': 81, 'url': 'https://external-preview.redd.it/-ZnTITwzjdKcZ5mVKj9Q9_8Bu9v-ebjfB5TWctLCEic.jpg?width=108&amp;crop=smart&amp;auto=webp&amp;s=9f4e5ec465b8d5e328b34d18fb65d2662a3ba5a8', 'width': 108}, {'height': 162, 'url': 'https://external-preview.redd.it/-ZnTITwzjdKcZ5mVKj9Q9_8Bu9v-ebjfB5TWctLCEic.jpg?width=216&amp;crop=smart&amp;auto=webp&amp;s=b2e6a8b5dcac94cc7d66448bbb18bee65391aa14', 'width': 216}, {'height': 240, 'url': 'https://external-preview.redd.it/-ZnTITwzjdKcZ5mVKj9Q9_8Bu9v-ebjfB5TWctLCEic.jpg?width=320&amp;crop=smart&amp;auto=webp&amp;s=a04da563e11076e12e75e150b63e0503bec074a1', 'width': 320}], 'source': {'height': 360, 'url': 'https://external-preview.redd.it/-ZnTITwzjdKcZ5mVKj9Q9_8Bu9v-ebjfB5TWctLCEic.jpg?auto=webp&amp;s=3f683e7ef38c0e014bf48d301932da800ae12c55', 'width': 480}, 'variants': {}}]}",105.0,140.0,https://youtube.com/watch?v=BsVcAv8yUFE&amp;feature=share,,,,"{'oembed': {'author_name': 'Libonomy', 'author_url': 'https://www.youtube.com/c/Libonomy', 'height': 200, 'html': '&lt;iframe width=""356"" height=""200"" src=""https://www.youtube.com/embed/BsVcAv8yUFE?feature=oembed&amp;enablejsapi=1"" frameborder=""0"" allow=""accelerometer; autoplay; clipboard-write; encrypted-media; gyroscope; picture-in-picture"" allowfullscreen&gt;&lt;/iframe&gt;', 'provider_name': 'YouTube', 'provider_url': 'https://www.youtube.com/', 'thumbnail_height': 360, 'thumbnail_url': 'https://i.ytimg.com/vi/BsVcAv8yUFE/hqdefault.jpg', 'thumbnail_width': 480, 'title': 'Libonomy Blockchain Introduction', 'type': 'video', 'version': '1.0', 'width': 356}, 'type': 'youtube.com'}","{'content': '&lt;iframe width=""356"" height=""200"" src=""https://www.youtube.com/embed/BsVcAv8yUFE?feature=oembed&amp;enablejsapi=1"" frameborder=""0"" allow=""accelerometer; autoplay; clipboard-write; encrypted-media; gyroscope; picture-in-picture"" allowfullscreen&gt;&lt;/iframe&gt;', 'height': 200, 'scrolling': False, 'width': 356}","{'oembed': {'author_name': 'Libonomy', 'author_url': 'https://www.youtube.com/c/Libonomy', 'height': 200, 'html': '&lt;iframe width=""356"" height=""200"" src=""https://www.youtube.com/embed/BsVcAv8yUFE?feature=oembed&amp;enablejsapi=1"" frameborder=""0"" allow=""accelerometer; autoplay; clipboard-write; encrypted-media; gyroscope; picture-in-picture"" allowfullscreen&gt;&lt;/iframe&gt;', 'provider_name': 'YouTube', 'provider_url': 'https://www.youtube.com/', 'thumbnail_height': 360, 'thumbnail_url': 'https://i.ytimg.com/vi/BsVcAv8yUFE/hqdefault.jpg', 'thumbnail_width': 480, 'title': 'Libonomy Blockchain Introduction', 'type': 'video', 'version': '1.0', 'width': 356}, 'type': 'youtube.com'}","{'content': '&lt;iframe width=""356"" height=""200"" src=""https://www.youtube.com/embed/BsVcAv8yUFE?feature=oembed&amp;enablejsapi=1"" frameborder=""0"" allow=""accelerometer; autoplay; clipboard-write; encrypted-media; gyroscope; picture-in-picture"" allowfullscreen&gt;&lt;/iframe&gt;', 'height': 200, 'media_domain_url': 'https://www.redditmedia.com/mediaembed/tooxqo', 'scrolling': False, 'width': 356}",top,,,,,
[],False,Mitowise,,[],,text,t2_heyf1w2e,False,False,False,[],False,False,1648304384,self.ethereum,https://www.reddit.com/r/ethereum/comments/toqiq2/follow_mitonfts/,{},toqiq2,False,False,False,False,False,False,True,False,,[],dark,text,False,False,True,0,0,False,all_ads,/r/ethereum/comments/toqiq2/follow_mitonfts/,False,6,reddit,1648304395,1,[removed],True,False,False,ethereum,t5_2zf9m,1251227,public,self,Follow MitoNfts,0,[],1.0,https://www.reddit.com/r/ethereum/comments/toqiq2/follow_mitonfts/,all_ads,6,,,,,,,,,,,,,top,,,,,
[],False,deathadder90,,[],,text,t2_f5jwo,False,False,False,[],False,False,1648306483,self.ethereum,https://www.reddit.com/r/ethereum/comments/tos6lb/anyone_know_if_their_is_any_plans_to_reduce_eth/,{},tos6lb,False,False,False,False,False,False,True,False,,[],dark,text,False,False,True,0,0,False,all_ads,/r/ethereum/comments/tos6lb/anyone_know_if_their_is_any_plans_to_reduce_eth/,False,6,automod_filtered,1648306493,1,[removed],True,False,False,ethereum,t5_2zf9m,1251248,public,self,Anyone know if their is any plans to reduce ETH gas fees?,0,[],1.0,https://www.reddit.com/r/ethereum/comments/tos6lb/anyone_know_if_their_is_any_plans_to_reduce_eth/,all_ads,6,,,,,,,,,,,,,top,,,,,
[],False,nsimers,,[],,text,t2_4j07cilw,False,False,False,[],False,False,1648307515,/r/ethereum/comments/tosj6j/eth_forest/,https://www.reddit.com/r/ethereum/comments/tosj6j/eth_forest/,{},tosj6j,False,True,False,False,False,True,False,True,,[],dark,text,False,False,True,0,0,False,all_ads,/r/ethereum/comments/tosj6j/eth_forest/,False,6,,1648307525,1,,True,False,False,ethereum,t5_2zf9m,1251257,public,https://b.thumbs.redditmedia.com/oG0hGyiC4OlF59vuzYz1Uypxm1_8WgfIbSpZRU5bZ0Q.jpg,Eth Forest,0,[],1.0,https://v.redd.it/b6zoeftyuqp81,all_ads,6,hosted:video,"{'enabled': False, 'images': [{'id': 'rqutHQBf3R_GNQhM9izS4G5F4l4S8SylB-QsEzqXNW4', 'resolutions': [{'height': 60, 'url': 'https://external-preview.redd.it/5iroe48QsLLv_q143OKx99PUjD0lHbYe2rg55FGOIFQ.png?width=108&amp;crop=smart&amp;format=pjpg&amp;auto=webp&amp;s=ada7aeb11a9b9b6211459e35a04a56a425202846', 'width': 108}, {'height': 121, 'url': 'https://external-preview.redd.it/5iroe48QsLLv_q143OKx99PUjD0lHbYe2rg55FGOIFQ.png?width=216&amp;crop=smart&amp;format=pjpg&amp;auto=webp&amp;s=c2c0ef83597ab9c733d29e35f7a4bd4477a5ac10', 'width': 216}, {'height': 180, 'url': 'https://external-preview.redd.it/5iroe48QsLLv_q143OKx99PUjD0lHbYe2rg55FGOIFQ.png?width=320&amp;crop=smart&amp;format=pjpg&amp;auto=webp&amp;s=1205e5612ae30c45010972c097b8fc4e74a726ab', 'width': 320}, {'height': 360, 'url': 'https://external-preview.redd.it/5iroe48QsLLv_q143OKx99PUjD0lHbYe2rg55FGOIFQ.png?width=640&amp;crop=smart&amp;format=pjpg&amp;auto=webp&amp;s=dfa99fbd1bf7e81e95bde798d173b5d7d974b341', 'width': 640}, {'height': 540, 'url': 'https://external-preview.redd.it/5iroe48QsLLv_q143OKx99PUjD0lHbYe2rg55FGOIFQ.png?width=960&amp;crop=smart&amp;format=pjpg&amp;auto=webp&amp;s=5eeaff05824b0d667c11816f4247130d5a8aa2b6', 'width': 960}, {'height': 607, 'url': 'https://external-preview.redd.it/5iroe48QsLLv_q143OKx99PUjD0lHbYe2rg55FGOIFQ.png?width=1080&amp;crop=smart&amp;format=pjpg&amp;auto=webp&amp;s=bafdcd34837e46bc831759bfbdbc919b6bd2f7d0', 'width': 1080}], 'source': {'height': 1080, 'url': 'https://external-preview.redd.it/5iroe48QsLLv_q143OKx99PUjD0lHbYe2rg55FGOIFQ.png?format=pjpg&amp;auto=webp&amp;s=cfcda584374ca8b8c8f212f13cb108c061220385', 'width': 1920}, 'variants': {}}]}",78.0,140.0,https://v.redd.it/b6zoeftyuqp81,,,,,,,,top,,,,,
[],False,sputnikam,,[],,text,t2_1w686z5s,False,False,False,[],False,False,1648308587,self.ethereum,https://www.reddit.com/r/ethereum/comments/tosve4/check_out_inkfinks_brand_new_awesome_art_on_eth/,{},tosve4,False,True,False,False,False,True,True,False,,[],dark,text,False,False,True,0,0,False,all_ads,/r/ethereum/comments/tosve4/check_out_inkfinks_brand_new_awesome_art_on_eth/,False,6,,1648308598,1,"**__What is InkFinks? __**
InkFinks is a collection of 8,888 NFTs which will act as the first chapter of a larger narrative, continuously unravelling through future multimedia projects. Inspired by traditional animation and pop culture, each piece features hand-drawn traits and water-colour backgrounds painted by emerging artist, Mr. Bear. 

Find out more here: https://discord.gg/kVwRMxE8",True,False,False,ethereum,t5_2zf9m,1251268,public,self,"Check out InkFinks, Brand New Awesome Art On Eth!!!!!",0,[],1.0,https://www.reddit.com/r/ethereum/comments/tosve4/check_out_inkfinks_brand_new_awesome_art_on_eth/,all_ads,6,self,"{'enabled': False, 'images': [{'id': 'CookLw8KLDEJEvRne3yXyS5kp9qjJlPO_B8k6i-R5EY', 'resolutions': [{'height': 60, 'url': 'https://external-preview.redd.it/yPC00pjTKcdgHAuizZbYBYvqk4o5D_TwpHZNztn0nyA.jpg?width=108&amp;crop=smart&amp;auto=webp&amp;s=eca116bdf957e7feff1f38b6c7dc8f6799104dd1', 'width': 108}, {'height': 121, 'url': 'https://external-preview.redd.it/yPC00pjTKcdgHAuizZbYBYvqk4o5D_TwpHZNztn0nyA.jpg?width=216&amp;crop=smart&amp;auto=webp&amp;s=9059df7d0b50d8b610da2ef10d06b07941655f8d', 'width': 216}, {'height': 180, 'url': 'https://external-preview.redd.it/yPC00pjTKcdgHAuizZbYBYvqk4o5D_TwpHZNztn0nyA.jpg?width=320&amp;crop=smart&amp;auto=webp&amp;s=cf87d407482ee49057e69eda32453e136501c7cd', 'width': 320}], 'source': {'height': 288, 'url': 'https://external-preview.redd.it/yPC00pjTKcdgHAuizZbYBYvqk4o5D_TwpHZNztn0nyA.jpg?auto=webp&amp;s=d46fb48b725218e11a00311e4b68f0f7f97d6cd4', 'width': 512}, 'variants': {}}]}",,,,,,,,,,,top,,,,,
[],False,easin_sujon,,[],,text,t2_kqhab3j1,False,False,False,[],False,False,1648309778,self.ethereum,https://www.reddit.com/r/ethereum/comments/tott4r/gravisfinance_ido_x_daostarter/,{},tott4r,False,False,False,False,False,False,True,False,,[],dark,text,False,False,True,0,0,False,all_ads,/r/ethereum/comments/tott4r/gravisfinance_ido_x_daostarter/,False,6,reddit,1648309788,1,[removed],True,False,False,ethereum,t5_2zf9m,1251279,public,https://b.thumbs.redditmedia.com/h56d59S7UyeTRxbhgEPWsUUPPoNT673HECRAxHS2-FQ.jpg,#GRAVISFINANCE IDO X DAOstarter,0,[],1.0,https://www.reddit.com/r/ethereum/comments/tott4r/gravisfinance_ido_x_daostarter/,all_ads,6,,,78.0,140.0,,,,,,,,,top,,,,,
[],False,Slow-Ad-3690,,[],,text,t2_gd40ibcc,False,False,False,[],False,False,1648299984,self.XRP,https://www.reddit.com/r/XRP/comments/too4cr/i_am_looking_for_help_with_ripple_x_flare/,{},too4cr,False,False,False,False,False,False,True,False,#349e48,"[{'e': 'text', 't': 'Airdrop'}]",light,richtext,False,False,True,0,0,False,some_ads,/r/XRP/comments/too4cr/i_am_looking_for_help_with_ripple_x_flare/,False,7,moderator,1648299995,1,[removed],True,False,False,XRP,t5_2ruj5,312135,public,self,I am looking for help with Ripple X Flare Networkâ€™s airdrop whose snapshot was taken in 2021. If you know let me know. Thanks.,0,[],1.0,https://www.reddit.com/r/XRP/comments/too4cr/i_am_looking_for_help_with_ripple_x_flare/,some_ads,7,,,,,,,,,,,,,,689d4b6a-47b9-11ec-a112-a2f36f2d0019,Airdrop,,,
[],False,floatngthruitall,,[],,text,t2_3nhp93b2,False,False,False,[],False,False,1648304391,self.XRP,https://www.reddit.com/r/XRP/comments/toqish/how_can_i_buy_xrp_as_a_us_customer_i_have/,{},toqish,False,False,False,False,False,False,True,False,#0aa18f,"[{'e': 'text', 't': 'Investing'}]",light,richtext,False,False,True,0,0,False,some_ads,/r/XRP/comments/toqish/how_can_i_buy_xrp_as_a_us_customer_i_have/,False,7,moderator,1648304402,1,[removed],True,False,False,XRP,t5_2ruj5,312140,public,self,"How can I buy xrp as a US customer? I have coinbase pro, kraken, and crypto.com now but nothing lets me buy! Help!",0,[],1.0,https://www.reddit.com/r/XRP/comments/toqish/how_can_i_buy_xrp_as_a_us_customer_i_have/,some_ads,7,,,,,,,,,,,,,,155d9ef6-47b3-11ec-b8a2-3226a49803ac,Investing,,,
[],False,Just_Serve4239,,[],,text,t2_j176clvt,False,False,False,[],False,False,1648308488,i.redd.it,https://www.reddit.com/r/XRP/comments/tosu8z/want_to_feel_the_winning_be_a_part_of_jumbo/,{},tosu8z,False,False,False,False,True,False,False,False,#ccac2b,"[{'e': 'text', 't': 'Crypto'}]",light,richtext,False,False,True,0,0,False,some_ads,/r/XRP/comments/tosu8z/want_to_feel_the_winning_be_a_part_of_jumbo/,False,7,reddit,1648308498,1,,False,False,False,XRP,t5_2ruj5,312147,public,https://b.thumbs.redditmedia.com/j7KmhkTq5Jrov7sYf_FgGVZp80TCe3cZVadGTo1OwYw.jpg,Want to feel the Winning? ðŸ’¸ Be a part of Jumbo Ticket NowðŸ¥‚,0,[],1.0,https://i.redd.it/mpvfyz6w3ho81.png,some_ads,7,image,"{'enabled': True, 'images': [{'id': 'Y2qdc96UTlH5fZmez1cVWhZ9h-vz6tpXJKFt2ND3g_I', 'resolutions': [{'height': 108, 'url': 'https://preview.redd.it/mpvfyz6w3ho81.png?width=108&amp;crop=smart&amp;auto=webp&amp;s=5420fe12aebc0ff29bf3c13fb9daabfb9ce0681a', 'width': 108}, {'height': 216, 'url': 'https://preview.redd.it/mpvfyz6w3ho81.png?width=216&amp;crop=smart&amp;auto=webp&amp;s=064cb2edc7a929c82cabcf6efd0e6df1a5523c99', 'width': 216}, {'height': 320, 'url': 'https://preview.redd.it/mpvfyz6w3ho81.png?width=320&amp;crop=smart&amp;auto=webp&amp;s=afce4c28837b31537963525691aea7d881000f62', 'width': 320}, {'height': 640, 'url': 'https://preview.redd.it/mpvfyz6w3ho81.png?width=640&amp;crop=smart&amp;auto=webp&amp;s=82a2c726f471fdaa54e77e2575bb29afd0014abf', 'width': 640}, {'height': 960, 'url': 'https://preview.redd.it/mpvfyz6w3ho81.png?width=960&amp;crop=smart&amp;auto=webp&amp;s=ed2c721b2ce13a69e02f9833a836c2bd91faa189', 'width': 960}, {'height': 1080, 'url': 'https://preview.redd.it/mpvfyz6w3ho81.png?width=1080&amp;crop=smart&amp;auto=webp&amp;s=8838ed013df25f2db76da5ef3e1d2398e240cbcd', 'width': 1080}], 'source': {'height': 1080, 'url': 'https://preview.redd.it/mpvfyz6w3ho81.png?auto=webp&amp;s=6e25b343bae4c18b5ac7f01ecf9fd43e92f78e90', 'width': 1080}, 'variants': {}}]}",140.0,140.0,https://i.redd.it/mpvfyz6w3ho81.png,,,,,,,,,5229c866-47c0-11ec-880a-0afbbca51eed,Crypto,t3_tidyot,"[{'all_awardings': [], 'allow_live_comments': False, 'approved_at_utc': None, 'approved_by': None, 'archived': False, 'author': 'JumboTicket', 'author_flair_background_color': None, 'author_flair_css_class': None, 'author_flair_richtext': [], 'author_flair_template_id': None, 'author_flair_text': None, 'author_flair_text_color': None, 'author_flair_type': 'text', 'author_fullname': 't2_b6761hng', 'author_is_blocked': False, 'author_patreon_flair': False, 'author_premium': False, 'awarders': [], 'banned_at_utc': None, 'banned_by': None, 'can_gild': True, 'can_mod_post': False, 'category': None, 'clicked': False, 'content_categories': None, 'contest_mode': False, 'created': 1647753597.0, 'created_utc': 1647753597.0, 'discussion_type': None, 'distinguished': None, 'domain': 'i.redd.it', 'downs': 0, 'edited': False, 'gilded': 0, 'gildings': {}, 'hidden': False, 'hide_score': False, 'id': 'tidyot', 'is_created_from_ads_ui': False, 'is_crosspostable': True, 'is_meta': False, 'is_original_content': False, 'is_reddit_media_domain': True, 'is_robot_indexable': True, 'is_self': False, 'is_video': False, 'likes': None, 'link_flair_background_color': '#46d160', 'link_flair_css_class': '', 'link_flair_richtext': [], 'link_flair_template_id': '5dd4d950-04d9-11ec-bba2-aa4c428bc641', 'link_flair_text': 'OFFICIAL', 'link_flair_text_color': 'light', 'link_flair_type': 'text', 'locked': False, 'media': None, 'media_embed': {}, 'media_only': False, 'mod_note': None, 'mod_reason_by': None, 'mod_reason_title': None, 'mod_reports': [], 'name': 't3_tidyot', 'no_follow': False, 'num_comments': 8, 'num_crossposts': 35, 'num_reports': None, 'over_18': False, 'parent_whitelist_status': None, 'permalink': '/r/JumboTicket/comments/tidyot/want_to_feel_the_winning_be_a_part_of_jumbo/', 'pinned': False, 'post_hint': 'image', 'preview': {'enabled': True, 'images': [{'id': 'Y2qdc96UTlH5fZmez1cVWhZ9h-vz6tpXJKFt2ND3g_I', 'resolutions': [{'height': 108, 'url': 'https://preview.redd.it/mpvfyz6w3ho81.png?width=108&amp;crop=smart&amp;auto=webp&amp;s=5420fe12aebc0ff29bf3c13fb9daabfb9ce0681a', 'width': 108}, {'height': 216, 'url': 'https://preview.redd.it/mpvfyz6w3ho81.png?width=216&amp;crop=smart&amp;auto=webp&amp;s=064cb2edc7a929c82cabcf6efd0e6df1a5523c99', 'width': 216}, {'height': 320, 'url': 'https://preview.redd.it/mpvfyz6w3ho81.png?width=320&amp;crop=smart&amp;auto=webp&amp;s=afce4c28837b31537963525691aea7d881000f62', 'width': 320}, {'height': 640, 'url': 'https://preview.redd.it/mpvfyz6w3ho81.png?width=640&amp;crop=smart&amp;auto=webp&amp;s=82a2c726f471fdaa54e77e2575bb29afd0014abf', 'width': 640}, {'height': 960, 'url': 'https://preview.redd.it/mpvfyz6w3ho81.png?width=960&amp;crop=smart&amp;auto=webp&amp;s=ed2c721b2ce13a69e02f9833a836c2bd91faa189', 'width': 960}, {'height': 1080, 'url': 'https://preview.redd.it/mpvfyz6w3ho81.png?width=1080&amp;crop=smart&amp;auto=webp&amp;s=8838ed013df25f2db76da5ef3e1d2398e240cbcd', 'width': 1080}], 'source': {'height': 1080, 'url': 'https://preview.redd.it/mpvfyz6w3ho81.png?auto=webp&amp;s=6e25b343bae4c18b5ac7f01ecf9fd43e92f78e90', 'width': 1080}, 'variants': {}}]}, 'pwls': None, 'quarantine': False, 'removal_reason': None, 'removed_by': None, 'removed_by_category': None, 'report_reasons': None, 'saved': False, 'score': 2, 'secure_media': None, 'secure_media_embed': {}, 'selftext': '', 'selftext_html': None, 'send_replies': True, 'spoiler': False, 'stickied': False, 'subreddit': 'JumboTicket', 'subreddit_id': 't5_4w777l', 'subreddit_name_prefixed': 'r/JumboTicket', 'subreddit_subscribers': 160, 'subreddit_type': 'public', 'suggested_sort': None, 'thumbnail': 'https://b.thumbs.redditmedia.com/j7KmhkTq5Jrov7sYf_FgGVZp80TCe3cZVadGTo1OwYw.jpg', 'thumbnail_height': 140, 'thumbnail_width': 140, 'title': 'Want to feel the Winning? ðŸ’¸ Be a part of Jumbo Ticket NowðŸ¥‚', 'top_awarded_type': None, 'total_awards_received': 0, 'treatment_tags': [], 'ups': 2, 'upvote_ratio': 1.0, 'url': 'https://i.redd.it/mpvfyz6w3ho81.png', 'url_overridden_by_dest': 'https://i.redd.it/mpvfyz6w3ho81.png', 'user_reports': [], 'view_count': None, 'visited': False, 'whitelist_status': None, 'wls': None}]",
[],False,2-Da-mooooon,Training,"[{'e': 'text', 't': 'Redditor for 6 months'}]",Redditor for 6 months,richtext,t2_bms38kmo,False,False,False,[],False,False,1648311484,self.XRP,https://www.reddit.com/r/XRP/comments/tovto8/casino_coin_csc_pump/,{},tovto8,False,False,False,False,False,False,True,False,#646d73,"[{'e': 'text', 't': 'XRPL'}]",light,richtext,False,False,True,0,0,False,some_ads,/r/XRP/comments/tovto8/casino_coin_csc_pump/,False,7,moderator,1648311495,1,[removed],True,False,False,XRP,t5_2ruj5,312149,public,self,CASINO COIN CSC PUMP,0,[],1.0,https://www.reddit.com/r/XRP/comments/tovto8/casino_coin_csc_pump/,some_ads,7,,,,,,f51453f4-6c38-11e9-9031-0ea06aef805a,dark,,,,,,,09df385c-47bb-11ec-b52e-9e155b20182f,XRPL,,,
[],False,nateanddebse,,[],,text,t2_cu00xicf,False,False,False,[],False,False,1648312192,self.XRP,https://www.reddit.com/r/XRP/comments/townou/rastaswap_1_crypto_cannabis_ecosystem_and_a/,{},townou,False,False,False,False,False,False,True,False,#9e8d49,"[{'e': 'text', 't': 'Exchange'}]",light,richtext,False,False,True,0,0,False,some_ads,/r/XRP/comments/townou/rastaswap_1_crypto_cannabis_ecosystem_and_a/,False,7,moderator,1648312202,1,[removed],True,False,False,XRP,t5_2ruj5,312148,public,self,RastaSwap - #1 Crypto Cannabis Ecosystem and a Bridge Between Traditional Market and Crypto,0,[],1.0,https://www.reddit.com/r/XRP/comments/townou/rastaswap_1_crypto_cannabis_ecosystem_and_a/,some_ads,7,self,"{'enabled': False, 'images': [{'id': 'cxsLTQkFIXCqk0DMJ4xCIFwiJSxtMWj0nhBdN894VtM', 'resolutions': [{'height': 56, 'url': 'https://external-preview.redd.it/NHrZOFOEDxDI_NToDhmNGh7ZbX-_dmUqK4lPzTsa6Tw.jpg?width=108&amp;crop=smart&amp;auto=webp&amp;s=a9c5f28986509dfc32be9ab3a5feb6e7c0759e01', 'width': 108}, {'height': 113, 'url': 'https://external-preview.redd.it/NHrZOFOEDxDI_NToDhmNGh7ZbX-_dmUqK4lPzTsa6Tw.jpg?width=216&amp;crop=smart&amp;auto=webp&amp;s=c891cdc2b3544b65ba32168b47a4f71b0c9c384a', 'width': 216}, {'height': 168, 'url': 'https://external-preview.redd.it/NHrZOFOEDxDI_NToDhmNGh7ZbX-_dmUqK4lPzTsa6Tw.jpg?width=320&amp;crop=smart&amp;auto=webp&amp;s=14d32c9bcd4988a4ce69f2293169163b74a830f7', 'width': 320}, {'height': 336, 'url': 'https://external-preview.redd.it/NHrZOFOEDxDI_NToDhmNGh7ZbX-_dmUqK4lPzTsa6Tw.jpg?width=640&amp;crop=smart&amp;auto=webp&amp;s=63fcc98634acd97ade7b44a53317694748dd98db', 'width': 640}, {'height': 504, 'url': 'https://external-preview.redd.it/NHrZOFOEDxDI_NToDhmNGh7ZbX-_dmUqK4lPzTsa6Tw.jpg?width=960&amp;crop=smart&amp;auto=webp&amp;s=74f0dddb60e19764ec9b71c78ee6990c002fa50e', 'width': 960}, {'height': 567, 'url': 'https://external-preview.redd.it/NHrZOFOEDxDI_NToDhmNGh7ZbX-_dmUqK4lPzTsa6Tw.jpg?width=1080&amp;crop=smart&amp;auto=webp&amp;s=5f3bd3495a74016fd9ef9d5f0a3bde53d046b15c', 'width': 1080}], 'source': {'height': 630, 'url': 'https://external-preview.redd.it/NHrZOFOEDxDI_NToDhmNGh7ZbX-_dmUqK4lPzTsa6Tw.jpg?auto=webp&amp;s=dc0a50dfbb7dc70002b24d8c3dca1859b686ab14', 'width': 1200}, 'variants': {}}]}",,,,,,,,,,,,d9872140-47bc-11ec-a153-2aebe8223909,Exchange,,,
[],False,Westernworld1,Training,"[{'e': 'text', 't': 'Redditor for 11 months'}]",Redditor for 11 months,richtext,t2_93u5g47i,False,False,False,[],False,False,1648318752,youtu.be,https://www.reddit.com/r/XRP/comments/tozhw7/xrp_huge_breakout_happening_xrp_crypto_price/,{},tozhw7,False,False,False,False,False,False,False,False,#73ad34,"[{'e': 'text', 't': 'Technical'}]",light,richtext,False,False,True,0,0,False,some_ads,/r/XRP/comments/tozhw7/xrp_huge_breakout_happening_xrp_crypto_price/,False,7,reddit,1648318762,1,,True,False,False,XRP,t5_2ruj5,312156,public,https://b.thumbs.redditmedia.com/zY9Y4I2Qz5ky0gephcGA66jiMn0EwzU5463q1PG_kyo.jpg,XRP HUGE BREAK-OUT HAPPENING!!! XRP CRYPTO PRICE ANALYSIS AND PREDICTIONS,0,[],1.0,https://youtu.be/IOSBvB_Q3zY,some_ads,7,rich:video,"{'enabled': False, 'images': [{'id': '7BqnF5e1-ABA1uMd18jEFraF4N2kbRPfgHZRkuRLAbg', 'resolutions': [{'height': 81, 'url': 'https://external-preview.redd.it/jLJxc-WVg2k4xn1WF_B5sPWzi1defs1jgBW2Is6odFs.jpg?width=108&amp;crop=smart&amp;auto=webp&amp;s=2e1ace858c994a6c7105e146f5c8311cbcfa3129', 'width': 108}, {'height': 162, 'url': 'https://external-preview.redd.it/jLJxc-WVg2k4xn1WF_B5sPWzi1defs1jgBW2Is6odFs.jpg?width=216&amp;crop=smart&amp;auto=webp&amp;s=b80fbd84eb8660fff5c067fb527bcd96628d16c4', 'width': 216}, {'height': 240, 'url': 'https://external-preview.redd.it/jLJxc-WVg2k4xn1WF_B5sPWzi1defs1jgBW2Is6odFs.jpg?width=320&amp;crop=smart&amp;auto=webp&amp;s=6ba6bcba8d7b0e21c479e3481f9e6ccb743b03d1', 'width': 320}], 'source': {'height': 360, 'url': 'https://external-preview.redd.it/jLJxc-WVg2k4xn1WF_B5sPWzi1defs1jgBW2Is6odFs.jpg?auto=webp&amp;s=b4ababeaed226cff7a7098881949765a564bcb85', 'width': 480}, 'variants': {}}]}",105.0,140.0,https://youtu.be/IOSBvB_Q3zY,f51453f4-6c38-11e9-9031-0ea06aef805a,dark,,"{'oembed': {'author_name': 'Money HQ', 'author_url': 'https://www.youtube.com/c/MoneyHQ', 'height': 200, 'html': '&lt;iframe width=""267"" height=""200"" src=""https://www.youtube.com/embed/IOSBvB_Q3zY?feature=oembed&amp;enablejsapi=1"" frameborder=""0"" allow=""accelerometer; autoplay; clipboard-write; encrypted-media; gyroscope; picture-in-picture"" allowfullscreen&gt;&lt;/iframe&gt;', 'provider_name': 'YouTube', 'provider_url': 'https://www.youtube.com/', 'thumbnail_height': 360, 'thumbnail_url': 'https://i.ytimg.com/vi/IOSBvB_Q3zY/hqdefault.jpg', 'thumbnail_width': 480, 'title': 'XRP HUGE BREAK-OUT HAPPENING!!! XRP CRYPTO PRICE ANALYSIS AND PREDICTIONS', 'type': 'video', 'version': '1.0', 'width': 267}, 'type': 'youtube.com'}","{'content': '&lt;iframe width=""267"" height=""200"" src=""https://www.youtube.com/embed/IOSBvB_Q3zY?feature=oembed&amp;enablejsapi=1"" frameborder=""0"" allow=""accelerometer; autoplay; clipboard-write; encrypted-media; gyroscope; picture-in-picture"" allowfullscreen&gt;&lt;/iframe&gt;', 'height': 200, 'scrolling': False, 'width': 267}","{'oembed': {'author_name': 'Money HQ', 'author_url': 'https://www.youtube.com/c/MoneyHQ', 'height': 200, 'html': '&lt;iframe width=""267"" height=""200"" src=""https://www.youtube.com/embed/IOSBvB_Q3zY?feature=oembed&amp;enablejsapi=1"" frameborder=""0"" allow=""accelerometer; autoplay; clipboard-write; encrypted-media; gyroscope; picture-in-picture"" allowfullscreen&gt;&lt;/iframe&gt;', 'provider_name': 'YouTube', 'provider_url': 'https://www.youtube.com/', 'thumbnail_height': 360, 'thumbnail_url': 'https://i.ytimg.com/vi/IOSBvB_Q3zY/hqdefault.jpg', 'thumbnail_width': 480, 'title': 'XRP HUGE BREAK-OUT HAPPENING!!! XRP CRYPTO PRICE ANALYSIS AND PREDICTIONS', 'type': 'video', 'version': '1.0', 'width': 267}, 'type': 'youtube.com'}","{'content': '&lt;iframe width=""267"" height=""200"" src=""https://www.youtube.com/embed/IOSBvB_Q3zY?feature=oembed&amp;enablejsapi=1"" frameborder=""0"" allow=""accelerometer; autoplay; clipboard-write; encrypted-media; gyroscope; picture-in-picture"" allowfullscreen&gt;&lt;/iframe&gt;', 'height': 200, 'media_domain_url': 'https://www.redditmedia.com/mediaembed/tozhw7', 'scrolling': False, 'width': 267}",,11796c7a-47b3-11ec-8cd9-02cfe0429d80,Technical,,,
[],False,coachhunter,Gentleman,"[{'e': 'text', 't': 'XRP Hodler'}]",XRP Hodler,richtext,t2_1hjxby03,False,False,False,[],False,False,1648320008,youtu.be,https://www.reddit.com/r/XRP/comments/tozwvz/attorney_jeremy_hogan_on_the_ripple_v_sec_smoking/,{},tozwvz,False,True,False,False,False,True,False,False,#0079d3,"[{'e': 'text', 't': 'Ripple'}]",light,richtext,False,False,False,0,0,False,some_ads,/r/XRP/comments/tozwvz/attorney_jeremy_hogan_on_the_ripple_v_sec_smoking/,False,7,,1648320019,1,,True,False,False,XRP,t5_2ruj5,312158,public,https://b.thumbs.redditmedia.com/0_ludybjS1l9ajkiVqJts4FIq0aQZenEQS-qAHDohck.jpg,"Attorney Jeremy Hogan on the Ripple v. SEC SMOKING GUN! And of Course, the SEC Delay Game.",0,[],1.0,https://youtu.be/p-lvZPFVhzY,some_ads,7,rich:video,"{'enabled': False, 'images': [{'id': 'O1wGTe2FlW10PN4Io13X8DxtGbjekXJpp1JRDKYczek', 'resolutions': [{'height': 81, 'url': 'https://external-preview.redd.it/ZAcKRYULHudQqGIcvoUCoY4u-Bm6ccYZ8fcCH4PJFt0.jpg?width=108&amp;crop=smart&amp;auto=webp&amp;s=4f66930b7ef8abe37d25a5cda374bca01f44d58e', 'width': 108}, {'height': 162, 'url': 'https://external-preview.redd.it/ZAcKRYULHudQqGIcvoUCoY4u-Bm6ccYZ8fcCH4PJFt0.jpg?width=216&amp;crop=smart&amp;auto=webp&amp;s=1531420a159e633f51eb218b376c7995c488ed00', 'width': 216}, {'height': 240, 'url': 'https://external-preview.redd.it/ZAcKRYULHudQqGIcvoUCoY4u-Bm6ccYZ8fcCH4PJFt0.jpg?width=320&amp;crop=smart&amp;auto=webp&amp;s=4396ca533d8302f6dbb8d4691b57cd1e7b6afa59', 'width': 320}], 'source': {'height': 360, 'url': 'https://external-preview.redd.it/ZAcKRYULHudQqGIcvoUCoY4u-Bm6ccYZ8fcCH4PJFt0.jpg?auto=webp&amp;s=db7714b4bbd04f831347abdecd1d139653c7fa68', 'width': 480}, 'variants': {}}]}",105.0,140.0,https://youtu.be/p-lvZPFVhzY,07e1063e-6aba-11e8-8fbb-0efb9a871d68,dark,,"{'oembed': {'author_name': 'Legal Briefs', 'author_url': 'https://www.youtube.com/c/LegalBriefs', 'height': 200, 'html': '&lt;iframe width=""356"" height=""200"" src=""https://www.youtube.com/embed/p-lvZPFVhzY?feature=oembed&amp;enablejsapi=1"" frameborder=""0"" allow=""accelerometer; autoplay; clipboard-write; encrypted-media; gyroscope; picture-in-picture"" allowfullscreen&gt;&lt;/iframe&gt;', 'provider_name': 'YouTube', 'provider_url': 'https://www.youtube.com/', 'thumbnail_height': 360, 'thumbnail_url': 'https://i.ytimg.com/vi/p-lvZPFVhzY/hqdefault.jpg', 'thumbnail_width': 480, 'title': 'Attorney Jeremy Hogan on the Ripple v. SEC SMOKING GUN! And of Course, the SEC Delay Game.', 'type': 'video', 'version': '1.0', 'width': 356}, 'type': 'youtube.com'}","{'content': '&lt;iframe width=""356"" height=""200"" src=""https://www.youtube.com/embed/p-lvZPFVhzY?feature=oembed&amp;enablejsapi=1"" frameborder=""0"" allow=""accelerometer; autoplay; clipboard-write; encrypted-media; gyroscope; picture-in-picture"" allowfullscreen&gt;&lt;/iframe&gt;', 'height': 200, 'scrolling': False, 'width': 356}","{'oembed': {'author_name': 'Legal Briefs', 'author_url': 'https://www.youtube.com/c/LegalBriefs', 'height': 200, 'html': '&lt;iframe width=""356"" height=""200"" src=""https://www.youtube.com/embed/p-lvZPFVhzY?feature=oembed&amp;enablejsapi=1"" frameborder=""0"" allow=""accelerometer; autoplay; clipboard-write; encrypted-media; gyroscope; picture-in-picture"" allowfullscreen&gt;&lt;/iframe&gt;', 'provider_name': 'YouTube', 'provider_url': 'https://www.youtube.com/', 'thumbnail_height': 360, 'thumbnail_url': 'https://i.ytimg.com/vi/p-lvZPFVhzY/hqdefault.jpg', 'thumbnail_width': 480, 'title': 'Attorney Jeremy Hogan on the Ripple v. SEC SMOKING GUN! And of Course, the SEC Delay Game.', 'type': 'video', 'version': '1.0', 'width': 356}, 'type': 'youtube.com'}","{'content': '&lt;iframe width=""356"" height=""200"" src=""https://www.youtube.com/embed/p-lvZPFVhzY?feature=oembed&amp;enablejsapi=1"" frameborder=""0"" allow=""accelerometer; autoplay; clipboard-write; encrypted-media; gyroscope; picture-in-picture"" allowfullscreen&gt;&lt;/iframe&gt;', 'height': 200, 'media_domain_url': 'https://www.redditmedia.com/mediaembed/tozwvz', 'scrolling': False, 'width': 356}",,0dd1dac8-47bb-11ec-8bb5-32beb8ba1a98,Ripple,t3_tozwk4,"[{'all_awardings': [], 'allow_live_comments': False, 'approved_at_utc': None, 'approved_by': None, 'archived': False, 'author': 'coachhunter', 'author_flair_background_color': None, 'author_flair_css_class': 'Gentleman', 'author_flair_richtext': [{'e': 'text', 't': 'XRP Hodler'}], 'author_flair_template_id': '8fdd2594-6a98-11e8-b3ea-0e455ee08822', 'author_flair_text': 'XRP Hodler', 'author_flair_text_color': 'dark', 'author_flair_type': 'richtext', 'author_fullname': 't2_1hjxby03', 'author_is_blocked': False, 'author_patreon_flair': False, 'author_premium': False, 'awarders': [], 'banned_at_utc': None, 'banned_by': None, 'can_gild': True, 'can_mod_post': False, 'category': None, 'clicked': False, 'content_categories': None, 'contest_mode': False, 'created': 1648319984.0, 'created_utc': 1648319984.0, 'discussion_type': None, 'distinguished': None, 'domain': 'youtu.be', 'downs': 0, 'edited': False, 'gilded': 0, 'gildings': {}, 'hidden': False, 'hide_score': True, 'id': 'tozwk4', 'is_created_from_ads_ui': False, 'is_crosspostable': True, 'is_meta': False, 'is_original_content': False, 'is_reddit_media_domain': False, 'is_robot_indexable': True, 'is_self': False, 'is_video': False, 'likes': None, 'link_flair_background_color': '', 'link_flair_css_class': None, 'link_flair_richtext': [], 'link_flair_text': None, 'link_flair_text_color': 'dark', 'link_flair_type': 'text', 'locked': False, 'media': {'oembed': {'author_name': 'Legal Briefs', 'author_url': 'https://www.youtube.com/c/LegalBriefs', 'height': 200, 'html': '&lt;iframe width=""356"" height=""200"" src=""https://www.youtube.com/embed/p-lvZPFVhzY?feature=oembed&amp;enablejsapi=1"" frameborder=""0"" allow=""accelerometer; autoplay; clipboard-write; encrypted-media; gyroscope; picture-in-picture"" allowfullscreen&gt;&lt;/iframe&gt;', 'provider_name': 'YouTube', 'provider_url': 'https://www.youtube.com/', 'thumbnail_height': 360, 'thumbnail_url': 'https://i.ytimg.com/vi/p-lvZPFVhzY/hqdefault.jpg', 'thumbnail_width': 480, 'title': 'Attorney Jeremy Hogan on the Ripple v. SEC SMOKING GUN! And of Course, the SEC Delay Game.', 'type': 'video', 'version': '1.0', 'width': 356}, 'type': 'youtube.com'}, 'media_embed': {'content': '&lt;iframe width=""356"" height=""200"" src=""https://www.youtube.com/embed/p-lvZPFVhzY?feature=oembed&amp;enablejsapi=1"" frameborder=""0"" allow=""accelerometer; autoplay; clipboard-write; encrypted-media; gyroscope; picture-in-picture"" allowfullscreen&gt;&lt;/iframe&gt;', 'height': 200, 'scrolling': False, 'width': 356}, 'media_only': False, 'mod_note': None, 'mod_reason_by': None, 'mod_reason_title': None, 'mod_reports': [], 'name': 't3_tozwk4', 'no_follow': True, 'num_comments': 0, 'num_crossposts': 0, 'num_reports': None, 'over_18': False, 'parent_whitelist_status': 'all_ads', 'permalink': '/r/Ripple/comments/tozwk4/attorney_jeremy_hogan_on_the_ripple_v_sec_smoking/', 'pinned': False, 'post_hint': 'rich:video', 'preview': {'enabled': False, 'images': [{'id': 'O1wGTe2FlW10PN4Io13X8DxtGbjekXJpp1JRDKYczek', 'resolutions': [{'height': 81, 'url': 'https://external-preview.redd.it/ZAcKRYULHudQqGIcvoUCoY4u-Bm6ccYZ8fcCH4PJFt0.jpg?width=108&amp;crop=smart&amp;auto=webp&amp;s=4f66930b7ef8abe37d25a5cda374bca01f44d58e', 'width': 108}, {'height': 162, 'url': 'https://external-preview.redd.it/ZAcKRYULHudQqGIcvoUCoY4u-Bm6ccYZ8fcCH4PJFt0.jpg?width=216&amp;crop=smart&amp;auto=webp&amp;s=1531420a159e633f51eb218b376c7995c488ed00', 'width': 216}, {'height': 240, 'url': 'https://external-preview.redd.it/ZAcKRYULHudQqGIcvoUCoY4u-Bm6ccYZ8fcCH4PJFt0.jpg?width=320&amp;crop=smart&amp;auto=webp&amp;s=4396ca533d8302f6dbb8d4691b57cd1e7b6afa59', 'width': 320}], 'source': {'height': 360, 'url': 'https://external-preview.redd.it/ZAcKRYULHudQqGIcvoUCoY4u-Bm6ccYZ8fcCH4PJFt0.jpg?auto=webp&amp;s=db7714b4bbd04f831347abdecd1d139653c7fa68', 'width': 480}, 'variants': {}}]}, 'pwls': 6, 'quarantine': False, 'removal_reason': None, 'removed_by': None, 'removed_by_category': None, 'report_reasons': None, 'saved': False, 'score': 1, 'secure_media': {'oembed': {'author_name': 'Legal Briefs', 'author_url': 'https://www.youtube.com/c/LegalBriefs', 'height': 200, 'html': '&lt;iframe width=""356"" height=""200"" src=""https://www.youtube.com/embed/p-lvZPFVhzY?feature=oembed&amp;enablejsapi=1"" frameborder=""0"" allow=""accelerometer; autoplay; clipboard-write; encrypted-media; gyroscope; picture-in-picture"" allowfullscreen&gt;&lt;/iframe&gt;', 'provider_name': 'YouTube', 'provider_url': 'https://www.youtube.com/', 'thumbnail_height': 360, 'thumbnail_url': 'https://i.ytimg.com/vi/p-lvZPFVhzY/hqdefault.jpg', 'thumbnail_width': 480, 'title': 'Attorney Jeremy Hogan on the Ripple v. SEC SMOKING GUN! And of Course, the SEC Delay Game.', 'type': 'video', 'version': '1.0', 'width': 356}, 'type': 'youtube.com'}, 'secure_media_embed': {'content': '&lt;iframe width=""356"" height=""200"" src=""https://www.youtube.com/embed/p-lvZPFVhzY?feature=oembed&amp;enablejsapi=1"" frameborder=""0"" allow=""accelerometer; autoplay; clipboard-write; encrypted-media; gyroscope; picture-in-picture"" allowfullscreen&gt;&lt;/iframe&gt;', 'height': 200, 'media_domain_url': 'https://www.redditmedia.com/mediaembed/tozwk4', 'scrolling': False, 'width': 356}, 'selftext': '', 'selftext_html': None, 'send_replies': True, 'spoiler': False, 'stickied': False, 'subreddit': 'Ripple', 'subreddit_id': 't5_2r9sg', 'subreddit_name_prefixed': 'r/Ripple', 'subreddit_subscribers': 348485, 'subreddit_type': 'public', 'suggested_sort': 'confidence', 'thumbnail': 'https://b.thumbs.redditmedia.com/0_ludybjS1l9ajkiVqJts4FIq0aQZenEQS-qAHDohck.jpg', 'thumbnail_height': 105, 'thumbnail_width': 140, 'title': 'Attorney Jeremy Hogan on the Ripple v. SEC SMOKING GUN! And of Course, the SEC Delay Game.', 'top_awarded_type': None, 'total_awards_received': 0, 'treatment_tags': [], 'ups': 1, 'upvote_ratio': 1.0, 'url': 'https://youtu.be/p-lvZPFVhzY', 'url_overridden_by_dest': 'https://youtu.be/p-lvZPFVhzY', 'user_reports': [], 'view_count': None, 'visited': False, 'whitelist_status': 'all_ads', 'wls': 6}]",
[],False,mmmmmmg14,,[],,text,t2_65h0lpn5,False,False,False,[],False,False,1648328765,self.XRP,https://www.reddit.com/r/XRP/comments/tp44sc/xrp_on_coinbase/,{},tp44sc,False,False,False,False,False,False,True,False,#ccac2b,"[{'e': 'text', 't': 'Crypto'}]",light,richtext,False,False,True,0,0,False,some_ads,/r/XRP/comments/tp44sc/xrp_on_coinbase/,False,7,reddit,1648328776,1,[removed],True,False,False,XRP,t5_2ruj5,312163,public,self,Xrp on Coinbase,0,[],1.0,https://www.reddit.com/r/XRP/comments/tp44sc/xrp_on_coinbase/,some_ads,7,,,,,,,,,,,,,,5229c866-47c0-11ec-880a-0afbbca51eed,Crypto,,,
[],False,Omar_23,,[],,text,t2_vlscd3a,False,False,False,[],False,False,1648330083,self.XRP,https://www.reddit.com/r/XRP/comments/tp4k2s/whats_the_worse_thing_could_happen_to_xrp_if/,{},tp4k2s,False,False,False,False,False,False,True,False,#0079d3,"[{'e': 'text', 't': 'Ripple'}]",light,richtext,False,False,True,0,0,False,some_ads,/r/XRP/comments/tp4k2s/whats_the_worse_thing_could_happen_to_xrp_if/,False,7,moderator,1648330094,1,[removed],True,False,False,XRP,t5_2ruj5,312164,public,self,Whatâ€™s the worse thing could happen to XRP if Ripple loses it case against the SEC?,0,[],1.0,https://www.reddit.com/r/XRP/comments/tp4k2s/whats_the_worse_thing_could_happen_to_xrp_if/,some_ads,7,,,,,,,,,,,,,,0dd1dac8-47bb-11ec-8bb5-32beb8ba1a98,Ripple,,,
[],False,Otherwise_Public6236,,[],,text,t2_euq2rj6e,False,False,False,[],False,False,1648330496,self.XRP,https://www.reddit.com/r/XRP/comments/tp4oyq/space_artists_unique_nft_collection/,{},tp4oyq,False,False,False,False,False,False,True,False,#349e48,"[{'e': 'text', 't': 'Airdrop'}]",light,richtext,False,False,True,0,0,False,some_ads,/r/XRP/comments/tp4oyq/space_artists_unique_nft_collection/,False,7,moderator,1648330506,1,[removed],True,False,False,XRP,t5_2ruj5,312166,public,self,Space Artists Unique NFT Collection,0,[],1.0,https://www.reddit.com/r/XRP/comments/tp4oyq/space_artists_unique_nft_collection/,some_ads,7,self,"{'enabled': False, 'images': [{'id': 'BOc8ofTu4GsK2TZqUPXOWtTEeav2Au6fSP9QCdb5bqA', 'resolutions': [{'height': 67, 'url': 'https://external-preview.redd.it/pDRyMMrgd3L71WpqKQmi6KYBRL8WvT4DWulm5m4vfqY.jpg?width=108&amp;crop=smart&amp;auto=webp&amp;s=5d563838fde8d525b695c44bb819635ae9d70c8a', 'width': 108}, {'height': 135, 'url': 'https://external-preview.redd.it/pDRyMMrgd3L71WpqKQmi6KYBRL8WvT4DWulm5m4vfqY.jpg?width=216&amp;crop=smart&amp;auto=webp&amp;s=bfff37127db3972862e6ac2a1a46ca6c6b744119', 'width': 216}, {'height': 200, 'url': 'https://external-preview.redd.it/pDRyMMrgd3L71WpqKQmi6KYBRL8WvT4DWulm5m4vfqY.jpg?width=320&amp;crop=smart&amp;auto=webp&amp;s=7bbe12c3f214fd681a6c36ee90ee1b43c1b39887', 'width': 320}, {'height': 400, 'url': 'https://external-preview.redd.it/pDRyMMrgd3L71WpqKQmi6KYBRL8WvT4DWulm5m4vfqY.jpg?width=640&amp;crop=smart&amp;auto=webp&amp;s=b7c4fdbd20264e0536cc55827d652d4cb3705e23', 'width': 640}, {'height': 600, 'url': 'https://external-preview.redd.it/pDRyMMrgd3L71WpqKQmi6KYBRL8WvT4DWulm5m4vfqY.jpg?width=960&amp;crop=smart&amp;auto=webp&amp;s=f471c418b10e7b7889a776c5adef2bd9ab57e317', 'width': 960}, {'height': 675, 'url': 'https://external-preview.redd.it/pDRyMMrgd3L71WpqKQmi6KYBRL8WvT4DWulm5m4vfqY.jpg?width=1080&amp;crop=smart&amp;auto=webp&amp;s=1f856950338eccdb58cee11770716f8ca2b3b118', 'width': 1080}], 'source': {'height': 876, 'url': 'https://external-preview.redd.it/pDRyMMrgd3L71WpqKQmi6KYBRL8WvT4DWulm5m4vfqY.jpg?auto=webp&amp;s=35173202dedd72e17d1d8e6c2f64994b7403aa8f', 'width': 1400}, 'variants': {}}]}",,,,,,,,,,,,689d4b6a-47b9-11ec-a112-a2f36f2d0019,Airdrop,,,
[],False,Forestgather,,[],,text,t2_5wbkm6zz,False,False,False,[],False,False,1648300828,self.solana,https://www.reddit.com/r/solana/comments/tood5y/i_got_rugged_on_an_nft_project/,{},tood5y,False,True,False,False,False,True,True,False,#c285f4,"[{'e': 'text', 't': 'NFT/Gaming'}]",light,richtext,False,False,True,1,0,False,all_ads,/r/solana/comments/tood5y/i_got_rugged_on_an_nft_project/,False,6,,1648300838,1,"Okay, so I've heard of people burning their tokens/nfts once a rug pull happens. Where would I go to do this?",True,False,False,solana,t5_hcs2n,135543,public,self,I got rugged on an nft project.,0,[],1.0,https://www.reddit.com/r/solana/comments/tood5y/i_got_rugged_on_an_nft_project/,all_ads,6,,,,,,,,,,,,,,dfc58e32-1f91-11ec-8773-d2282d993a02,NFT/Gaming,,,
[],False,BGPunks,,[],,text,t2_ktdghqq3,False,False,False,[],False,False,1648300809,self.solana,https://www.reddit.com/r/solana/comments/toocwv/random_bg_punks_v1_collection_of_111_unique_punks/,{},toocwv,False,False,False,False,False,False,True,False,#c285f4,"[{'e': 'text', 't': 'NFT/Gaming'}]",light,richtext,False,False,True,1,0,False,all_ads,/r/solana/comments/toocwv/random_bg_punks_v1_collection_of_111_unique_punks/,False,6,reddit,1648300819,1,[removed],True,False,False,solana,t5_hcs2n,135543,public,https://a.thumbs.redditmedia.com/d6F6_yTU_Sv4un5qOWrKMPdVnGj9WJ3kzH1arn1skT0.jpg,Random BG PUNKS V1 collection of 111 unique Punks! Only Private Minting soon! join DiscordðŸš€,0,[],1.0,https://www.reddit.com/r/solana/comments/toocwv/random_bg_punks_v1_collection_of_111_unique_punks/,all_ads,6,,,140.0,140.0,,,,,,,,,,dfc58e32-1f91-11ec-8773-d2282d993a02,NFT/Gaming,,,
[],False,nahinstein,,[],,text,t2_8yb1z8l,False,False,False,[],False,False,1648301915,self.solana,https://www.reddit.com/r/solana/comments/toookq/please_help_sol_to_eth/,{},toookq,False,True,False,False,False,True,True,False,#9386f9,"[{'e': 'text', 't': 'Wallet/Exchange'}]",light,richtext,False,False,False,1,0,False,all_ads,/r/solana/comments/toookq/please_help_sol_to_eth/,False,6,,1648301925,1,Is there any way I can convert my sol to eth without paying any gas on eth? I have 0.00 eth in my wallet and I really need to convert this. Please help!!,True,False,False,solana,t5_hcs2n,135544,public,self,Please help!! SOL to ETH?,0,[],1.0,https://www.reddit.com/r/solana/comments/toookq/please_help_sol_to_eth/,all_ads,6,,,,,,,,,,,,,,45d6e216-53db-11ec-954d-b6f074035dcc,Wallet/Exchange,,,
[],False,Illustrious_Sky7830,,[],,text,t2_9hjmorrq,False,False,False,[],False,False,1648305480,self.solana,https://www.reddit.com/r/solana/comments/toruax/what_percentage_of_sol_txs_are_communication/,{},toruax,False,True,False,False,False,True,True,False,#63afe9,"[{'e': 'text', 't': 'Dev/Tech'}]",light,richtext,False,False,True,1,0,False,all_ads,/r/solana/comments/toruax/what_percentage_of_sol_txs_are_communication/,False,6,,1648305491,1,"Heyo, I'm carrying out an ""actual tps"" research of the top-50 chains to evaluate user/dev activity and I see that right now explorer.solana.com indicates 2,387 TPS. If I'm not mistaken Solana's consensus protocol, being pBFT, involves a heavy load, although not as heavy as it would be without PoH's optimization, of communication overhead messaging or inter-node communication messaging. My question is: is there a way to tell what percentage of this number is user/dev activity and what percentage is caused by communication overhead? Thanks in advance, cheers.",True,False,False,solana,t5_hcs2n,135548,public,self,What percentage of SOL txs are communication overhead?,0,[],1.0,https://www.reddit.com/r/solana/comments/toruax/what_percentage_of_sol_txs_are_communication/,all_ads,6,,,,,,,,,,,,,,61c2a160-53d9-11ec-b0b3-8a60790caa75,Dev/Tech,,,
[],False,easin_sujon,,[],,text,t2_kqhab3j1,False,False,False,[],False,False,1648309509,self.solana,https://www.reddit.com/r/solana/comments/tothsf/gravisfinance_ido_x_daostarter/,{},tothsf,False,False,False,False,False,False,True,False,#c285f4,"[{'e': 'text', 't': 'NFT/Gaming'}]",light,richtext,False,False,True,1,0,False,all_ads,/r/solana/comments/tothsf/gravisfinance_ido_x_daostarter/,False,6,reddit,1648309520,1,[removed],True,False,False,solana,t5_hcs2n,135558,public,https://b.thumbs.redditmedia.com/_Dgnc56w2m7T37pPOd2XnhBeM99Bpu-l_TuPMyVEJFk.jpg,#GRAVISFINANCE IDO X DAOstarter,0,[],1.0,https://www.reddit.com/r/solana/comments/tothsf/gravisfinance_ido_x_daostarter/,all_ads,6,,,78.0,140.0,,,,,,,,,,dfc58e32-1f91-11ec-8773-d2282d993a02,NFT/Gaming,,,
[],False,Radiant-Cow-1466,,[],,text,t2_kr1uhsbm,False,False,False,[],False,False,1648311010,self.solana,https://www.reddit.com/r/solana/comments/tov9vh/gravisfinance_ido_x_daostarter/,{},tov9vh,False,False,False,False,False,False,True,False,#c285f4,"[{'e': 'text', 't': 'NFT/Gaming'}]",light,richtext,False,False,True,0,0,False,all_ads,/r/solana/comments/tov9vh/gravisfinance_ido_x_daostarter/,False,6,reddit,1648311020,1,[removed],True,False,False,solana,t5_hcs2n,135559,public,https://b.thumbs.redditmedia.com/4qF7L7_p1riXZb2ZYWnoTQIJM7HpE7Es6_eS9nfvfRw.jpg,#GRAVISFINANCE IDO X DAOstarter,0,[],1.0,https://www.reddit.com/r/solana/comments/tov9vh/gravisfinance_ido_x_daostarter/,all_ads,6,,,78.0,140.0,,,,,,,,,,dfc58e32-1f91-11ec-8773-d2282d993a02,NFT/Gaming,,,
[],False,khushiswami,,[],,text,t2_ikk61m6s,False,False,False,[],False,False,1648314321,self.solana,https://www.reddit.com/r/solana/comments/toxz3z/check_out_this_post/,{},toxz3z,False,False,False,False,False,False,True,False,#c285f4,"[{'e': 'text', 't': 'NFT/Gaming'}]",light,richtext,False,False,True,1,0,False,all_ads,/r/solana/comments/toxz3z/check_out_this_post/,False,6,reddit,1648314332,1,[removed],True,False,False,solana,t5_hcs2n,135562,public,https://b.thumbs.redditmedia.com/-u6PtUrOA0JjZ-cbyGdwbbqV_1RhOrgaM59w30SHCfo.jpg,check out this post,0,[],1.0,https://www.reddit.com/r/solana/comments/toxz3z/check_out_this_post/,all_ads,6,,,140.0,140.0,,,,,,,,,,dfc58e32-1f91-11ec-8773-d2282d993a02,NFT/Gaming,,,
[],False,jt_squared_,,[],,text,t2_1zqgpj6z,False,False,False,[],False,False,1648315599,self.solana,https://www.reddit.com/r/solana/comments/toyezo/raydium_yield_farm_returns_lower_than_expected/,{},toyezo,False,True,False,False,False,True,True,False,#0dd3bb,"[{'e': 'text', 't': 'DeFi'}]",light,richtext,False,False,True,1,0,False,all_ads,/r/solana/comments/toyezo/raydium_yield_farm_returns_lower_than_expected/,False,6,,1648315609,1," Has anyone done any farming with Raydium recently? I don't seem to be making as much as the APR suggests and I'm wondering if there is something I'm missing. I am farming on both Raydium and Traderjoexyz for different types of crypto. I have a similar amount invested on both sites with a similar APR in both farms but on trader joe I'm earning about 2 times more per day and seems inline based on the APR. The way I am calculating the expected amount is by taking the ""Deposited"" amount shown in the farm \* the APR% / 365. Example if Deposted amount is 500 and APR is 35% I would expect:  
(500 \* .35) = 175 / 365 = .4794 cents per day

is this accurate? I'm only receiving about 1/2th of the amount I would expect to see daily",True,False,False,solana,t5_hcs2n,135562,public,self,Raydium Yield Farm Returns Lower Than Expected Based on APR,0,[],1.0,https://www.reddit.com/r/solana/comments/toyezo/raydium_yield_farm_returns_lower_than_expected/,all_ads,6,,,,,,,,,,,,,,8b35b210-1f92-11ec-9196-c6690f50d128,DeFi,,,
[],False,Razzmatazzle24,,[],,text,t2_l6087vbo,False,False,False,[],False,False,1648316145,self.solana,https://www.reddit.com/r/solana/comments/toylmp/phantom_wallet_not_syncing/,{},toylmp,False,False,False,False,False,False,True,False,#9386f9,"[{'e': 'text', 't': 'Wallet/Exchange'}]",light,richtext,False,False,True,1,0,False,all_ads,/r/solana/comments/toylmp/phantom_wallet_not_syncing/,False,6,moderator,1648316155,1,[removed],True,False,False,solana,t5_hcs2n,135566,public,self,Phantom Wallet not Syncing,0,[],1.0,https://www.reddit.com/r/solana/comments/toylmp/phantom_wallet_not_syncing/,all_ads,6,,,,,,,,,,,,,,45d6e216-53db-11ec-954d-b6f074035dcc,Wallet/Exchange,,,
[],False,SomeOne_gg2,,[],,text,t2_kwa1r0um,False,False,False,[],False,False,1648318596,self.solana,https://www.reddit.com/r/solana/comments/tozfym/i_need_help_getting_002_solana_to_withdraw_my/,{},tozfym,False,False,False,False,False,False,True,False,#9386f9,"[{'e': 'text', 't': 'Wallet/Exchange'}]",light,richtext,False,False,True,1,0,False,all_ads,/r/solana/comments/tozfym/i_need_help_getting_002_solana_to_withdraw_my/,False,6,reddit,1648318606,1,[removed],True,False,False,solana,t5_hcs2n,135568,public,self,i need help getting 0.02 solana to withdraw my solana's,0,[],1.0,https://www.reddit.com/r/solana/comments/tozfym/i_need_help_getting_002_solana_to_withdraw_my/,all_ads,6,,,,,,,,,,,,,,45d6e216-53db-11ec-954d-b6f074035dcc,Wallet/Exchange,,,
[],False,banaanigasuki,,[],,text,t2_fu75uwrn,False,False,False,[],False,False,1648307143,polkadot.polkassembly.io,https://www.reddit.com/r/Polkadot/comments/tosesl/referendum_55_has_passed_and_executed_the_minimum/,{},tosesl,False,False,False,False,False,False,False,False,,[],dark,text,False,False,True,1,0,False,all_ads,/r/Polkadot/comments/tosesl/referendum_55_has_passed_and_executed_the_minimum/,False,6,moderator,1648307154,1,,True,False,False,Polkadot,t5_2ublt,76861,public,default,"Referendum #55 has passed and executed, the minimum stake for nominators lowered from 120 to 10 $DOT",0,[],1.0,https://polkadot.polkassembly.io/referendum/55,all_ads,6,,,,,https://polkadot.polkassembly.io/referendum/55,,,,,,,,,,,,,
[],False,Kryptos_2018,,[],,text,t2_1iga969g,False,False,False,[],False,False,1648313137,youtube.com,https://www.reddit.com/r/Polkadot/comments/toxkct/moonwell_apollo_review_moonrivers_defi_borrowing/,{},toxkct,False,False,False,False,False,False,False,False,,[],dark,text,False,False,True,0,0,False,all_ads,/r/Polkadot/comments/toxkct/moonwell_apollo_review_moonrivers_defi_borrowing/,False,6,reddit,1648313148,1,,True,False,False,Polkadot,t5_2ublt,76867,public,https://a.thumbs.redditmedia.com/rrSSePl7Su-JHPmqoeo-sHTYGuGHSfjU19jujapG5C4.jpg,Moonwell Apollo Review | Moonriver's Defi Borrowing Platform ?,0,[],1.0,https://www.youtube.com/watch?v=AlfViLyXF2s,all_ads,6,rich:video,"{'enabled': False, 'images': [{'id': 'GmeS_cSVwbiiYa9WTKamzYR8K2mIfN8AdSK3mNeQwFA', 'resolutions': [{'height': 81, 'url': 'https://external-preview.redd.it/3vnymiJM2R19iTiKWPlnNCbcsaBHSTI3a9Onq3aNhyU.jpg?width=108&amp;crop=smart&amp;auto=webp&amp;s=e36357ea9619043011b2d2d6bb11b21871758ca1', 'width': 108}, {'height': 162, 'url': 'https://external-preview.redd.it/3vnymiJM2R19iTiKWPlnNCbcsaBHSTI3a9Onq3aNhyU.jpg?width=216&amp;crop=smart&amp;auto=webp&amp;s=27d02495aaf82fa6fd4f49cf2c49d7023f5f274d', 'width': 216}, {'height': 240, 'url': 'https://external-preview.redd.it/3vnymiJM2R19iTiKWPlnNCbcsaBHSTI3a9Onq3aNhyU.jpg?width=320&amp;crop=smart&amp;auto=webp&amp;s=44097a9d141e1d13a274e27a8fbfd32b7e95ca44', 'width': 320}], 'source': {'height': 360, 'url': 'https://external-preview.redd.it/3vnymiJM2R19iTiKWPlnNCbcsaBHSTI3a9Onq3aNhyU.jpg?auto=webp&amp;s=cbb58a2e9cba001d769567e3f54e661591247cec', 'width': 480}, 'variants': {}}]}",105.0,140.0,https://www.youtube.com/watch?v=AlfViLyXF2s,,,,"{'oembed': {'author_name': 'KryptosChain', 'author_url': 'https://www.youtube.com/c/KryptosChain', 'height': 200, 'html': '&lt;iframe width=""356"" height=""200"" src=""https://www.youtube.com/embed/AlfViLyXF2s?feature=oembed&amp;enablejsapi=1"" frameborder=""0"" allow=""accelerometer; autoplay; clipboard-write; encrypted-media; gyroscope; picture-in-picture"" allowfullscreen&gt;&lt;/iframe&gt;', 'provider_name': 'YouTube', 'provider_url': 'https://www.youtube.com/', 'thumbnail_height': 360, 'thumbnail_url': 'https://i.ytimg.com/vi/AlfViLyXF2s/hqdefault.jpg', 'thumbnail_width': 480, 'title': ""Moonwell Apollo Review | Moonriver's Defi Borrowing Platform ?"", 'type': 'video', 'version': '1.0', 'width': 356}, 'type': 'youtube.com'}","{'content': '&lt;iframe width=""356"" height=""200"" src=""https://www.youtube.com/embed/AlfViLyXF2s?feature=oembed&amp;enablejsapi=1"" frameborder=""0"" allow=""accelerometer; autoplay; clipboard-write; encrypted-media; gyroscope; picture-in-picture"" allowfullscreen&gt;&lt;/iframe&gt;', 'height': 200, 'scrolling': False, 'width': 356}","{'oembed': {'author_name': 'KryptosChain', 'author_url': 'https://www.youtube.com/c/KryptosChain', 'height': 200, 'html': '&lt;iframe width=""356"" height=""200"" src=""https://www.youtube.com/embed/AlfViLyXF2s?feature=oembed&amp;enablejsapi=1"" frameborder=""0"" allow=""accelerometer; autoplay; clipboard-write; encrypted-media; gyroscope; picture-in-picture"" allowfullscreen&gt;&lt;/iframe&gt;', 'provider_name': 'YouTube', 'provider_url': 'https://www.youtube.com/', 'thumbnail_height': 360, 'thumbnail_url': 'https://i.ytimg.com/vi/AlfViLyXF2s/hqdefault.jpg', 'thumbnail_width': 480, 'title': ""Moonwell Apollo Review | Moonriver's Defi Borrowing Platform ?"", 'type': 'video', 'version': '1.0', 'width': 356}, 'type': 'youtube.com'}","{'content': '&lt;iframe width=""356"" height=""200"" src=""https://www.youtube.com/embed/AlfViLyXF2s?feature=oembed&amp;enablejsapi=1"" frameborder=""0"" allow=""accelerometer; autoplay; clipboard-write; encrypted-media; gyroscope; picture-in-picture"" allowfullscreen&gt;&lt;/iframe&gt;', 'height': 200, 'media_domain_url': 'https://www.redditmedia.com/mediaembed/toxkct', 'scrolling': False, 'width': 356}",,,,,,
[],False,realisticinfamy,,[],,text,t2_gctbi8bu,False,False,False,[],False,False,1648321907,self.Polkadot,https://www.reddit.com/r/Polkadot/comments/tp0k08/announcement_from_zelcore/,{},tp0k08,False,False,False,False,False,False,True,False,,[],dark,text,False,False,True,0,0,False,all_ads,/r/Polkadot/comments/tp0k08/announcement_from_zelcore/,False,6,moderator,1648321918,1,[removed],True,False,False,Polkadot,t5_2ublt,76873,public,self,Announcement from Zelcore,0,[],1.0,https://www.reddit.com/r/Polkadot/comments/tp0k08/announcement_from_zelcore/,all_ads,6,self,"{'enabled': False, 'images': [{'id': '4tPafCLQfb-i2tLk4xST6gaUBvy4OP-1SR0fO-U9CfI', 'resolutions': [{'height': 72, 'url': 'https://external-preview.redd.it/CT5smNLO0jfraGivq6Go0aUM8F970vYHNzjC5WuxCQ8.jpg?width=108&amp;crop=smart&amp;auto=webp&amp;s=590b5d9f960b0f09625e7652bf6a85a6cc2fc8e0', 'width': 108}, {'height': 144, 'url': 'https://external-preview.redd.it/CT5smNLO0jfraGivq6Go0aUM8F970vYHNzjC5WuxCQ8.jpg?width=216&amp;crop=smart&amp;auto=webp&amp;s=ddcbae2b9537b46171606d4b6ac75f5834f9bd77', 'width': 216}, {'height': 213, 'url': 'https://external-preview.redd.it/CT5smNLO0jfraGivq6Go0aUM8F970vYHNzjC5WuxCQ8.jpg?width=320&amp;crop=smart&amp;auto=webp&amp;s=49c1ed032db13fae23c41c7aae3641b94864465e', 'width': 320}, {'height': 426, 'url': 'https://external-preview.redd.it/CT5smNLO0jfraGivq6Go0aUM8F970vYHNzjC5WuxCQ8.jpg?width=640&amp;crop=smart&amp;auto=webp&amp;s=b6b0904f2558a0b16eaceff11dec9d814bef28e8', 'width': 640}, {'height': 640, 'url': 'https://external-preview.redd.it/CT5smNLO0jfraGivq6Go0aUM8F970vYHNzjC5WuxCQ8.jpg?width=960&amp;crop=smart&amp;auto=webp&amp;s=285c7e020a4010d207af3655f53098bbc955e9f0', 'width': 960}, {'height': 720, 'url': 'https://external-preview.redd.it/CT5smNLO0jfraGivq6Go0aUM8F970vYHNzjC5WuxCQ8.jpg?width=1080&amp;crop=smart&amp;auto=webp&amp;s=ab9bd561c9f63699797f001cfeec7fd79af580c6', 'width': 1080}], 'source': {'height': 1319, 'url': 'https://external-preview.redd.it/CT5smNLO0jfraGivq6Go0aUM8F970vYHNzjC5WuxCQ8.jpg?auto=webp&amp;s=89d55b884df16a277b7759ba1a33af254d82ceb5', 'width': 1977}, 'variants': {}}]}",,,,,,,,,,,,,,,,
[],False,Helga47,,[],,text,t2_1470frx6,False,False,False,[],False,False,1648321864,self.Polkadot,https://www.reddit.com/r/Polkadot/comments/tp0jhi/bitcountry/,{},tp0jhi,False,False,False,False,False,False,True,False,,[],dark,text,False,False,True,0,0,False,all_ads,/r/Polkadot/comments/tp0jhi/bitcountry/,False,6,reddit,1648321874,1,[removed],True,False,False,Polkadot,t5_2ublt,76872,public,self,Bit.Country.,0,[],1.0,https://www.reddit.com/r/Polkadot/comments/tp0jhi/bitcountry/,all_ads,6,self,"{'enabled': False, 'images': [{'id': 'Gp2bHmIlmksDRsfd2-TF_nUYOPkk9OBsgxovSH6u1lY', 'resolutions': [{'height': 56, 'url': 'https://external-preview.redd.it/jqMjTNoqpgTn4LltpUp3dvtDND4xvjL1-vvflpMNac0.jpg?width=108&amp;crop=smart&amp;auto=webp&amp;s=3a7e4e13c2d93ee2dc627ca2af51ff8cdd864be2', 'width': 108}, {'height': 113, 'url': 'https://external-preview.redd.it/jqMjTNoqpgTn4LltpUp3dvtDND4xvjL1-vvflpMNac0.jpg?width=216&amp;crop=smart&amp;auto=webp&amp;s=c69106f53a24da83f9bf6f06c4f52d297550ae2e', 'width': 216}, {'height': 167, 'url': 'https://external-preview.redd.it/jqMjTNoqpgTn4LltpUp3dvtDND4xvjL1-vvflpMNac0.jpg?width=320&amp;crop=smart&amp;auto=webp&amp;s=e072d11b35c2eb919cb8009398fe57ba76d57ad6', 'width': 320}], 'source': {'height': 314, 'url': 'https://external-preview.redd.it/jqMjTNoqpgTn4LltpUp3dvtDND4xvjL1-vvflpMNac0.jpg?auto=webp&amp;s=d765c617de84c5ff173a735f94f6d61b5ef8887c', 'width': 600}, 'variants': {}}]}",,,,,,,,,,,,,,,,
[],False,HellKush,,[],,text,t2_4d137gj3,False,False,False,[],False,False,1648325182,self.Polkadot,https://www.reddit.com/r/Polkadot/comments/tp2s5u/integritee_network/,{},tp2s5u,False,False,False,False,False,False,True,False,,[],dark,text,False,False,True,0,0,False,all_ads,/r/Polkadot/comments/tp2s5u/integritee_network/,False,6,reddit,1648325193,1,[removed],True,False,False,Polkadot,t5_2ublt,76873,public,self,Integritee Network,0,[],1.0,https://www.reddit.com/r/Polkadot/comments/tp2s5u/integritee_network/,all_ads,6,,,,,,,,,,,,,,,,,,
[],False,uprclass2002,,[],,text,t2_8fty3qnc,False,False,False,[],False,False,1648331685,reddit.com,https://www.reddit.com/r/Polkadot/comments/tp52x8/any_chance_dot_will_partner_with_gamestop_and/,{},tp52x8,False,False,False,False,False,False,False,False,,[],dark,text,False,False,True,0,0,False,all_ads,/r/Polkadot/comments/tp52x8/any_chance_dot_will_partner_with_gamestop_and/,False,6,reddit,1648331697,1,,True,False,False,Polkadot,t5_2ublt,76874,public,https://b.thumbs.redditmedia.com/TEMZ2HOFS6QHB71wwDmKcoeeYWkbb-2HJLc77vw7KBU.jpg,ANY CHANCE DOT WILL PARTNER WITH GAMESTOP AND THEIR NFT MARKETPLACE?,0,[],1.0,https://www.reddit.com/gallery/tp52x8,all_ads,6,,,113.0,140.0,https://www.reddit.com/gallery/tp52x8,,,,,,,,,,,,,True
