,subreddit,text,created_utc,author_fullname,id,Category
0,Bitcoin,"Yeah they are, but yuan is way worse than the dollar trust me.",1648300778,t2_82pv69eo,i26tmqk,Comment
1,Bitcoin,I am pretty sure that is all western propaganda. Russia doesn't run out of any type of energy ever and they don't have disruptions in diesel when they are right next door to the country they are invading.,1648300777,t2_j7r8zgsu,i26tmq1,Comment
2,Bitcoin,I buy my energy from the electric company.  You have no right to tell me what I can use it for.,1648300686,t2_jubrnl0w,i26tgw4,Comment
3,Bitcoin,"If you fee so frustrated, then maybe you shouldn't be here at all.",1648300646,t2_ff7i72i9,i26tece,Comment
4,Bitcoin,BTC doesn't care,1648300591,t2_16qssz,i26tau5,Comment
5,Bitcoin,"In my twisted imagination, he had to bend over and spread to show it to them. Lololol",1648300563,t2_4dclw,i26t90g,Comment
6,Bitcoin,"Who knows, but it clearly is building towards a new top, and I also think if it doesn't make that new top it will take out the lows from June&amp; Jan next.",1648300555,t2_buy2w,i26t8go,Comment
7,Bitcoin,"FFS...I keep hearing the same FUD about energy ""waste"".....
Let me make it super clear
You have been using ""your"" energy for pleasant dips in your hot tub (is this right or wrong? Who cares you like your hot tub) and then BTC comes along. You like the idea of securing an asset through POW that is also paid in the same asset. It's got alot of future potential also so you start mining......but now you can't take as many dips in the hot tub. Oh well you value BTC more and more so less and less dips in the hotub.....maybe you transition to no hotub or maybe it's some equilibrium OR you decide you want both how do you do that? Increase the amount of available energy....now you can hotub and mine BTC.
That MORE energy benefits everyone because whether it is less waste, new type of power or a different way of doing business it is not isolated to a single person, those ideas/plans/blueprints will be used by every other society.....because more energy means more ""life"".",1648300541,t2_16qssz,i26t7m4,Comment
8,Bitcoin,"Wtf. If they keep coming up with useless shit, why should I pay taxes? I produce shit every day and it's for free.",1648300534,t2_5haij54l,i26t76q,Comment
9,Bitcoin,"It CAN be used as a currency, but it IS a finite digital barer market commodity.",1648300530,t2_720s1ltn,i26t6y2,Comment
10,ethereum,"Coinbase support was absolutely useless, but my staked ETH2 eventually just reappeared.  SO anxiety inducing",1648300650,t2_chin0,i26telk,Comment
12,ethereum,"That NFT is a unique object on the given blockchain. Not the jpeg per se, but the Non-Fungible Token itself. No one can steal or change it without either your permission or destroying the entire blockchain.

It's a secure asset, the idea that they should be priced based on the art is a gimmick.

There's not all that much utility at the current moment, but people are ""getting in early"". With the Bored Apes, there's people saying that they are being used as keys to get into the Yacht Club Parties. And I'm assuming they have some kind of scanner to verify the authenticity of your NFT (which is stored on-chain)",1648300451,t2_2pov2alr,i26t1uj,Comment
13,ethereum,"Matter Labs (the team behind zkSync) have already got an EVM compatible ZK rollup running on testnet:

https://v2-docs.zksync.io/dev/

It was released about a month ago, but because there's no token for people to invest in and shill everywhere it was largely unnoticed...",1648300419,t2_imdxj,i26szsw,Comment
14,ethereum,"Idk why hedge funds are so secretive about their positions, or anyone. 

Like if mfs know you make money they‚Äôre going to want to copy your plays, and if they do it just benefits your play.",1648300251,t2_fufr87dg,i26sp46,Comment
15,ethereum,"Depends on what you are buying, some stuff out there has no value and goes to zero. If you're buying into a blue chip you get the IP, you get utility depending on what you're buying.  With CloneX you are buying an avatar in a coming Metaverse, also a bunch of airdrops (i.e. dividends).  With BoredApes you are getting a bunch of airdrops as well (quarter mil worth so far), you get the rights to buy merch you can wear, you get access to things that are yet to come as well.  The value is far more tangible than holding a stock and hoping the FED pumps the markets.",1648300078,t2_326o3,i26se9u,Comment
16,ethereum,Eth is not neutral,1648300054,t2_rw8qv,i26scqp,Comment
17,ethereum,"Eip4844 under my understanding is the implementation of sharding into the execution layer (leaving pending the consensus layer implementation)

Basically they are putting into blocks a new kind of data which doesn‚Äôt need to be held for long (less than a month), and it‚Äôs not accesible by smart contracts, just the ‚Äúcommit‚Äù.

In a future, the provision of this data, will be sharded, which is the next step",1648299969,t2_pmydx,i26s7cv,Comment
20,XRP,Please help if u can https://www.supportsukraine.online/,1648300528,t2_ac93k5v3,i26t6t4,Comment
21,XRP,They need to hurry up so I can move to Fuckin Thailand,1648308538,t2_55od23p6,i279whz,Comment
22,XRP,For sex tourism? You might want to keep that to yourself.,1648310433,t2_koilt3nl,i27e6ex,Comment
23,XRP,"Thank you for your help in breaking this down for us!! We appreciate you!!
                          LZ",1648326097,t2_a1dn40kv,i28e2im,Comment
24,XRP,"Rather not, coz it looks like they have KYC:

""Gain access to both traditional financial markets &amp; crypto markets by completing the KYC &amp; AML onboarding procedure.""

Unless it is a very basic informal KYC?",1648326681,t2_zmasj,i28fczg,Comment
25,XRP,"Random question - Can anyone explain where the 60,000 XRP holders number comes from? Keep seeing this number floating about in relation to the SEC case (John Deaton in particular keeps mentioning it), but there are about 1.3 million XRP wallets. I‚Äôm sure some people own several of the wallets, but probably a small percentage. So there‚Äôs still likely over a million XRP holders. Why is 60,000 the number mentioned?",1648334171,t2_7cbet3b,i28vr6v,Comment
32,solana,"Invest &amp; Stake in Hpay to get Automatic Whitelisted in this Presale. Join us at t.me/hedgepay

Invest 23k HPAY 
‚û°Ô∏è hedgepay.org/invest

Stake the 23k HPAY
‚û°Ô∏è hedgepay.org/rewards

Here Comes The Mighty Solidus Ai-Tech! Every BSC investor get 25% CHEAPER! 
IDO link:- hedgepay.org/ido/aitech

DefiYield, we are extending the Sale for 8 days!
IDO link:- hedgepay.org/ido/defiyield

‚≠ê AI-TECH Info:-
Telegram:- https://t.me/solidusaichat
Website:- https://ai-tech.io/

‚≠ê DeFiYield info:-
Telegram:- https://t.me/defiyield_app
Website:- https://defiyield.app/

#HedgePay #hpad",1648300151,t2_l5pjxqjx,i26siwc,Comment
33,solana,"Invest &amp; Stake in Hpay to get Automatic Whitelisted in this Presale. Join us at t.me/hedgepay

Invest 23k HPAY 
‚û°Ô∏è hedgepay.org/invest

Stake the 23k HPAY
‚û°Ô∏è hedgepay.org/rewards

Here Comes The Mighty Solidus Ai-Tech! Every BSC investor get 25% CHEAPER! 
IDO link:- hedgepay.org/ido/aitech

DefiYield, we are extending the Sale for 8 days!
IDO link:- hedgepay.org/ido/defiyield

‚≠ê AI-TECH Info:-
Telegram:- https://t.me/solidusaichat
Website:- https://ai-tech.io/

‚≠ê DeFiYield info:-
Telegram:- https://t.me/defiyield_app
Website:- https://defiyield.app/

#HedgePay #hpad",1648300145,t2_l5pjxqjx,i26sihu,Comment
36,Polkadot,Binance is a good choice but does not offer liquidity. Try somewhere that unlocks your staked DOT so you can do something in case of market volatilities; StaFi is of the few you can count on.,1648303946,t2_iknlojso,i26zsno,Comment
37,Polkadot,It takes ages for people to realize how important it is that a protocol like StaFi offers liquidity for the staked assets.,1648305468,t2_iknlojso,i2731px,Comment
38,Polkadot,"As I read, it's not just rDEX, StaFi has an ecosystem of rBridge, rTokens as well, thanks for introducing it to me.",1648305639,t2_iknlojso,i273f0i,Comment
39,Polkadot,I guess Kraken put staking from different wallets together to go beyond the limit,1648306359,t2_c4llnmvx,i2750p7,Comment
40,Polkadot,"It seems you are posting content related to price discussion. Please note that this a technology focused sub and all discussions on price, market cap as well as trading should be moved to r/dot, an independent community not moderated by Polkadot developers. This post will be automatically removed, if you believe this to be in error please consider contacting the moderators.

*I am a bot, and this action was performed automatically. Please [contact the moderators of this subreddit](/message/compose/?to=/r/Polkadot) if you have any questions or concerns.*",1648307145,t2_6l4z3,i276rx1,Comment
41,Polkadot,F,1648315770,t2_h6enqky7,i27qlsq,Comment
42,Polkadot,Please post this on /r/Kusama. This is not Polkadot news.,1648318629,t2_68i4w,i27xf1p,Comment
43,Polkadot,Please post this on /r/kusama,1648318582,t2_68i4w,i27xb87,Comment
0,Bitcoin,Seriously you the guy who got 10k bitcoin for the pizzas? What did you do with it?,1651963660,t2_y9e2j,i7qcl7l,Comment
1,Bitcoin,See below,1651963591,t2_59c40zl8,i7qcg7g,Comment
2,Bitcoin,"Short term trading is similar to government selling lotteries, it is good for the game provider, and it makes some people rich, while most of the people lose. But they buy hope with their money",1651963582,t2_de72m,i7qcfjg,Comment
3,Bitcoin,‚ôæ / 21 million,1651963553,t2_qfciqve,i7qcddr,Comment
4,Bitcoin,you don‚Äôt have enough Bitcoin.  Keep stacking,1651963552,t2_ge1w3p3b,i7qcddk,Comment
5,Bitcoin,"Urm, ok hun",1651963544,t2_2opxfl9m,i7qccqx,Comment
6,Bitcoin,178 more dollars and it is in the low 30s,1651963543,t2_cpiczth4,i7qcco8,Comment
8,Bitcoin,https://baskadia.com/blog/15ha,1651963519,t2_ms9ij5ur,i7qcaxz,Comment
9,Bitcoin,He says it doesn't bother him. He mined tens of thousands of BTC. And this wasn't the only time he bought pizza with BTC.,1651963512,t2_ckexfo7j,i7qcael,Comment
11,ethereum,"Okay hear me out-

I don‚Äôt actually know why it shows that many addresses and I‚Äôm not a technical person, but what I do know is that you‚Äôre suppose to chose the top option or else your funds (while still being 100% safe) won‚Äôt show up on your ledger live app because you‚Äôre choosing which wallet to be displayed and the top one is your address",1651963058,t2_4uqx0lqa,i7qbd59,Comment
12,ethereum,"You should try polygon &lt;-&gt; zksync ZigZag Exchange  bridge

https://twitter.com/ZigZagExchange/status/1502982532823851013?t=vYVdySy2Bwtzk7SLZMuwvw&amp;s=19",1651962814,t2_5lo06qlx,i7qauql,Comment
13,ethereum,"The problem is tracking all the lending and borrowing.  You might be able to come up with a decent estimate by aggregating data across all the biggest defi venues for lending/borrowing, but it's impossible to reliably get it all.",1651961941,t2_39iy9,i7q90t9,Comment
14,ethereum,"/r/CC rarely has quality discussions

Try /r/ethfinance for discussions like these :)",1651961930,t2_50ob6pn5,i7q8zy1,Comment
15,ethereum,Please take price discussion to r/ethtrader or r/ethfinance.,1651964335,t2_b8j29,i7qdyii,Comment
16,ethereum,"If you don't know Hop, it's a pretty cool bridge between Ethereum mainnet, sidechains and layer twos. I was a bit skeptical of using it at first, but one day I saw Vitalik using it (sorry, no proof at hand), so I decided to use it as well.


Check here if you're eligible: https://app.hop.exchange/#/airdrop/preview",1651963876,t2_nq7y6,i7qd0xn,Comment
17,ethereum,"Bad advice, although understandable. It is good to use many addresses, preserves the pseudonimity of the system, meaning your funds can't be (as) easily tracked.",1651966479,t2_jn5u0,i7qi8fr,Comment
18,ethereum,"Your ledger, and any other wallet, is capable of generating an infinite number of addresses. You can technically use whichever ones you want, but it's easier if you use them in order so that you can keep track.",1651966468,t2_4ijnk,i7qi7my,Comment
19,ethereum,These 5 public addresses are deterministically generated as defined in the HD Wallet specification. Read more about it by searching for BIP32: https://github.com/bitcoin/bips/blob/master/bip-0032.mediawiki,1651967360,t2_5zvxtvqk,i7qjyup,Comment
20,XRP,You just described Ethereum.,1651961503,t2_9f2u5gm8,i7q834a,Comment
21,XRP,I feel like you should allow the people to come in here and attempt to spread FUD like OP.  It makes it easier in other subs when people ask the same moronic questions everyone here can see the answer and correct it elsewhere.,1651961499,t2_b1p92,i7q82v2,Comment
22,XRP,100% is in circulation its a 100% premine. CMC doesnt calculate it correctly.,1651961184,t2_b1p92,i7q7etw,Comment
23,XRP,Rising volume = rising price. were talking about an industry that moves 1.625 QUADRILLION in a year on average and that was a stat from like 5 years ago.  There simply arent enough XRP to move that kind of money currently.,1651961137,t2_b1p92,i7q7bcy,Comment
25,XRP,If it's going to be a reserve currency which evidence suggests then it will need to be backed by something. Let's say it's gold as that is the belief I have then it would be at a ratio of 1.1. Meaning 1xrp=1oz of gold. I think gold will end up significantly higher by the time this mess is over. Could easily hit 10k per as more countries move to back their national currency by gold. Russia is just the first and now they will start falling like domino's. Not even mentioning any other reasons why price will go up,1651963323,t2_a4dbeakq,i7qbwtk,Comment
26,XRP,"The trading doesn't matter.  The demand is what drives the price up.  

To simplify, if a bank wants to send $100, and XRP is $1, then as long as it can get its hands on 100 xrp for a few seconds, all is good.  But when it needs to send $100, and XRP is worth $1, and there is only 50 XRP they can gets their hands on, the price must go up to allow supply to actually complete the transaction. 

The bank doesn't care if XRP is worth $1 or $1000 per token, because they buy and sell the value in a matter of seconds.",1651963026,t2_8c5ysbu8,i7qbapg,Comment
27,XRP,I think they other guy is right. What do you mean you‚Äôre sure they updated that?,1651962906,t2_doeylx0c,i7qb1py,Comment
28,XRP,Yup and currently no American bank is using Xrp cuz of the lawsuit. When one American bank gets on board and uses ODL then we will start seeing a glimpse of Ripple and the XRP takens true potential. Triple digits are a reality.,1651962291,t2_c2l6vhpr,i7q9rwh,Comment
29,XRP,XRP is decentralized and stablecoins have counterparty risk. All financial institutions want to avoid counterparty risk if possible. There is no counterparty risk with a decentralized cryptocurrency. This is the answer in its most basic form.,1651964908,t2_h7f6q,i7qf40d,Comment
30,solana,"? no i dont, im saying that l2 will be required to be able to handle the worlds transactions lol, good strawman tho, gl",1651961828,t2_edsjydgo,i7q8s09,Comment
31,solana,"I am about to enter cryptocurrency, any tips?",1651963364,t2_lmuhjucu,i7qbzuq,Comment
32,solana,This is easy to fix. Just share your sources,1651963075,t2_yxfjt,i7qbee0,Comment
33,solana,No,1651962892,t2_aa6phopg,i7qb0p3,Comment
34,solana,"Dust Attack, just ignore completely

DO NOT GIVE IN TO ANY EMOTIONAL OWNERSHIP FEELINGS",1651962489,t2_aeyoyxbq,i7qa6pt,Comment
35,solana,How to easily get STEPN activation code,1651965094,t2_mt618ohm,i7qfh94,Comment
36,solana,"WARNING: 
1) Do not trust DMs from anyone offering to help/support you with your funds (Scammers)! 
2) Never give out your Seed Phrase and DO NOT ENTER it on ANY websites sent to you.
3) MODS or Community Managers will NEVER DM you first regarding your funds/wallet.


*I am a bot, and this action was performed automatically. Please [contact the moderators of this subreddit](/message/compose/?to=/r/solana) if you have any questions or concerns.*",1651964207,t2_6l4z3,i7qdp96,Comment
37,solana,Scaaaaaaaam,1651963856,t2_5a6c4,i7qczgj,Comment
38,solana,"WARNING: 
1) Do not trust DMs from anyone offering to help/support you with your funds (Scammers)! 
2) Never give out your Seed Phrase and DO NOT ENTER it on ANY websites sent to you.
3) MODS or Community Managers will NEVER DM you first regarding your funds/wallet.


*I am a bot, and this action was performed automatically. Please [contact the moderators of this subreddit](/message/compose/?to=/r/solana) if you have any questions or concerns.*",1651966110,t2_6l4z3,i7qhhvk,Comment
39,solana,120,1651965540,t2_aa6phopg,i7qgd5g,Comment
40,Polkadot,"The actions you can make with Ledger are defined by the Ledger applications you have installed on the hardware wallet, not the browser extension.",1651978077,t2_6hyefizg,i7r4a7w,Comment
41,Polkadot,"Tank you, but my question remains the same.
What are those functions that are not supported? I'm not interested in participating in crowd loans, but I would like to use defi applications.
Does ledger support them?",1651991642,t2_4r8jn35r,i7rqb1o,Comment
42,Polkadot,"It seems you are posting content related to price discussion. Please note that this a technology focused sub and all discussions on price, market cap as well as trading should be moved to r/dot, an independent community not moderated by Polkadot developers. This post will be automatically removed, if you believe this to be in error please consider contacting the moderators.

*I am a bot, and this action was performed automatically. Please [contact the moderators of this subreddit](/message/compose/?to=/r/Polkadot) if you have any questions or concerns.*",1651998206,t2_6l4z3,i7ry7p3,Comment
43,Polkadot,Do we really need another dex swap?,1652001092,t2_frijkdm3,i7s1hl2,Comment
44,Polkadot,"Coins for engagement is interesting, but it is important that people are paid to promote ‚Äúgood‚Äù engagement, whatever that means.

I think there is an explosive combination between web3 identity and social networks, in the political sphere. A like becomes like a vote.",1652000812,t2_1kierv,i7s16k4,Comment
45,Polkadot,that sounds healthy and sustainable.,1652001305,t2_frijkdm3,i7s1pwk,Comment
46,Polkadot,perhaps you prefer it to be yellow?,1652001282,t2_frijkdm3,i7s1p1i,Comment
47,Polkadot,i prefer a threeway :),1652001203,t2_frijkdm3,i7s1lz6,Comment
48,Polkadot,Acala is THE defi hub of Polkadot.,1652001140,t2_frijkdm3,i7s1jfw,Comment
49,Polkadot,I'd take green,1652028086,t2_h73yf,i7tbo4d,Comment
0,Bitcoin,It is a revolutionary act to buy Bitcoin and hold your own keys. - ,1648301999,t2_6m7gn,toopg0,Submission
1,Bitcoin,"Blockchain statusconfirmed but it hasn't been recieved yet? cash app and NEED HELP - Alright so I send to a wallet through Cash App, the reciever has not recieved it yet, I'm kinda new to this shit... Any help would be appreciated

&amp;#x200B;

Here's the transaction hash: (when i find the transaction it says ""spent"" with a red icon, what does this mean?

[https://www.blockchain.com/btc/tx/fa9268355735dd285e73a3205e5c311b41d98b435127cd3da276ad5c10f84bd7](https://www.blockchain.com/btc/tx/fa9268355735dd285e73a3205e5c311b41d98b435127cd3da276ad5c10f84bd7)

Hash number:

fa9268355735dd285e73a3205e5c311b41d98b435127cd3da276ad5c10f84bd7

&amp;#x200B;

&amp;#x200B;

It was sent to this wallet: 3BfHyJyUQnBcz1yArQcUsRsjRgf4x11fYb 

From this wallet: 35k2tiwLYndRxvNTAqukNxAu416y2mPqCt

The transaction happeneded at 22:32 pm  **UTC/GMT +1** hour (10:32 in belgium)

Also it says spent on the hash, this is the details I think:   [https://gyazo.com/fa83201ffadba92b19dcc68d8bfa7b09](https://gyazo.com/fa83201ffadba92b19dcc68d8bfa7b09)  

&amp;#x200B;

This is what it said after I sent it on cashapp with ""Blockchain status confirmed"": [https://gyazo.com/f399b54ac65d7c291dd7f5d274e68d8d](https://gyazo.com/f399b54ac65d7c291dd7f5d274e68d8d)

&amp;#x200B;

But the reciever hasn't recieved it yet, can anyone check it out for me? Or how do I know it's confirmed?",1648301737,t2_75n742,toomoc,Submission
2,Bitcoin,Turks turn to Bitcoin following hyper-inflation of Turkish Lira - ,1648304231,t2_a5i5mmpq,toqbp8,Submission
3,Bitcoin,"Ledn is stopping its saving account on April 4 - Anything before April 4 will still earn interest in a legacy savings account

But after April 4, where should I deposit btc to earn a similar 6% APY?",1648304147,t2_2tdvfe4d,toq8ek,Submission
4,Bitcoin,Crypto Adoption Boost: Israel‚Äôs Oldest Bank Enables Bitcoin And Ethereum Trading - ,1648303955,t2_j8s67v3g,topzc6,Submission
5,Bitcoin,Exxon is mining bitcoin in North Dakota as part of its plan to slash emissions - ,1648306697,t2_9wasajqw,tos937,Submission
6,Bitcoin,Help stand up for Bitcoin when everyone is attacking PoW. Just because it uses a lot of power doesn‚Äôt mean we have to be burning coal in 2022 this is a outdated industry problem not a Bitcoin problem. - ,1648306563,t2_fw9xexu9,tos7ii,Submission
7,Bitcoin,"BITCOIN News This Week: Russian Oil For Bitcoin, Yellen Put on The Spot, Jim Bianco, Blackrock Bends The Knee, Pomp, Saylor, Goldman Sachs &amp; More - ",1648308288,t2_7kh5n,toss18,Submission
8,Bitcoin,"Nuclear Powered Miner - Can some just make a nuclear powered miner, and tell the eviro-monkeys to bugger off! It seems to me that Bitcoin rewards whoever can produce the maximal amount of energy output for the least bit(no pun intended) of cost. Therefore, Bitcoin actually encourages more efficient energy technology.",1648310946,t2_6fl86kh9,tov6or,Submission
9,Bitcoin,Russian Prime Minister Mishustin called for the integration of cryptocurrencies into the country's economy - ,1648310791,t2_golwj596,tov0mi,Submission
10,ethereum,Random BG PUNKS V1 collection of 111 unique Punks! Only Private Minting soon! join DiscordüöÄ - ,1648299731,t2_ktdghqq3,too1lq,Submission
11,ethereum,Free ETH airdrop - ,1648301724,t2_kom8cxij,toomjk,Submission
12,ethereum,"Libonomy - Interoperable, scalable and truly decentralized blockchain - ",1648303064,t2_eju2xgla,top0vy,Submission
13,ethereum,"Ethernet (ETH) developer conference: difficulty bomb expected in June, implementation layer specification well advanced. If the difficulty bomb is officially on, it will mark the end of PoW mining in Ether. - ",1648302917,t2_kqbk23a3,tooza4,Submission
14,ethereum,Libonomy Blockchain Introduction - ,1648302773,t2_kawm0fjb,tooxqo,Submission
15,ethereum,Follow MitoNfts - ,1648304384,t2_heyf1w2e,toqiq2,Submission
16,ethereum,Anyone know if their is any plans to reduce ETH gas fees? - ,1648306483,t2_f5jwo,tos6lb,Submission
17,ethereum,Eth Forest - ,1648307515,t2_4j07cilw,tosj6j,Submission
18,ethereum,"Check out InkFinks, Brand New Awesome Art On Eth!!!!! - **__What is InkFinks? __**
InkFinks is a collection of 8,888 NFTs which will act as the first chapter of a larger narrative, continuously unravelling through future multimedia projects. Inspired by traditional animation and pop culture, each piece features hand-drawn traits and water-colour backgrounds painted by emerging artist, Mr. Bear. 

Find out more here: https://discord.gg/kVwRMxE8",1648308587,t2_1w686z5s,tosve4,Submission
19,ethereum,#GRAVISFINANCE IDO X DAOstarter - ,1648309778,t2_kqhab3j1,tott4r,Submission
20,XRP,I am looking for help with Ripple X Flare Network‚Äôs airdrop whose snapshot was taken in 2021. If you know let me know. Thanks. - ,1648299984,t2_gd40ibcc,too4cr,Submission
21,XRP,"How can I buy xrp as a US customer? I have coinbase pro, kraken, and crypto.com now but nothing lets me buy! Help! - ",1648304391,t2_3nhp93b2,toqish,Submission
22,XRP,Want to feel the Winning? üí∏ Be a part of Jumbo Ticket Nowü•Ç - ,1648308488,t2_j176clvt,tosu8z,Submission
23,XRP,CASINO COIN CSC PUMP - ,1648311484,t2_bms38kmo,tovto8,Submission
24,XRP,RastaSwap - #1 Crypto Cannabis Ecosystem and a Bridge Between Traditional Market and Crypto - ,1648312192,t2_cu00xicf,townou,Submission
25,XRP,XRP HUGE BREAK-OUT HAPPENING!!! XRP CRYPTO PRICE ANALYSIS AND PREDICTIONS - ,1648318752,t2_93u5g47i,tozhw7,Submission
26,XRP,"Attorney Jeremy Hogan on the Ripple v. SEC SMOKING GUN! And of Course, the SEC Delay Game. - ",1648320008,t2_1hjxby03,tozwvz,Submission
27,XRP,Xrp on Coinbase - ,1648328765,t2_65h0lpn5,tp44sc,Submission
28,XRP,What‚Äôs the worse thing could happen to XRP if Ripple loses it case against the SEC? - ,1648330083,t2_vlscd3a,tp4k2s,Submission
29,XRP,Space Artists Unique NFT Collection - ,1648330496,t2_euq2rj6e,tp4oyq,Submission
30,solana,"I got rugged on an nft project. - Okay, so I've heard of people burning their tokens/nfts once a rug pull happens. Where would I go to do this?",1648300828,t2_5wbkm6zz,tood5y,Submission
31,solana,Random BG PUNKS V1 collection of 111 unique Punks! Only Private Minting soon! join DiscordüöÄ - ,1648300809,t2_ktdghqq3,toocwv,Submission
32,solana,Please help!! SOL to ETH? - Is there any way I can convert my sol to eth without paying any gas on eth? I have 0.00 eth in my wallet and I really need to convert this. Please help!!,1648301915,t2_8yb1z8l,toookq,Submission
33,solana,"What percentage of SOL txs are communication overhead? - Heyo, I'm carrying out an ""actual tps"" research of the top-50 chains to evaluate user/dev activity and I see that right now explorer.solana.com indicates 2,387 TPS. If I'm not mistaken Solana's consensus protocol, being pBFT, involves a heavy load, although not as heavy as it would be without PoH's optimization, of communication overhead messaging or inter-node communication messaging. My question is: is there a way to tell what percentage of this number is user/dev activity and what percentage is caused by communication overhead? Thanks in advance, cheers.",1648305480,t2_9hjmorrq,toruax,Submission
34,solana,#GRAVISFINANCE IDO X DAOstarter - ,1648309509,t2_kqhab3j1,tothsf,Submission
35,solana,#GRAVISFINANCE IDO X DAOstarter - ,1648311010,t2_kr1uhsbm,tov9vh,Submission
36,solana,check out this post - ,1648314321,t2_ikk61m6s,toxz3z,Submission
37,solana,"Raydium Yield Farm Returns Lower Than Expected Based on APR -  Has anyone done any farming with Raydium recently? I don't seem to be making as much as the APR suggests and I'm wondering if there is something I'm missing. I am farming on both Raydium and Traderjoexyz for different types of crypto. I have a similar amount invested on both sites with a similar APR in both farms but on trader joe I'm earning about 2 times more per day and seems inline based on the APR. The way I am calculating the expected amount is by taking the ""Deposited"" amount shown in the farm \* the APR% / 365. Example if Deposted amount is 500 and APR is 35% I would expect:  
(500 \* .35) = 175 / 365 = .4794 cents per day

is this accurate? I'm only receiving about 1/2th of the amount I would expect to see daily",1648315599,t2_1zqgpj6z,toyezo,Submission
38,solana,Phantom Wallet not Syncing - ,1648316145,t2_l6087vbo,toylmp,Submission
39,solana,i need help getting 0.02 solana to withdraw my solana's - ,1648318596,t2_kwa1r0um,tozfym,Submission
40,Polkadot,"Referendum #55 has passed and executed, the minimum stake for nominators lowered from 120 to 10 $DOT - ",1648307143,t2_fu75uwrn,tosesl,Submission
41,Polkadot,Moonwell Apollo Review | Moonriver's Defi Borrowing Platform ? - ,1648313137,t2_1iga969g,toxkct,Submission
42,Polkadot,Announcement from Zelcore - ,1648321907,t2_gctbi8bu,tp0k08,Submission
43,Polkadot,Bit.Country. - ,1648321864,t2_1470frx6,tp0jhi,Submission
44,Polkadot,Integritee Network - ,1648325182,t2_4d137gj3,tp2s5u,Submission
45,Polkadot,ANY CHANCE DOT WILL PARTNER WITH GAMESTOP AND THEIR NFT MARKETPLACE? - ,1648331685,t2_8fty3qnc,tp52x8,Submission
0,Bitcoin,Futurebit Apollo btc . Hi I bought the Appolo futurebit miner . I connected it to the portal . It keeps on saying the miner is off .. it is loadin the node though . How do I fix this. - ,1651961350,t2_9vb2zbk4,uknnbn,Submission
1,Bitcoin,"btc down on Coinme's network - be careful using, i lost my money - ",1651964995,t2_mtdsbwku,ukotdv,Submission
2,Bitcoin,"Bitcoin wallet - Hi everyone!
I have a scenario with bitcoin core wallet.
If I copy bitcoin dat file to different devices and encrypt the wallet in those devices with same passphrase, will be the new addresses generated in those devices same?
Thanks",1651964681,t2_9l7s4oqu,ukopub,Submission
3,Bitcoin,Can i use my old seed when i make a new multisig wallet? - i have 12 words seed. I want to make a multisig using those first 12 words as 1 set of keys for the multsig. can i do that or do i need to generate new set of seeds?,1651964138,t2_bf6vmd19,ukojo8,Submission
4,Bitcoin,Lightning network explorer - ,1651963813,t2_j07gbrk9,ukog02,Submission
5,Bitcoin,a utopian short sci-fi story...head to baskadia and tip with Bitcoin üî•üåç - ,1651963476,t2_ms9ij5ur,ukoc85,Submission
6,Bitcoin,"Bitcoin investing versus 401k for retirement opinions - Through my employer I invest in a 401(k) which is mostly index funds, total market and I make weekly regular investments to bitcoin as well. How many of you on here do both if you have a 401k through your employer 

Or‚Ä¶ What do you use the extra cash invest last in the 401(k) and more into bitcoin. Right now I‚Äôm only doing about 300$ a month in btc and around the same for my job.",1651966022,t2_a0p2rc20,ukp4ey,Submission
7,Bitcoin,CoinPayU. A Bitcoin Advertising Network - ,1651965607,t2_l7jfrpgq,ukozyp,Submission
8,Bitcoin,I bought more Bitcoin - ,1651965202,t2_5jbed86y,ukovo9,Submission
9,Bitcoin,btc down on coinme network. don't use for risk of losing money - the compan is selling btc and not telling people the transfer network wont operate. pls be careful.,1651965172,t2_mtdsbwku,ukovdw,Submission
10,ethereum,I got the Hop Protocol airdrop! - ,1651963738,t2_nq7y6,ukof5l,Submission
11,ethereum,~$120k in NFTs/ETH hacked &amp; stolen from me - ,1651961070,t2_8fsp48le,uknjva,Submission
12,ethereum,~$120k in NFTs/ETH hacked &amp; stolen from me - ,1651961033,t2_8fsp48le,uknjfc,Submission
13,ethereum,ens domain - ,1651967226,t2_kob59u7a,ukph69,Submission
14,ethereum,"Solidity question - I'm still new to solidity and still learning but based on what I learned so far once you deploy a contract to the blockchain everyone can see the contract code.

now I wanted to look at some code for some scam tokens I have in my wallet which I got airdropped, I want to know how they work but when I go to the contract tab on bscscan there is none.

How does one bypass displaying your contract code on the blockchain and since you can omit that info a certain way isn't the whole concept broken then?

contract address - 0xD5E3BF9045Cfb1e6dEd4b35D1B9C34be16D6EEc",1651969032,t2_34407kxh,ukpzzu,Submission
15,ethereum,READERS WIN - ,1651968338,t2_k0cyfebf,ukpszw,Submission
16,ethereum,https://opensea.io/collection/super-crypto-kitties - ,1651971905,t2_k57faxvl,ukqsxk,Submission
17,ethereum,https://opensea.io/collection/super-crypto-kitties - ,1651971884,t2_k57faxvl,ukqsov,Submission
18,ethereum,"is it possible to get the encrypted seed phrase from metamask? - hey guys, a friend of mine got hacked, he says that he just entered the password (and not the seed phrase, he has the seed phrase under a tree \[literally\]).

anyways , he entered the password on a phishing website and not the seed phrase, 20 mins later his wallet was empty, he lost a lot of money.

so is it possible to get the encrypted file just with js?",1651973575,t2_8574pteq,ukr9zg,Submission
19,ethereum,"unlocker excavator sending too much data to an IP - anyone noticed that the new unlocker excavator is ""uploading"" too much data compared to the old version?

has anything to do related to the unlocker method? if i block that IP it stops mining",1651973111,t2_kqcv1y9e,ukr5cq,Submission
20,XRP,"05/08/22 [Join FlareXRP Discord] - discord.com/invite/FlareXRP - # FlareXRP Discord

\&gt;&gt;&gt; **Invite Link:** [**discord.com/invite/FlareXRP**](https://discord.com/invite/FlareXRP)

**Official Discord for the following Partner Subs:**

* r/XRP
* r/Ripple
* r/FlareNetwork
* r/Songbird
* r/FlareFinance
* r/Evernode

**Channels**

1. Announcements
2. News and media
3. ‚ÄãInfographics and visual aids

**Categories**

1. Exchanges &amp; Wallets, FinTech, DeFi &amp; NFTs, Investing, Cryptocurrency
2. Interledger Protocol, RippleX, Polysign
3. XRPL Labs (XUMM), Bifrost, D'CENT, Exodus, and more

**Special Perks for** **FlareXRP Discord server boosters**

 ‚†Ä",1651982411,t2_6l4z3,uktnh8,Submission
21,XRP,Let's play a game ü§ó XRP ARMY!!! - ,1651998509,t2_eek8jqlj,ukxc8x,Submission
22,XRP,Will XRP replace the Dollar? - ,1652031443,t2_mmrn6zye,ul6umt,Submission
23,XRP,Opinion - XRP and SEC will settle before November 2022 - ,1652033116,t2_5cyhv9ye,ul7fpe,Submission
24,XRP,gotta love free money - ,1652036949,t2_c4wt058k,ul8s6e,Submission
25,solana,Solana price by the end of the month? - ,1651964206,t2_9neudsal,ukokf9,Submission
26,solana,"Very weird situation with Phantom Wallet -  I created a Phantom Wallet a couple of months ago. As the creation process completed, I noticed that there were more than just one wallet available, between 10 to 30 of them.

Some of them already had multiple transactions dating back before I had even created a wallet. I thought nothing of it and didn't touch it until now.

Got back to it, and everything was as is. Going through the activity of the wallets which have SOL in them, I saw that since I had last opened it, more transactions had occurred, however with smaller amounts.

All wallets are in the Mainnet Beta network, and nothing unusual stands out. I also understand that people have found themselves containing SOL amounts in wallets connected to the Devnet and Testnet networks, which isn't real SOL, instead being values used to test wallet actions. Only four Network options are available: Mainnet Beta, Devnet, Testnet and Localhost.

Obviously I had to try and see if the amounts shown were available to transact, however everything fails. It isn't possible to send values between the wallets available on Phantom, nor to external wallets such as Coinbase and Binance.

I created a different wallet on Chrome this time, to see if this was normal or not, and as expected, only one wallet was created on Chrome.

I really have no idea what I got myself into, as I can't find anything resembling this situation.

This is my last resort before sending a ticket to Phantom Support.",1651966109,t2_mfy0n1yp,ukp5c4,Submission
27,solana,Is BitGert going to take over from Solana? - ,1651968299,t2_4gi9blvn,ukpsjj,Submission
28,solana,"I sent my nft to Safepal S1 address, and it doesn't support Solana NFTs - ",1651970104,t2_8khuvbw5,ukqaul,Submission
29,solana,"price dips and highs are caused by the same people - The whales. Sometimes the same banks that crypto is up against they make money in the corners and then cash out

Most people don't understand this",1651971420,t2_7a9gph27,ukqnw1,Submission
30,solana,Do we think Magic Eden will stay in the lead for NFT markets? - ,1651977614,t2_55wq5pmo,uksdey,Submission
31,solana,stepn - ,1651982065,t2_30dy8y9t,uktk7o,Submission
32,solana,üö®NFT GIVEAWAYüö®üéÅREAD COMMENT - ,1651981349,t2_i0lip3t6,uktdba,Submission
33,solana,"How to list solana NFT on OpenSea - Hi guys,

First of all I am not a programmer, but an artist and as we know OpenSea already supports Solana NFTs I decided to list my 1k collection on it. But the problem is there are very few resources how it can be done on OpenSea. It's not like the Ethereum NFT resources online.  

I have Phantom wallet and I've tried to create an OpenSea collection but Solana chain is locked and I don't know how to unlock it 

https://preview.redd.it/gjfj0zhxa7y81.png?width=1162&amp;format=png&amp;auto=webp&amp;s=3a9ff0d75f754bfcbcf94b6c53164b66f309141b

I've also read the support documentation on OpenSea but it's still not clear for me - [https://support.opensea.io/hc/en-us/articles/5661749143571-Getting-my-Solana-collection-on-OpenSea-Understanding-the-Metaplex-Certified-Collection-standard](https://support.opensea.io/hc/en-us/articles/5661749143571-Getting-my-Solana-collection-on-OpenSea-Understanding-the-Metaplex-Certified-Collection-standard)

Can you guys tell me in some more details what is the journey to successfully adding Solana NFT collection on OpenSea or may be giving some references to articles.

Thank you so much in advance.",1651993637,t2_12npllfc,ukwabh,Submission
34,solana,"Are there any decentralised exchange for converting Luna to Sol? - I have searching for decentralised exchanges for converting my Luna to Sol. I am unable to find any. Pls give some suggestions. I live in India. I am facing problems in adding money to my coinbase account. 

Also, why aren't much decentralised exchanges that allows conversion of different blockchain coins?",1651994850,t2_amh6bb6g,ukwk16,Submission
35,Polkadot,"What's the Utility of Beauty? - SER, Have ya' Heard? - May 7, 2022 - ",1651962588,t2_ak571ll3,uko223,Submission
36,Polkadot,Question on staking now that minimum is 10 DOT - ,1651967210,t2_2nzltlh8,ukph0n,Submission
37,Polkadot,Polkadot Resumes Bearish Run as It Loses the $14.18 - ,1651998204,t2_6rjw5,ukxa3t,Submission
38,Polkadot,Polkadot Hackathon 2022 is Live! Registration Begins! - ,1651996929,t2_4k47dl7i,ukx0or,Submission
39,Polkadot,Best staking place for dot? - ,1652014034,t2_9kouklpv,ul0yp4,Submission
40,Polkadot,Will Dot survive? - ,1652013841,t2_9kouklpv,ul0wqr,Submission
41,Polkadot,"When it comes to zero knowledge proofs, how does it practically work in a private chain? - ",1652016901,t2_11k30x,ul1url,Submission
42,Polkadot,"Ledger Live staking , how many ? - ",1652019159,t2_ki83i26z,ul2l3c,Submission
43,Polkadot,StarCards NFT built on Astar - ,1652028217,t2_7upbrmdw,ul5pxj,Submission
44,Polkadot,"Don't miss the chance to get updated about whats new Dapps Here is weekly update #75 by Thedapplist Vesta‚Äôs XMint, ENS constitution book, Hop Protocol ‚Äôs Hop DAO, Cryptovoxels is now Voxels, Parachains messaging by Polkadot, etc $WISE-ly Read More: https://t.co/K7QbwhmUhD - ",1652036065,t2_ck55b2t2,ul8gv0,Submission
