id,text,subreddit,date,sentiment,annotator,annotation_id,created_at,updated_at,lead_time
187,"Everything you need to know about Astar Network from WASM &amp; EVM smart contract support to Swanky Suite and DApp Staking all made simple in this 101 thread by SubWalletüòåüåüüí™
",Polkadot,2022_09_10,Knowledge,1,195,2022-11-28T08:45:22.052856Z,2022-11-28T08:45:22.052891Z,9.436
186,"Introducing SORA Card: A unique self-custodial crypto debit card built for the interoperable future for all parachain tokens
",Polkadot,2022_09_10,Knowledge,1,194,2022-11-28T08:45:12.465161Z,2022-11-28T08:45:12.465199Z,3.461
185,"Introducing SORA Card: A unique self-custodial crypto debit card built for the interoperable future for all parachain tokens
",Polkadot,2022_09_10,Knowledge,1,193,2022-11-28T08:45:08.845647Z,2022-11-28T08:45:08.845692Z,8.841
184,"Polkadot biweekly: Aventus Network has won the latest parachain lease auction BitCountry Pioneer and‚Ä¶
",Polkadot,2022_09_10,Knowledge,1,192,2022-11-28T08:44:59.846107Z,2022-11-28T08:44:59.846147Z,5.125
183,"Is 65k tps the absolute upper limit for Solana over the long term?
I know currently Solana‚Äôs theoretical limit is 65k tps but will that be the absolute max tps forever? Does the max tps also scale over time?",solana,2022_09_10,"{""choices"": [""Knowledge"", ""Trust""]}",1,191,2022-11-28T08:44:54.568934Z,2022-11-28T08:44:54.568987Z,20.202
182,"Now it's official Binance Exchange will list BABY DOGE COIN (BabyDoge) will be launched TODAY
That's huge! Don't miss the opportunity guys!

The official announcement from Binance:

üéâWe are excited to announce that BABY DODGE COIN (BabyDoge) will be launched TODAY on Binance Exchange at 10:00 PM UTC September 9!

üí∞Don‚Äôt miss your chance for a possible 10x

We can still buy BABY DOGE COIN (BabyDoge) on PancakeSwap at a great price:

[https://pancakeswap.finance/swap?BabyDoge=1&amp;outputCurrency=0x20a72ea5955c3ba166f7ddafb6ade3c98efcaf2e](https://pancakeswap.finance/swap?BabyDoge=1&amp;outputCurrency=0x20a72ea5955c3ba166f7ddafb6ade3c98efcaf2e)",solana,2022_09_10,"{""choices"": [""Knowledge"", ""Power""]}",1,190,2022-11-28T08:44:34.186822Z,2022-11-28T08:44:34.186858Z,10.171
181,"Token Name: (VEE NFT) Telegram: https://t.me/ZEENFT_Dc Presale Time: 01/25 19:00 pm - 01/29 17:00 pm Soft/Hard Cap: 300 BNB / 600 BNB Min/Max: 0.02 BNB / 5 BNB Presale Rate: 2 BNB = 560000000000.0 Vee Nft Liquidity: 70% Lockup: 200 days https://t.me/ZEENFT_Dc Website: Veefriends.com
",solana,2022_09_10,Knowledge,1,189,2022-11-28T08:44:23.860325Z,2022-11-28T08:44:23.860368Z,5.892
180,"PORTAL: https://t.me/prodevinuportal COMMUNITY OWNEDüî• WE ALL BUILD TOGETHER ü•≥ SAFU‚úÖ LAUNCH DATE SEPT 10 2020üî• The next big change coming to bsc.‚úÖ The next big crypto that will ‚úÖdevelop its own use utility for real world expenses.‚úÖ WE ARE THR CHANGE JOIN USüî•üíé https://prodevinu.finance/
",solana,2022_09_10,"{""choices"": [""Knowledge"", ""Power""]}",1,188,2022-11-28T08:44:17.797126Z,2022-11-28T08:44:17.797199Z,11.777
179,"BR1 is starting its closed beta! They are funding accounts with USDC as every kill you get in-game is worth $1 and you spawn for $1!
",solana,2022_09_10,Knowledge,1,187,2022-11-28T08:44:05.860328Z,2022-11-28T08:44:05.860375Z,11.678
178,"09/09/22 [Join FlareXRP Discord] - discord.com/invite/FlareXRP
# FlareXRP Discord

\&gt;&gt;&gt; **Invite Link:** [**discord.com/invite/FlareXRP**](https://discord.com/invite/FlareXRP)

**Official Discord for the following Partner Subs:**

* r/XRP
* r/Ripple
* r/FlareNetwork
* r/Songbird
* r/Evernode

**Channels**

1. Announcements
2. News and media
3. ‚ÄãInfographics and visual aids

**Categories**

1. Exchanges &amp; Wallets FinTech DeFi &amp; NFTs Investing Cryptocurrency
2. Interledger Protocol RippleX Polysign
3. XRPL Labs (XUMM) Bifrost D'CENT Exodus and more

**Special Perks for** **FlareXRP Discord server boosters**

 ‚†Ä",XRP,2022_09_10,"{""choices"": [""Knowledge"", ""Similarity"", ""Identity""]}",1,186,2022-11-28T08:43:54.013646Z,2022-11-28T08:43:54.013695Z,6.678
177,"A 2019 talk by David Schwartz on international payments but still seems relevant today
",XRP,2022_09_10,Knowledge,1,185,2022-11-28T08:43:47.178365Z,2022-11-28T08:43:47.178403Z,4.276
176,"Are they trying to US residents from buying XRP?
",XRP,2022_09_10,Knowledge,1,184,2022-11-28T08:43:42.747314Z,2022-11-28T08:43:42.747349Z,7.538
175,"Good news for NFT fans. Don't miss the moment!
",XRP,2022_09_10,Knowledge,1,183,2022-11-28T08:43:35.045214Z,2022-11-28T08:43:35.045250Z,2.497
174,"Good news for NFT fans. Don't miss the moment!
",ethereum,2022_09_10,Knowledge,1,182,2022-11-28T08:43:32.394811Z,2022-11-28T08:43:32.394854Z,2.98
173,"Now it's official Binance Exchange will list BABY DOGE COIN (BabyDoge) will be launched TODAY
",ethereum,2022_09_10,Knowledge,1,181,2022-11-28T08:43:29.249931Z,2022-11-28T08:43:29.249965Z,3.382
172,"Yep.. again. I have a 8 month old (made during ATH‚Äôs) now this. I‚Äôm being 100% too..
",ethereum,2022_09_10,Knowledge,1,180,2022-11-28T08:43:25.714368Z,2022-11-28T08:43:25.714405Z,4.78
171,"why does Paris update use TTD ?
Why does the Paris update use TTD instead of a specified block height? I don't quite get the idea 
Is it to be in time with the Bellatrix update ?
Why the merge isn't providing replay attacks also is it related to smart contract compatibility ?",ethereum,2022_09_10,Knowledge,1,179,2022-11-28T08:43:20.783963Z,2022-11-28T08:43:20.784002Z,9.417
170,"Ethereum Founder Gavin Wood Wrote About Having Sex With A Preteen Girl Dying From AIDS On His Blog. He Says It Was Just ""Fiction""
",ethereum,2022_09_10,Knowledge,1,178,2022-11-28T08:43:11.200206Z,2022-11-28T08:43:11.200248Z,44.259
169,"For best cashapp methods/ carding/ swiping / methods / bank logs / paypal / cashapp logs Join the Swiping ATMS Eazy Discord Server!
",Bitcoin,2022_09_10,"{""choices"": [""Knowledge"", ""Power""]}",1,177,2022-11-28T08:42:26.775721Z,2022-11-28T08:42:26.775780Z,5.753
168,"Best way to learn and invest in crypto currency!
",Bitcoin,2022_09_10,Power,1,176,2022-11-28T08:42:20.873938Z,2022-11-28T08:42:20.873983Z,5.503
167,"With New Prime Minister UK Still Wants to Be Crypto Hub: Treasury Official
",Bitcoin,2022_09_10,Knowledge,1,175,2022-11-28T08:42:15.215215Z,2022-11-28T08:42:15.215252Z,2.785
166,"USDT transfer time
Why USDT transfers take longer than BTC ?

For those who can help to explain I am very grateful",Bitcoin,2022_09_10,"{""choices"": [""Knowledge"", ""Trust""]}",1,174,2022-11-28T08:42:12.277064Z,2022-11-28T08:42:12.277101Z,5.918
165,"Satoshi 2010 - I'm sure that in 20 years there will either be very large transaction volume or no volume.
",Bitcoin,2022_09_10,Knowledge,1,173,2022-11-28T08:42:06.197326Z,2022-11-28T08:42:06.197377Z,6.276
164,"Question regarding participating in parachain auctions on Binance (BDOT)
",Polkadot,2022_01_31,Knowledge,1,172,2022-11-28T08:41:59.774378Z,2022-11-28T08:41:59.774413Z,2.984
163,"Astar staking rewards less than inflation during Staking Festival
",Polkadot,2022_01_31,Knowledge,1,171,2022-11-28T08:41:56.632970Z,2022-11-28T08:41:56.633006Z,3.478
162,"FC Barcelona seals deal with Polkadot for 110M USD for nect 5 years
",Polkadot,2022_01_31,Knowledge,1,170,2022-11-28T08:41:53.001628Z,2022-11-28T08:41:53.001675Z,3.212
161,"On mobile I can't access the discord. As soon as I tap the ‚úì I get this message. And since I can't get verified I can't even message mods. Thoughts?
",Polkadot,2022_01_31,Knowledge,1,169,2022-11-28T08:41:49.629803Z,2022-11-28T08:41:49.629853Z,6.471
160,"buy polka dots with paypal balance i just want to buy 1 dot
",Polkadot,2022_01_31,Knowledge,1,168,2022-11-28T08:41:43.007965Z,2022-11-28T08:41:43.008000Z,2.834
159,"If two banks are using the XRP ledger aren't they really the same?
",XRP,2022_01_31,Knowledge,1,167,2022-11-28T08:41:40.010870Z,2022-11-28T08:41:40.010918Z,2.571
158,"Cross-chain bridge ‚ÄòAllbridge‚Äô Adds Support for XRP Ledger as it‚Äôs 12th chain to bridge to and from
",XRP,2022_01_31,Knowledge,1,166,2022-11-28T08:41:37.284757Z,2022-11-28T08:41:37.284808Z,3.227
157,"XRP Sold by Ripple Surges 46% in Q4 ($717M) Compared to Previous Quarter
",XRP,2022_01_31,Knowledge,1,165,2022-11-28T08:41:33.895321Z,2022-11-28T08:41:33.895369Z,3.192
156,"01/30/22 [Join FlareXRP Discord] - discord.com/invite/FlareXRP
# FlareXRP Discord

\&gt;&gt;&gt; **Invite Link:** [**discord.com/invite/FlareXRP**](https://discord.com/invite/FlareXRP)

**Official Discord for the following Partner Subs:**

* r/XRP
* r/Ripple
* r/FlareNetwork
* r/Songbird
* r/FlareFinance
* r/Evernode

**Channels**

1. Announcements
2. News and media
3. ‚ÄãInfographics and visual aids

**Categories**

1. Exchanges &amp; Wallets FinTech DeFi &amp; NFTs Investing Cryptocurrency
2. Interledger Protocol RippleX Polysign
3. XRPL Labs (XUMM) Bifrost D'CENT Exodus and more

**Special Perks for** **FlareXRP Discord server boosters**

 ‚†Ä",XRP,2022_01_31,"{""choices"": [""Knowledge"", ""Similarity"", ""Identity""]}",1,164,2022-11-28T08:41:30.530331Z,2022-11-28T08:41:30.530369Z,4.598
155,"Anyone have an update on the Solo airdrop? Specifically for Uphold exchange
",XRP,2022_01_31,Knowledge,1,163,2022-11-28T08:41:25.778178Z,2022-11-28T08:41:25.778219Z,3.198
154,"How do you get ETH back from WETH
Do you send WETH to [this](https://etherscan.io/address/0xc02aaa39b223fe8d0a0e5c4f27ead9083c756cc2) contract address again?",ethereum,2022_01_31,"{""choices"": [""Knowledge"", ""Similarity""]}",1,162,2022-11-28T08:41:22.410203Z,2022-11-28T08:41:22.410251Z,8.7
153,"I made a terrible mistake and sent WETH to WETH's contract address :(
Did I lose all that money?",ethereum,2022_01_31,"{""choices"": [""Trust"", ""Conflict""]}",1,161,2022-11-28T08:41:13.541870Z,2022-11-28T08:41:13.541930Z,14.142
152,"Did I just lose half a million dollars by sending WETH to WETH's contract address?
Please tell me that I didn't :(

[https://etherscan.io/tx/0x96a7155b44b77c173e7c534ae1ceca536ba2ce534012ff844cf8c1737bc54921](https://etherscan.io/tx/0x96a7155b44b77c173e7c534ae1ceca536ba2ce534012ff844cf8c1737bc54921)",ethereum,2022_01_31,"{""choices"": [""Trust"", ""Conflict""]}",1,160,2022-11-28T08:40:59.238770Z,2022-11-28T08:40:59.238803Z,26.991
151,"PLEASE HELP! All of my saitama tokens were stolen today. I never gave out my passphrase to anyone but it was all transferred into this wallet. Is there anyone who can help me?!?
",ethereum,2022_01_31,"{""choices"": [""Knowledge"", ""Trust"", ""Conflict""]}",1,159,2022-11-28T08:40:32.083807Z,2022-11-28T08:40:32.083857Z,17.823
150,"Saitamask issues
I. Downloaded saitamask yesterday and it was working fine. Now today the app won‚Äôt even open for me. I cleared history cache  etc and it‚Äôs still won‚Äôt load. I turned the phone on and off and still nothing. I also uninstalled it and reinstalled it and still nothing. Anyone else having the issues or know how I can fix them. Please help. I want to buy the lily token that comes out tomorrow according to saitama",ethereum,2022_01_31,"{""choices"": [""Knowledge"", ""Trust""]}",1,158,2022-11-28T08:40:14.092593Z,2022-11-28T08:40:14.092633Z,17.96
149,"Breaking-up is not the only thing that Greg makes a hash of
",Bitcoin,2022_01_31,Knowledge,1,157,2022-11-28T08:39:55.978315Z,2022-11-28T08:39:55.978360Z,2.628
148,"Exchange value vs use value does Bitcoin back itself?
",Bitcoin,2022_01_31,Knowledge,1,156,2022-11-28T08:39:53.197738Z,2022-11-28T08:39:53.197774Z,10.745
147,"Divorced but üíØ available for new cubs I‚Äôm looking for a young age I‚Äôm okay financially I‚Äôll take care of you responsibilities
",Bitcoin,2022_01_31,"{""choices"": [""Knowledge"", ""Power""]}",1,155,2022-11-28T08:39:42.283205Z,2022-11-28T08:39:42.283257Z,30.454
146,"Is IMF ‚Äòon the wrong side of history‚Äô as it issues yet another warning to El Salvador.
",Bitcoin,2022_01_31,Knowledge,1,154,2022-11-28T08:39:11.669845Z,2022-11-28T08:39:11.669883Z,3.539
145,"When to take some of the profits out
I'm new to BTC and I've entered the market not that long ago  question is 

When do I cash out some of the profits from BTC or ETH  What do i do so that if the market goes down i don't lose some of the profits ?Do I sell only the profit made ? Do i sell all and re-enter the market with a limit at a lower price ? the support line maybe ?Do I sell half + profit",Bitcoin,2022_01_31,"{""choices"": [""Knowledge"", ""Trust""]}",1,153,2022-11-28T08:39:07.974249Z,2022-11-28T08:39:07.974305Z,11.16
144,"SER where are the Photography NFTs? Americas 2.0 on RMRK &amp; Kusama - SER Have ya Heard? May 10 2022
",Polkadot,2022_05_11,Knowledge,1,152,2022-11-28T08:38:56.661077Z,2022-11-28T08:38:56.661121Z,3.17
143,"How To Stake your Polkadot (DOT) on Acala - LDOT Liquid Staking
",Polkadot,2022_05_11,Knowledge,1,151,2022-11-28T08:38:53.331899Z,2022-11-28T08:38:53.331946Z,2.499
142,"Why is Polkadots market cap so large and community so small?
",Polkadot,2022_05_11,Knowledge,1,150,2022-11-28T08:38:50.677393Z,2022-11-28T08:38:50.677434Z,3.269
141,"What are the Top 3 Ethereum Developer Training Programs?
",Polkadot,2022_05_11,Knowledge,1,149,2022-11-28T08:38:47.259235Z,2022-11-28T08:38:47.259273Z,3.455
140,"Seen the news? Wanna talk about stablecoin design? Join Hubble Protocol's Town Hall TONIGHT at 5 PM UTC on Discord (link inside)
Hubble Protocol's monthly Town Hall is coming up today. 

We'll be going over:   

What we've accomplished in the past month upcoming releases partnerships and community initiativesü§ù AND OF COURSE stablecoin design and maintaining USDH's peg.

üìÖ Today May 10 üïì 17:00 UTC 

üìç Discord 

 See you thereüëá 

[https://discord.com/events/901231379587670066/968288124260220958](https://discord.com/events/901231379587670066/968288124260220958)",solana,2022_05_11,"{""choices"": [""Knowledge"", ""Similarity"", ""Identity""]}",1,148,2022-11-28T08:38:43.634459Z,2022-11-28T08:38:43.634519Z,19.848
139,"Solana Tokenomics
Please. I am invested in SOL somewhat. I've had a small bag for a while. I am considering investing more while the price has plunged. I've mostly steered clear of investing in SOL since my initial investment primarily because I don't understand the tokenomics. As an investor only how does Solana make me money? I am stuck at the ""no max supply"". I've read through other posts and I'm just not getting it.",solana,2022_05_11,"{""choices"": [""Knowledge"", ""Trust""]}",1,147,2022-11-28T08:38:23.623299Z,2022-11-28T08:38:23.623353Z,18.771
138,"Interacting with Raydium and Other AMMs with CLI
Hello everyone. I am a new developer and I'm sure that this is a noob question but I was hoping that I could get some help interacting with Raydium and other AMMs with CLI. Thank you for any help that you can provide!",solana,2022_05_11,"{""choices"": [""Knowledge"", ""Trust""]}",1,146,2022-11-28T08:38:04.698539Z,2022-11-28T08:38:04.698588Z,15.13
137,"Just like my mum $ANGEL protects me from the bears
",solana,2022_05_11,Knowledge,1,145,2022-11-28T08:37:49.409050Z,2022-11-28T08:37:49.409105Z,5.46
136,"Easiest $5 you‚Äôve ever made just vote in a telegram contest for my brothers entry and send me a screenshot
",solana,2022_05_11,Knowledge,1,144,2022-11-28T08:37:43.797359Z,2022-11-28T08:37:43.797407Z,3.977
135,"Luna Foundation Guard Is Now Selling All Of Its Bitcoins To Save UST Peg! What Is Happening?
",ethereum,2022_05_11,Knowledge,1,143,2022-11-28T08:37:39.662873Z,2022-11-28T08:37:39.662917Z,8.415
134,,ethereum,2022_05_11,,1,142,2022-11-28T08:37:31.098448Z,2022-11-28T08:37:31.098514Z,6.366
133,"Victim of fraud and all I have is wallet address
Hey everyone I could really use some help. Last year I was victim of fraud during a mental health crisis and some fraudsters made me buy eth on my name. I can‚Äôt remember how I got it and all I have is the wallet address: 0xd5624Df2B1a760fe83024A1094C0592a1C0416f4

I‚Äôve just checked and the account has been used a lot and I‚Äôm afraid I might be in trouble in the future for this. Any ideas on how to recover the wallet?",ethereum,2022_05_11,"{""choices"": [""Knowledge"", ""Trust"", ""Conflict""]}",1,141,2022-11-28T08:37:24.574172Z,2022-11-28T08:37:24.574205Z,41.098
132,"üî•ü§Ø[LUXURY ENS] i-am-rich.eth NOW ON SALE! ü§Øüî•
",ethereum,2022_05_11,Knowledge,1,140,2022-11-28T08:36:43.313197Z,2022-11-28T08:36:43.313233Z,3.247
131,"Using Beefy.Finance to earn 10000%+ APY on your crypto holdings
",ethereum,2022_05_11,Knowledge,1,139,2022-11-28T08:36:39.910419Z,2022-11-28T08:36:39.910477Z,3.114
130,"This. This is why yield.app is the best cefi platform out there!
",Bitcoin,2022_05_11,"{""choices"": [""Knowledge"", ""Power""]}",1,138,2022-11-28T08:36:36.631226Z,2022-11-28T08:36:36.631266Z,14.93
129,"This killed me
&amp;#x200B;

https://preview.redd.it/8rcmfg96ily81.png?width=960&amp;format=png&amp;auto=webp&amp;s=21ba298a9a39b77198d620d272b59bd84cc5c699",Bitcoin,2022_05_11,Fun,1,137,2022-11-28T08:36:21.524035Z,2022-11-28T08:36:21.524078Z,20.651
128,"How many of you look your portfolio value in terms of BTC?
Since few months now I have had a mental shift where I have moved all my portfolio tracking software to BTC. I end up only tracking how much of BTC I have.

In this market turmoil I thought I would fall back to fiat but I surprisingly I did not. 

I am just wondering am I in minority thinking like this or there is a big majority who measure their portfolio in BTC now?",Bitcoin,2022_05_11,"{""choices"": [""Knowledge"", ""Trust""]}",1,136,2022-11-28T08:36:00.711434Z,2022-11-28T08:36:00.711470Z,21.224
127,"If you sign up now get a free $1000 paypal gift card instantly!
",Bitcoin,2022_05_11,Knowledge,1,135,2022-11-28T08:35:39.316120Z,2022-11-28T08:35:39.316174Z,12.021
126,"If you sign up now get a free $1000 paypal gift card instantly!üá∫üá≤
",Bitcoin,2022_05_11,Knowledge,1,134,2022-11-28T08:35:27.079205Z,2022-11-28T08:35:27.079236Z,438.487
125,"What are bags? Unapplied slashes? Option to cancel ? Reporters? ...I nominated a validator who got slashed. Had 525 DOT and now 250 DOT staked so the 221 from the screenshot doesn't add up
",Polkadot,2022_03_31,"{""choices"": [""Knowledge"", ""Trust""]}",1,133,2022-11-28T08:28:08.418694Z,2022-11-28T08:28:08.418716Z,111.061
124,"Where can I buy/trade/sell native DOT for US user?
",Polkadot,2022_03_31,Knowledge,1,132,2022-11-28T08:26:17.196975Z,2022-11-28T08:26:17.197015Z,3.705
123,"Polkadot Panel ""Is Polkadot Web3's Pathway To Interoperability?"" - Starting soon at Diffusion.Events
",Polkadot,2022_03_31,Knowledge,1,131,2022-11-28T08:26:13.334323Z,2022-11-28T08:26:13.334387Z,4.134
122,"Polkadot is in Miami during Bitcoin 2022! April 6 at 2pm EDT join the Miami Beach edition for an 'Introduction to Polkadot' to learn about the advantages of the network hear the latest on the cross-chain bridge connecting Polkadot with Bitcoin as well as hear from speakers from Parity Tech.
",Polkadot,2022_03_31,Knowledge,1,130,2022-11-28T08:26:09.030194Z,2022-11-28T08:26:09.030247Z,8.45
121,"The recent Ronin Bridge hack once again illustrates the need for secure and future-proof scaling solutions especially those designed to support interoperability between blockchains at the level of consensus. Darwinia Network solves this. #LessTrustMoreTruth #Web3 #Polkadot
",Polkadot,2022_03_31,"{""choices"": [""Knowledge"", ""Power""]}",1,129,2022-11-28T08:26:00.413801Z,2022-11-28T08:26:00.413846Z,64.368
120,"Phantom wallet
Hi. I have my sol on solflare and it's currently staked with a validator. Is there anyway to like swap from my solflare wallet to Phantom wallet?? I headed some people saying if i import my seed in another wallet it shows my portfolio. Is it true?? I really want to know if i import my solflare seed to Phantom can i really use Phantom wallet??? Please help",solana,2022_03_31,"{""choices"": [""Knowledge"", ""Trust""]}",1,128,2022-11-28T08:24:55.864226Z,2022-11-28T08:24:55.864269Z,28.591
119,"Vivaion Metaverse is one of the hottest projects on Solana!
",solana,2022_03_31,Knowledge,1,127,2022-11-28T08:24:27.113236Z,2022-11-28T08:24:27.113274Z,3.601
118,"Solana Node Updated to the v1.9.12 version
",solana,2022_03_31,Knowledge,1,126,2022-11-28T08:24:23.331136Z,2022-11-28T08:24:23.331173Z,3.134
117,"Random BG PUNKS V1 collection of 111 unique Punks! Only Private Minting soon! join DiscordüöÄ
",solana,2022_03_31,Knowledge,1,125,2022-11-28T08:24:20.034641Z,2022-11-28T08:24:20.034675Z,15.269
116,"Does mSOL I used on port finance as the collateral increasing in value?
I mean as long as it's no longer in my account does staked mSol increases in value when it's loaned?",solana,2022_03_31,"{""choices"": [""Knowledge"", ""Trust""]}",1,124,2022-11-28T08:24:04.601526Z,2022-11-28T08:24:04.601559Z,58.149
115,"XRP/Spark drop? Did this ever get deposited or did I miss something?
",XRP,2022_03_31,"{""choices"": [""Knowledge"", ""Trust""]}",1,123,2022-11-28T08:23:06.266109Z,2022-11-28T08:23:06.266155Z,26.231
114,"Stunning Bitcoin And Ethereum Statement From Manager of Ripple
",XRP,2022_03_31,Knowledge,1,122,2022-11-28T08:22:39.857017Z,2022-11-28T08:22:39.857081Z,4.299
113,"Furious Bitcoiners Call Ripple's Co-Founder 'Judas' for Giving $5M to Greenpeace Climate Campaign | CoinMarketCap
",XRP,2022_03_31,Knowledge,1,121,2022-11-28T07:58:49.822544Z,2022-11-28T07:58:49.822590Z,6.236
112,"Jumbo Ticket believes in giving back to the society. That's why we have created JTT. Jumbo Ticket Trust is an initiative through which we support the needy by keeping aside $1 from every tickets purchased by our customers. Are you ready to make a change? ü•∞‚ù§üòç
",XRP,2022_03_31,Knowledge,1,120,2022-11-28T07:58:43.426119Z,2022-11-28T07:58:43.426161Z,9.971
111,"03/30/22 [Join FlareXRP Discord] - discord.com/invite/FlareXRP
# FlareXRP Discord

\&gt;&gt;&gt; **Invite Link:** [**discord.com/invite/FlareXRP**](https://discord.com/invite/FlareXRP)

**Official Discord for the following Partner Subs:**

* r/XRP
* r/Ripple
* r/FlareNetwork
* r/Songbird
* r/FlareFinance
* r/Evernode

**Channels**

1. Announcements
2. News and media
3. ‚ÄãInfographics and visual aids

**Categories**

1. Exchanges &amp; Wallets FinTech DeFi &amp; NFTs Investing Cryptocurrency
2. Interledger Protocol RippleX Polysign
3. XRPL Labs (XUMM) Bifrost D'CENT Exodus and more

**Special Perks for** **FlareXRP Discord server boosters**

 ‚†Ä",XRP,2022_03_31,"{""choices"": [""Knowledge"", ""Similarity"", ""Identity""]}",1,119,2022-11-28T07:58:33.302795Z,2022-11-28T07:58:33.302854Z,11.205
110,"Made a tool that automatically inserts ETH transactions into google docs for easier storage and processing. PM me to learn more.
",ethereum,2022_03_31,"{""choices"": [""Knowledge"", ""Status"", ""Trust""]}",1,118,2022-11-28T07:58:21.952224Z,2022-11-28T07:58:21.952267Z,28.626
109,"Hi guys I have some money locked up on my trustwallet which I really need but I don‚Äôt have any eth to cover the 15$ fee I would really appreciate it if anyone could bless me so I can get the money to pay my rent
",ethereum,2022_03_31,"{""choices"": [""Knowledge"", ""Trust""]}",1,117,2022-11-28T07:57:53.177337Z,2022-11-28T07:57:53.177371Z,17.292
108,"this is how i will look at you if you say Music NFTs are a scam.
",ethereum,2022_03_31,Knowledge,1,116,2022-11-28T07:57:35.736869Z,2022-11-28T07:57:35.736915Z,3.674
107,"New NFT Project that could be the next big GEM @metaplayersnfts
",ethereum,2022_03_31,Knowledge,1,115,2022-11-28T07:57:31.918198Z,2022-11-28T07:57:31.918244Z,6.541
106,"What Is Ethereum 2.0 and Why Does It Matter?
",ethereum,2022_03_31,Knowledge,1,114,2022-11-28T07:57:25.235289Z,2022-11-28T07:57:25.235339Z,10.314
105,"AIRDROP 5000$ ü§ëü§ë join group telegram https://t.me/smarty_payment_bot?start=1684659639
",Bitcoin,2022_03_31,Knowledge,1,113,2022-11-28T07:57:14.775373Z,2022-11-28T07:57:14.775407Z,7.683
104,"I put an order in for $5000 worth of btc at 47240 but then it literally bought $6200 worth and I swear I did not have a previous order in or fat finger anything. Coin base pro literally bought extra bitcoin for me without me wanting to. Its in my order history but not my buy book.
",Bitcoin,2022_03_31,Knowledge,1,112,2022-11-28T07:57:06.942866Z,2022-11-28T07:57:06.942902Z,48.467
103,"Bitcoin is Fueling Monetary Change ‚Äî Some People Don't Like That - YouTube
",Bitcoin,2022_03_31,Knowledge,1,111,2022-11-28T07:56:18.328536Z,2022-11-28T07:56:18.328569Z,2.985
102,"The Crypto Couple fixes Greenpeace's FUD video. Let's all hijack #changethecode on Twitter
",Bitcoin,2022_03_31,Knowledge,1,110,2022-11-28T07:56:15.192938Z,2022-11-28T07:56:15.192985Z,4.012
101,"Get PAID For Testing Out Free Apps with EliteZap |
",Bitcoin,2022_03_31,Knowledge,1,109,2022-11-28T07:56:11.025578Z,2022-11-28T07:56:11.025623Z,2.927
100,"Ripple/XRP-The Secret Disclosed Jeremy Hogan-What SECvsRipple All About...
",XRP,2022_07_08,Knowledge,1,108,2022-11-28T07:56:07.929468Z,2022-11-28T07:56:07.929509Z,4.666
99,"XRP Ledger‚Äôs Latest Milestone Is ‚ÄòActually Huge‚Äô Says Legal Expert Jeremy Hogan
",XRP,2022_07_08,Knowledge,1,107,2022-11-28T07:56:03.109182Z,2022-11-28T07:56:03.109225Z,3.583
98,"Dogecoin Dogecoin Price Free Dogecoin Wallet Faucet Lottery and Dice!
",XRP,2022_07_08,Knowledge,1,106,2022-11-28T07:55:59.378326Z,2022-11-28T07:55:59.378372Z,2.837
97,"Dogecoin Dogecoin Price Free Dogecoin Wallet Faucet Lottery and Dice!
",XRP,2022_07_08,Knowledge,1,105,2022-11-28T07:55:56.390563Z,2022-11-28T07:55:56.390599Z,43.404
96,"07/07/22 [Join FlareXRP Discord] - discord.com/invite/FlareXRP
# FlareXRP Discord

\&gt;&gt;&gt; **Invite Link:** [**discord.com/invite/FlareXRP**](https://discord.com/invite/FlareXRP)

**Official Discord for the following Partner Subs:**

* r/XRP
* r/Ripple
* r/FlareNetwork
* r/Songbird
* r/Evernode

**Channels**

1. Announcements
2. News and media
3. ‚ÄãInfographics and visual aids

**Categories**

1. Exchanges &amp; Wallets FinTech DeFi &amp; NFTs Investing Cryptocurrency
2. Interledger Protocol RippleX Polysign
3. XRPL Labs (XUMM) Bifrost D'CENT Exodus and more

**Special Perks for** **FlareXRP Discord server boosters**

 ‚†Ä",XRP,2022_07_08,"{""choices"": [""Knowledge"", ""Similarity"", ""Identity""]}",1,104,2022-11-28T07:55:12.819708Z,2022-11-28T07:55:12.819757Z,14.186
95,"uni- s (floor 0.035eth) ........... Once this collection is sold out 20% of ETH made will be given to one of the collector who owns atleast one NFT from this collection
",ethereum,2022_07_08,Knowledge,1,103,2022-11-28T07:54:58.489107Z,2022-11-28T07:54:58.489151Z,4.698
94,"How to download the complete Ethereum blockchain?
Hello all

I would like to conduct a content analysis of the Ethereum blockchain as part of a research project. Ideally I download it so that I can explore the entire dataset using Bigdata methods. At this point my question: How would you proceed to download this almost 800 GByte and which tools are best suited for this?",ethereum,2022_07_08,Knowledge,1,102,2022-11-28T07:54:53.625495Z,2022-11-28T07:54:53.625531Z,46.243
93,"Ethereum Transaction Fees Have Dropped To Their Lowest Level Since December 2020
",ethereum,2022_07_08,Knowledge,1,101,2022-11-28T07:54:07.230632Z,2022-11-28T07:54:07.230666Z,5.584
92,"How to get test large quantities of test ETH?
",ethereum,2022_07_08,Knowledge,1,100,2022-11-28T07:54:01.493898Z,2022-11-28T07:54:01.493937Z,3.168
91,"lol that ens post name
[https://opensea.io/assets/ethereum/0x57f1887a8bf19b14fc0df6fd9b2acc9af147ea85/91935371695976285802090358007475942732042646073194419906195791053467406774906](https://opensea.io/assets/ethereum/0x57f1887a8bf19b14fc0df6fd9b2acc9af147ea85/91935371695976285802090358007475942732042646073194419906195791053467406774906)",ethereum,2022_07_08,"{""choices"": [""Knowledge"", ""Fun""]}",1,99,2022-11-28T07:53:58.180018Z,2022-11-28T07:53:58.180056Z,6.976
90,"Bitcoin problems?
just some guy who's really into bitcoin and wants to fix/ improve on **Bitcoin**. What is the current problem with bitcoin what could possibly dramatically help out with the net work I just really want to be a part of helping **Bitcoin** succeed or at least try.",Bitcoin,2022_07_08,"{""choices"": [""Knowledge"", ""Status"", ""Trust""]}",1,98,2022-11-28T07:53:51.039491Z,2022-11-28T07:53:51.039541Z,19.21
89,"WaterJug challenge! Save all your change for the next year. Get MONEY! #money #foryou #explore
",Bitcoin,2022_07_08,Knowledge,1,97,2022-11-28T07:53:31.674062Z,2022-11-28T07:53:31.674140Z,4.242
88,"Stop saving cash!MAKE MONEY WORK FOR YOU. #money #viral #foryou #bitcoin #explore #viralvideo #video
",Bitcoin,2022_07_08,Knowledge,1,96,2022-11-28T07:53:27.277008Z,2022-11-28T07:53:27.277069Z,4.169
87,"This is without a doubt the most embarrassing bitcoin discussion I have ever seen
",Bitcoin,2022_07_08,"{""choices"": [""Knowledge"", ""Fun""]}",1,95,2022-11-28T07:53:22.946341Z,2022-11-28T07:53:22.946395Z,50.499
86,"I made a commitment to stack sats this year with a certain end goal in sight. but shit it's getting exhausting. bitcoin life is a hard slog.
",Bitcoin,2022_07_08,Knowledge,1,94,2022-11-28T07:52:32.294890Z,2022-11-28T07:52:32.294943Z,23.667
85,"Can anyone guide on how to create staking dapp for a solana nft?
",solana,2022_08_26,Knowledge,1,93,2022-11-28T07:52:08.475158Z,2022-11-28T07:52:08.475218Z,3.342
84,"Build your Solana project with talent you can trust using Freeflow. Get connected with a network of vetted secure blockchain developers to ensure your next launch is smooth and safe!
",solana,2022_08_26,Knowledge,1,92,2022-11-28T07:52:04.980116Z,2022-11-28T07:52:04.980162Z,8.181
83,"The Best Solana NFT Tools Part I: Matrica Solswatch and SolanaFloor
",solana,2022_08_26,Knowledge,1,91,2022-11-28T07:51:56.650844Z,2022-11-28T07:51:56.650879Z,3.09
82,"DeGods' token $DUST is the number #1 trending SPL Token on Solana. Up 100%+ in the last days.
",solana,2022_08_26,Knowledge,1,90,2022-11-28T07:51:53.415266Z,2022-11-28T07:51:53.415300Z,5.05
81,"theCollege NFTs üé∑ Follow Discord &amp; Twitter NOW to get the FREEMINT Whitelists !! NFT
",solana,2022_08_26,Knowledge,1,89,2022-11-28T07:51:48.212898Z,2022-11-28T07:51:48.212934Z,3.131
80,"If WEF adopts XRP as a global currency I don't see it going more than $1USD
",XRP,2022_08_26,Knowledge,1,88,2022-11-28T07:51:44.932413Z,2022-11-28T07:51:44.932463Z,11.037
79,"Mark Cuban Slams SEC Chair Gary Gensler for His Take on Crypto
",XRP,2022_08_26,Knowledge,1,87,2022-11-28T07:51:33.746199Z,2022-11-28T07:51:33.746248Z,4.334
78,"08/25/22 [Join FlareXRP Discord] - discord.com/invite/FlareXRP
# FlareXRP Discord

\&gt;&gt;&gt; **Invite Link:** [**discord.com/invite/FlareXRP**](https://discord.com/invite/FlareXRP)

**Official Discord for the following Partner Subs:**

* r/XRP
* r/Ripple
* r/FlareNetwork
* r/Songbird
* r/Evernode

**Channels**

1. Announcements
2. News and media
3. ‚ÄãInfographics and visual aids

**Categories**

1. Exchanges &amp; Wallets FinTech DeFi &amp; NFTs Investing Cryptocurrency
2. Interledger Protocol RippleX Polysign
3. XRPL Labs (XUMM) Bifrost D'CENT Exodus and more

**Special Perks for** **FlareXRP Discord server boosters**

 ‚†Ä",XRP,2022_08_26,"{""choices"": [""Knowledge"", ""Status"", ""Similarity"", ""Identity""]}",1,86,2022-11-28T07:51:29.253051Z,2022-11-28T07:51:29.253099Z,10.861
77,"Full proposal including all details for changing the Flare FLR Token Distribution mechanics have been published!
",XRP,2022_08_26,Knowledge,1,85,2022-11-28T07:51:18.244532Z,2022-11-28T07:51:18.244575Z,4.122
76,"If I leave my eth in Trezor wallet will I get both the ETHS and ETHW tokens post merge?
",ethereum,2022_08_26,Knowledge,1,84,2022-11-28T07:51:13.973378Z,2022-11-28T07:51:13.973411Z,3.662
75,"LEDGER ETH GIFT
Hey Ledger peeps I want to gift a kid a ledger nano with ETH loaded on it any ideas if possible and what‚Äôs the best way to do it ?",ethereum,2022_08_26,"{""choices"": [""Knowledge"", ""Trust""]}",1,83,2022-11-28T07:51:10.157897Z,2022-11-28T07:51:10.157952Z,31.336
74,"How to raise seed funding for web 3 start up?
Hey there i am exploring entrepreneurship and trying to startup on a idea which I have pre-planned so now I want to really harness the power of web3  defi and crypto to raise funds and make a good brand out of it. But i am really unaware of how can I raise seed funds since right now i am at idea stage with my startup therefore i would like to know from reddit how can I do it ?  I would appreciate brief description. Thank you",ethereum,2022_08_26,"{""choices"": [""Knowledge"", ""Trust""]}",1,82,2022-11-28T07:50:38.675281Z,2022-11-28T07:50:38.675313Z,19.119
73,"Whats the Rockepool staking risk
Hope the community can help me with some perspective.   I know the whole point of the ETH merge is to move to proof of stake. So cool!

If you cant be your own validator and go with one of the popular staking options Rocketpool and get rETH. 

It's right to say your taking risks of the bridge being hacked and losing all your  ETH and could it happen that rETH depegs?

Is there a particular reason why Rocketpool is less vulnerable?",ethereum,2022_08_26,"{""choices"": [""Knowledge"", ""Trust""]}",1,81,2022-11-28T07:50:19.409839Z,2022-11-28T07:50:19.409882Z,52.69
72,"GMX Staking Rewards Calculator
Dear DeFi enthusiasts and GMX fans

I have developed a GMX Staking Calculator which should simply show you how much esGMX + ETH Rewards you are earning from staking the GMX Token.

The GMX Calculator is based on live-data from the gmx exchange and uses the 7-day-average of fee revenue which gets distributed to GMX holders.

Check out the GMX Calculator: [GmxStaking.com](https://GmxStaking.com)

Please let me know any suggestions/feedback so I can improve the website or add new features!",ethereum,2022_08_26,Knowledge,1,80,2022-11-28T07:49:26.563109Z,2022-11-28T07:49:26.563158Z,9.234
71,"Indian OTC: India‚Äôs First Cryptocurrency Exchange That Allows You To Invest Into Tokenized Funds Making bitcoin available for every Indian.
",Bitcoin,2022_08_26,Knowledge,1,79,2022-11-28T07:49:17.182414Z,2022-11-28T07:49:17.182446Z,47.172
70,"Bitcoin and crypto adoption:
Country                Users ‚Äî‚Äî‚Äî‚Äî‚Äî‚Äî‚Äî‚Äî‚Äî‚Äî‚Äî‚Äî

üì∑ USA            46 million 

üì∑ India            27 million 

üì∑ Pakistan     26 million 

üì∑ Nigeria        22 million 

üì∑ Vietnam      20 million 

üì∑ China          20 million 

üì∑ Brazil           16 million 

üëáüëáüëáüëáüëáüëáüëáüëáüëáüëáüëáüëá

[https://twitter.com/jon\_Favr/status/1562716646686334977](https://twitter.com/jon_Favr/status/1562716646686334977)",Bitcoin,2022_08_26,Knowledge,1,78,2022-11-28T07:48:29.854147Z,2022-11-28T07:48:29.854181Z,13.248
69,"Cake wallet?
Does anyone know the best way to get someone to send bitcoin from binance to my wallet? It says a minimum of 0.001 btc to send with btc network. Can I change this to other networks and still get my money on cake wallet?",Bitcoin,2022_08_26,Knowledge,1,77,2022-11-28T07:48:16.445914Z,2022-11-28T07:48:16.445951Z,13.329
68,"Crypto ATM Firm to Go Public with $885M SPAC Deal
",Bitcoin,2022_08_26,Knowledge,1,76,2022-11-28T07:48:02.971011Z,2022-11-28T07:48:02.971048Z,4.465
67,"Why does digital currency thrive these days?
[Cryptocurrency](https://fullhouseclubs.com/cryptocurrency-payment-review) is the PRESENT and the FUTURE but how long?   


\#thingsthatmakeyougohmm #cryptocurrencypayments #digitalcurrency",Bitcoin,2022_08_26,Knowledge,1,75,2022-11-28T07:47:58.345287Z,2022-11-28T07:47:58.345335Z,4.368
66,"Bonus Episode with Jusup11 Host of the Alpha Podcast w/ NVRLand Labs - Space Monkeys Podcast 064
",Polkadot,2022_07_18,Knowledge,1,74,2022-11-28T07:47:53.815452Z,2022-11-28T07:47:53.815486Z,3.352
65,"Too busy to stay updated on Astar? Here is a 5 min TLDR of the weeks news to help you stay informed.
",Polkadot,2022_07_18,Knowledge,1,73,2022-11-28T07:47:50.292793Z,2022-11-28T07:47:50.292843Z,10.658
64,"W3F Grant Recipient Prosopo founder Chris Taylor Talks Battling Bots @ Polkadot Decoded 2022 Berlin.
",Polkadot,2022_07_18,Knowledge,1,72,2022-11-28T07:47:39.480595Z,2022-11-28T07:47:39.480648Z,3.577
63,"Help
anyone know a platform for using NFTs to vote on proposals?",solana,2022_07_18,Knowledge,1,71,2022-11-28T07:47:35.753333Z,2022-11-28T07:47:35.753367Z,3.02
62,"Solana Mobile Saga. Who is this phone for?
Now I'm not a genius or any kind of fanboy when I comes to new phones or Web3 topics. For the last few weeks I saw this project all over my social media and know I want to ask:
- Who is this phone for? And why is it worth to upgrade to a Web3 phone?",solana,2022_07_18,Knowledge,1,70,2022-11-28T07:47:32.582209Z,2022-11-28T07:47:32.582241Z,16.8
61,"Why is the majority of SOL not liquid staked?
Over 95% of staked SOL is delegated to individual validators instead of with a liquid stake pool. There are real risks to liquid
stake pools (risk of depeg namely) but also real risks to delegating to a single validator (slashing namely). So why is the proportion so skewed?

[View Poll](https://www.reddit.com/poll/w16k16)",solana,2022_07_18,Knowledge,1,69,2022-11-28T07:47:15.617186Z,2022-11-28T07:47:15.617244Z,28.046
60,"Finalized (MAX confirmations)
hey there

&amp;#x200B;

I am not able to mint error message:  Finalized (MAX confirmations) 

&amp;#x200B;

Anyone knows whats going on?

&amp;#x200B;

Thanks",solana,2022_07_18,Knowledge,1,68,2022-11-28T07:46:47.413684Z,2022-11-28T07:46:47.413737Z,10.894
59,"ETH-heads when you tell them you like Solana cos the fees are low
",solana,2022_07_18,Knowledge,1,67,2022-11-28T07:46:36.364761Z,2022-11-28T07:46:36.364855Z,4.4
58,"Help! Lost my ETH. Sent on Cronos beta network. Any ideas about how to recover
",ethereum,2022_07_18,"{""choices"": [""Knowledge"", ""Trust""]}",1,66,2022-11-28T07:46:31.805231Z,2022-11-28T07:46:31.805280Z,26.552
57,"üéÅNFT MINT. ONLY 1000 NFTs. Floor price is 0.31 ETH!üéÅ
",ethereum,2022_07_18,Knowledge,1,65,2022-11-28T07:46:05.083362Z,2022-11-28T07:46:05.083407Z,7.839
56,"Is there a crypto company doing what fiverr does?
",ethereum,2022_07_18,Knowledge,1,64,2022-11-28T07:45:57.082591Z,2022-11-28T07:45:57.082631Z,3.456
55,"Is there a crypto company doing what fiverr does?
 **Is there a crypto company doing what fiverr does?**    


Fiverr is really good for freelancing.  Is there currently a site fiverr offering to do business with crypto payments?

  
Thanks",ethereum,2022_07_18,Knowledge,1,63,2022-11-28T07:45:53.461988Z,2022-11-28T07:45:53.462044Z,12.297
54,"Otherside.xyz uses Stadia's tech to stream the game on the browser
Basically the title details here if required (my own post): [https://www.reddit.com/r/Stadia/comments/w0xsm7/big\_news\_othersidexyz\_yuga\_uses\_google\_cloud/](https://www.reddit.com/r/Stadia/comments/w0xsm7/big_news_othersidexyz_yuga_uses_google_cloud/)",ethereum,2022_07_18,Knowledge,1,62,2022-11-28T07:45:40.992953Z,2022-11-28T07:45:40.992992Z,79.597
53,"Is it true that in Russia ...
... It is prohibited to transfer or accept digital financial assets as a consideration for transferred goods performed works rendered services as well as in any other way that allows one to assume payment for goods (works services) by a digital financial asset except as otherwise provided by federal laws.",Bitcoin,2022_07_18,Knowledge,1,61,2022-11-28T07:44:21.222721Z,2022-11-28T07:44:21.222770Z,21.285
52,"My purpose in life is to troll buttcoin posts
",Bitcoin,2022_07_18,Fun,1,60,2022-11-27T23:06:17.882993Z,2022-11-27T23:06:17.883038Z,4.387
51,"[serious] I‚Äôm a set it and forget it type of person. I had crypto on voyager and I‚Äôm just hearing about it. Can someone ELI5?
I understand they declared bankruptcy what does that mean for my crypto? Is it gone? Is the company doing something to repay us or am I shit out of luck?",Bitcoin,2022_07_18,"{""choices"": [""Knowledge"", ""Trust""]}",1,59,2022-11-27T23:06:13.337623Z,2022-11-27T23:06:13.337660Z,25.707
50,"any way to purchase BTC anonymously?
i dont like giving big companies my personal ID and shit and i wanna know if theres an anonymous way 2 do this",Bitcoin,2022_07_18,"{""choices"": [""Knowledge"", ""Trust""]}",1,58,2022-11-27T23:05:47.471605Z,2022-11-27T23:05:47.471646Z,36.075
49,"Anyone trying to make a quick $500 in NY at Home ? Add my snap I got you queenbean326
",Bitcoin,2022_07_18,Trust,1,57,2022-11-27T23:05:11.236481Z,2022-11-27T23:05:11.236529Z,11.331
48,"Web3 Foundation asserts DOT is not a security after 3 years of meetings with the SEC
",Polkadot,2022_11_06,Knowledge,1,56,2022-11-27T23:04:59.748815Z,2022-11-27T23:04:59.748848Z,8.011
47,"Polkadot at the Bear Market San Fransisco Blockchain Week - SER Have ya Heard?
",Polkadot,2022_11_06,Knowledge,1,55,2022-11-27T23:04:51.589168Z,2022-11-27T23:04:51.589206Z,5.918
46,"Ripple Struggles above $0.44 as Bears Threaten to Short
",XRP,2022_11_06,Knowledge,1,54,2022-11-27T23:04:45.519808Z,2022-11-27T23:04:45.519854Z,3.972
45,"Who has an ELLIPAL wallet? I have money trapped in usdc and want to sell it but it‚Äôs saying I need mining fees? I thought you didn‚Äôt need to pay for usdc?
",XRP,2022_11_06,Knowledge,1,52,2022-11-27T23:04:24.534989Z,2022-11-27T23:04:24.535028Z,11.881
44,"First culture marketplace. Create Buy Sell Explore Images Memes and GIFs
",XRP,2022_11_06,Fun,1,51,2022-11-27T23:04:12.501277Z,2022-11-27T23:04:12.501329Z,13.307
42,"11/05/22 [Join XRPLounge Discord] - discord.com/invite/XRPLounge
# XRPLounge Discord

\&gt;&gt;&gt; **Invite Link:** [discord.com/invite/XRPLounge](https://discord.com/invite/XRPLounge)

**Official Discord for the following Partner Subs:**

* r/XRP
* r/Ripple
* r/FlareNetwork
* r/Songbird
* r/Evernode

**Channels**

1. Announcements
2. News and media
3. ‚ÄãInfographics and visual aids

**Categories**

1. Exchanges &amp; Wallets FinTech DeFi &amp; NFTs Investing Cryptocurrency
2. Interledger Protocol RippleX Polysign
3. XRPL Labs (XUMM) Bifrost D'CENT Exodus and more

**Special Perks for** **XRPLounge Discord server boosters**

 ‚†Ä",XRP,2022_11_06,"{""choices"": [""Knowledge"", ""Trust"", ""Similarity"", ""Identity""]}",1,49,2022-11-27T23:03:55.212175Z,2022-11-27T23:03:55.212232Z,6.378
41,"Where can i buy safely buy Ethereum without the transaction getting cancelled by my bank
",ethereum,2022_11_06,Knowledge,1,48,2022-11-27T23:03:48.682289Z,2022-11-27T23:03:48.682339Z,4.761
40,"Where can i buy safely buy Ethereum without the transaction getting cancelled by my bank
As i am a minor its quite hard for me to access safe websites to buy from without the transaction being rejected by my bank",ethereum,2022_11_06,Knowledge,1,47,2022-11-27T23:03:43.766506Z,2022-11-27T23:03:43.766549Z,5.874
39,"looking for ethereum and bitcoin olny wallet
hello guys I'm looking for ethereum and bitcoin only wallet. I've got mycelium but it shows no network connection at the ethereum wallet most of the times. and the error is a yellow triangle with and exclamation mark. I'm using andoid.

thanks",ethereum,2022_11_06,Knowledge,1,46,2022-11-27T23:03:37.729447Z,2022-11-27T23:03:37.729489Z,29.958
37,"I have a question can anybody send me 10‚Ç¨ worth of Ethereum and I give u a paysafe card. Sounds strange but you would help me a lot üôè
",ethereum,2022_11_06,Trust,1,44,2022-11-27T23:03:00.925465Z,2022-11-27T23:03:00.925514Z,40.447
36,"Is Blockchain Really Necessary?
After a short period of development and especially after the industrial revolution people have a clear perception of the finiteness of the earth's resources.

To solve this problem people have created the Internet an infinite resource space. But is the Internet really infinite and is that infinity good or bad?

Blockchain is one of the next development solutions of the Internet. What effect does Blockchain have for the development of the Internet and is it really the inevitable development of the Internet?",Bitcoin,2022_11_06,"{""choices"": [""Knowledge"", ""Trust""]}",1,43,2022-11-27T23:02:20.317596Z,2022-11-27T23:02:20.317634Z,26.879
34,"What's the value of an infinitely tall stack of $1 bills?
",Bitcoin,2022_11_06,Knowledge,1,41,2022-11-27T23:01:48.637927Z,2022-11-27T23:01:48.637969Z,11.247
33,"You MUST see this AI generated video on Grimes lyrics - Delicate Weapon Cyberpunk !!
",Bitcoin,2022_11_06,Fun,1,40,2022-11-27T23:01:37.229759Z,2022-11-27T23:01:37.229821Z,7.608
32,"Join crypto today by earning massive profits dailyweeklymonthly contact me for more details
",Bitcoin,2022_11_06,Trust,1,39,2022-11-27T23:01:29.458374Z,2022-11-27T23:01:29.458416Z,13.521
31,"Play-to-Earn Buy NFT Miners and Create Passive Crypto Income by Mining Online BTC ETH BNB MATIC DOGE SOL
",Polkadot,2022_07_20,Knowledge,1,38,2022-11-27T23:01:15.784824Z,2022-11-27T23:01:15.784867Z,10.37
30,"07/19/22 [Join FlareXRP Discord] - discord.com/invite/FlareXRP
# FlareXRP Discord

\&gt;&gt;&gt; **Invite Link:** [**discord.com/invite/FlareXRP**](https://discord.com/invite/FlareXRP)

**Official Discord for the following Partner Subs:**

* r/XRP
* r/Ripple
* r/FlareNetwork
* r/Songbird
* r/Evernode

**Channels**

1. Announcements
2. News and media
3. ‚ÄãInfographics and visual aids

**Categories**

1. Exchanges &amp; Wallets FinTech DeFi &amp; NFTs Investing Cryptocurrency
2. Interledger Protocol RippleX Polysign
3. XRPL Labs (XUMM) Bifrost D'CENT Exodus and more

**Special Perks for** **FlareXRP Discord server boosters**

 ‚†Ä",XRP,2022_07_20,"{""choices"": [""Knowledge"", ""Trust"", ""Similarity"", ""Identity""]}",1,37,2022-11-27T23:01:05.256957Z,2022-11-27T23:01:05.256991Z,14.92
29,"Thinking of Investing in $XRP Coin? Insanely CHEAP Prices ($XRP &amp; SEC Lawsuit Update)
",XRP,2022_07_20,Trust,1,36,2022-11-27T23:00:50.189607Z,2022-11-27T23:00:50.189655Z,7.011
27,"Ripple is one of the few cryptos supposedly compliant with ISO 20022
",XRP,2022_07_20,Knowledge,1,34,2022-11-27T23:00:37.216868Z,2022-11-27T23:00:37.216905Z,6.771
25,"I admittedly don‚Äôt know much about the topic but I am wondering if Quantum Computing will destroy the crypto market as we know it today. Will Ethereum 2.0 be resistant to Quantum attacks? Is it smart to invest in both crypto and Quantum Computing stocks?
",ethereum,2022_07_20,"{""choices"": [""Knowledge"", ""Trust""]}",1,32,2022-11-27T23:00:05.394059Z,2022-11-27T23:00:05.394116Z,13.882
24,"Crypto asset manager Valkyrie looks to raise $30M for its new VC arm
",ethereum,2022_07_20,Knowledge,1,31,2022-11-27T22:59:51.364922Z,2022-11-27T22:59:51.364974Z,7.644
23,"Building a way to discover new dapps everyday what do you guys think ?
",ethereum,2022_07_20,"{""choices"": [""Knowledge"", ""Trust""]}",1,30,2022-11-27T22:59:43.572485Z,2022-11-27T22:59:43.572525Z,21.549
22,"Crypto more popular than mutual funds among millennials survey shows
",ethereum,2022_07_20,Knowledge,1,29,2022-11-27T22:59:21.869575Z,2022-11-27T22:59:21.869621Z,7.08
21,"Three Arrows Capital (3AC) Su Zhu and Kyle Davies may have purchased a $50 million yacht with borrowed funds
",ethereum,2022_07_20,Knowledge,1,28,2022-11-27T22:59:14.638723Z,2022-11-27T22:59:14.638761Z,11.552
20,"New ath in 2023?
It seems like a new ath for this year is pretty much impossible. I see some bears here and elsewhere saying that it will take till 2025 and even 2026 to see a new ath. Would it be reasonable to hope for a new ath next year or is that just a fantasy? What are the chances we see one next year?",Bitcoin,2022_07_20,"{""choices"": [""Knowledge"", ""Trust""]}",1,27,2022-11-27T22:59:02.938797Z,2022-11-27T22:59:02.938829Z,57.193
19,"Total cryptocurrency market cap returns to $1 trillion! Bitcoin stands at $22000 Ether surges to $1500
",Bitcoin,2022_07_20,Knowledge,1,26,2022-11-27T22:58:05.588075Z,2022-11-27T22:58:05.588121Z,5.968
18,"Total cryptocurrency market cap returns to $1 trillion! Bitcoin stands at $22000 Ether surges to $1500
",Bitcoin,2022_07_20,Knowledge,1,25,2022-11-27T22:57:59.470832Z,2022-11-27T22:57:59.470874Z,9.334
17,"Bitcoin
Let's all come in and discuss. Some people say the bull market is coming what do you think?",Bitcoin,2022_07_20,Knowledge,1,24,2022-11-27T22:57:49.987396Z,2022-11-27T22:57:49.987433Z,11.344
15,"SOL/USDC: 123% APR on orca whirlpool but 13.1% on raydium ?
I mainly use raydium but today i decided that i will add some ORCA to my bag of SPL token that why i went directly on orca website and i noticed this difference.

Both are calculate based on the last 24h

Do somebody now why is it like that ? Because then i should move all my SOL/USDC to Orca whirlpool instead of classic pool",solana,2022_08_01,"{""choices"": [""Knowledge"", ""Trust""]}",1,22,2022-11-27T22:57:31.209809Z,2022-11-27T22:57:31.209853Z,61.641
14,"Solana space stores will attract 100k users to the Solana blockchain monthly! - CEO of Solana. Is the Solana space stores capable of attracting 100k users monthly?
",solana,2022_08_01,"{""choices"": [""Knowledge"", ""Trust""]}",1,21,2022-11-27T22:56:29.410423Z,2022-11-27T22:56:29.410460Z,15.295
13,"Solana blockchain shows a higher decentralization than other major blockchains in the crypto sector. Is Solana blockchain more centralized than decentralized?
",solana,2022_08_01,"{""choices"": [""Knowledge"", ""Trust""]}",1,20,2022-11-27T22:56:13.956572Z,2022-11-27T22:56:13.956621Z,25.945
12,"Solana candy machine (sugar) mainnet is not working - please help
",solana,2022_08_01,Trust,1,19,2022-11-27T22:55:47.857543Z,2022-11-27T22:55:47.857596Z,12.809
11,"""How To Get Rich With Bitcoin Even If You Have No Clue About Technology""
",solana,2022_08_01,Knowledge,1,18,2022-11-27T22:55:34.885409Z,2022-11-27T22:55:34.885463Z,22.021
10,"this is the beginning. I am the definition of army. this game ended long time ago. this is war. I am a victim ""Remote Nueral Monitoring"" you wanna know more?
",XRP,2022_08_01,"{""choices"": [""Status"", ""Conflict""]}",1,17,2022-11-27T22:55:12.712956Z,2022-11-27T22:55:12.713016Z,35.561
9,"Do banks have to buy Xrp to use the ODL service.
",XRP,2022_08_01,"{""choices"": [""Knowledge"", ""Trust""]}",1,16,2022-11-27T22:54:36.994820Z,2022-11-27T22:54:36.994855Z,24.715
8,"New XRPL DEX application receives $100K in XRPL Grants - Digital Journal
",XRP,2022_08_01,Knowledge,1,15,2022-11-27T22:54:12.125631Z,2022-11-27T22:54:12.125669Z,3.954
7,"New XRPL DEX application receives $100K in XRPL Grants - Digital Journal
",XRP,2022_08_01,Knowledge,1,14,2022-11-27T22:54:08.019752Z,2022-11-27T22:54:08.019819Z,7.373
6,"07/31/22 [Join FlareXRP Discord] - discord.com/invite/FlareXRP
# FlareXRP Discord

\&gt;&gt;&gt; **Invite Link:** [**discord.com/invite/FlareXRP**](https://discord.com/invite/FlareXRP)

**Official Discord for the following Partner Subs:**

* r/XRP
* r/Ripple
* r/FlareNetwork
* r/Songbird
* r/Evernode

**Channels**

1. Announcements
2. News and media
3. ‚ÄãInfographics and visual aids

**Categories**

1. Exchanges &amp; Wallets FinTech DeFi &amp; NFTs Investing Cryptocurrency
2. Interledger Protocol RippleX Polysign
3. XRPL Labs (XUMM) Bifrost D'CENT Exodus and more

**Special Perks for** **FlareXRP Discord server boosters**

 ‚†Ä",XRP,2022_08_01,"{""choices"": [""Knowledge"", ""Similarity"", ""Identity""]}",1,13,2022-11-27T22:54:00.472489Z,2022-11-27T22:54:00.472549Z,139.27
5,"Slowly then all at once: Major Israeli credit card provider launches Bitcoin rewards card (spare me the anti-Israel BS)
",Bitcoin,2022_08_01,"{""choices"": [""Knowledge"", ""Conflict""]}",1,12,2022-11-27T22:51:41.042083Z,2022-11-27T22:51:41.042119Z,22.739
4,"Finally got an Online job after waiting for months ....
I was depressed from 5 months as i applied for many jobs but rejected from all ... Then I tried to apply for an online job and eventually a website hired me . Fast forward to now I am employed from a month and got a payout of $3700 this month....
Don't worry you will also get a good job soon ..
For your curiosity i found the job [here](https://linktr.ee/free_jobs_) .",Bitcoin,2022_08_01,"{""choices"": [""Support"", ""Trust"", ""Identity""]}",1,11,2022-11-27T22:51:18.122475Z,2022-11-27T22:51:18.122513Z,52.624
3,"Question about Sparrow wallet coinjoin.
How many coinjoin mixes is sufficient? Is 3 or 4 the sweet spot or would more mixes be required?",Bitcoin,2022_08_01,"{""choices"": [""Knowledge"", ""Support"", ""Power"", ""Trust""]}",1,10,2022-11-27T22:50:25.314923Z,2022-11-27T22:50:25.314991Z,91.738
2,"Bull24coin .com legit?
Has anyone heard of or used this platform?",Bitcoin,2022_08_01,"{""choices"": [""Knowledge"", ""Trust""]}",1,9,2022-11-23T15:26:29.492892Z,2022-11-23T15:26:39.973816Z,12.668
1,"An interesting Bitcoin read from 2011. This guy must be a time traveler!
",Bitcoin,2022_08_01,"{""choices"": [""Knowledge"", ""Fun""]}",1,8,2022-11-23T15:26:22.227003Z,2022-11-23T15:26:22.227040Z,8.667
