all_awardings,allow_live_comments,author,author_flair_css_class,author_flair_richtext,author_flair_text,author_flair_type,author_fullname,author_is_blocked,author_patreon_flair,author_premium,awarders,can_mod_post,contest_mode,created_utc,domain,full_link,gildings,id,is_created_from_ads_ui,is_crosspostable,is_meta,is_original_content,is_reddit_media_domain,is_robot_indexable,is_self,is_video,link_flair_background_color,link_flair_richtext,link_flair_text_color,link_flair_type,locked,media_only,no_follow,num_comments,num_crossposts,over_18,parent_whitelist_status,permalink,pinned,pwls,removed_by_category,retrieved_on,score,selftext,send_replies,spoiler,stickied,subreddit,subreddit_id,subreddit_subscribers,subreddit_type,thumbnail,title,total_awards_received,treatment_tags,upvote_ratio,url,whitelist_status,wls,media,media_embed,post_hint,preview,secure_media,secure_media_embed,thumbnail_height,thumbnail_width,url_overridden_by_dest,author_flair_background_color,author_flair_template_id,author_flair_text_color
[],False,GrowthInvestor_2001,,[],,text,t2_9zlfcglm,False,False,False,[],False,False,1654726651,self.Polkadot,https://www.reddit.com/r/Polkadot/comments/v81j0x/liquid_staking/,{},v81j0x,False,False,False,False,False,False,True,False,,[],dark,text,False,False,True,0,0,False,all_ads,/r/Polkadot/comments/v81j0x/liquid_staking/,False,6,reddit,1654726661,1,[removed],True,False,False,Polkadot,t5_2ublt,78963,public,self,Liquid Staking,0,[],1.0,https://www.reddit.com/r/Polkadot/comments/v81j0x/liquid_staking/,all_ads,6,,,,,,,,,,,,
[],False,Beneficial_Ad775,,[],,text,t2_9jvt4lf4,False,False,False,[],False,False,1654735863,self.Polkadot,https://www.reddit.com/r/Polkadot/comments/v84lot/staking/,{},v84lot,False,False,False,False,False,False,True,False,,[],dark,text,False,False,True,1,0,False,all_ads,/r/Polkadot/comments/v84lot/staking/,False,6,moderator,1654735874,1,[removed],True,False,False,Polkadot,t5_2ublt,78962,public,self,Staking,0,[],1.0,https://www.reddit.com/r/Polkadot/comments/v84lot/staking/,all_ads,6,,,,,,,,,,,,
[],False,JayChrawnna,,[],,text,t2_ak571ll3,False,False,False,[],False,False,1654803939,youtu.be,https://www.reddit.com/r/Polkadot/comments/v8p4c2/the_blockchain_transmission_protocol_btp_w_ice/,{},v8p4c2,False,True,False,False,False,True,False,False,,[],dark,text,False,False,True,0,0,False,all_ads,/r/Polkadot/comments/v8p4c2/the_blockchain_transmission_protocol_btp_w_ice/,False,6,,1654803949,1,,True,False,False,Polkadot,t5_2ublt,78983,public,https://b.thumbs.redditmedia.com/uF7njRiCfR3ie_z6NQGJS058Y6-Xi9unaYe6KJihz2U.jpg,"The Blockchain Transmission Protocol (BTP) w/ Ice &amp; Snow ‚ùÑÔ∏è - SER Have ya Heard? - June 9, 2022",0,[],1.0,https://youtu.be/RYQl4G7M8J8,all_ads,6,"{'oembed': {'author_name': 'The Kusamarian', 'author_url': 'https://www.youtube.com/c/JayChrawnna', 'height': 200, 'html': '&lt;iframe width=""356"" height=""200"" src=""https://www.youtube.com/embed/RYQl4G7M8J8?feature=oembed&amp;enablejsapi=1"" frameborder=""0"" allow=""accelerometer; autoplay; clipboard-write; encrypted-media; gyroscope; picture-in-picture"" allowfullscreen&gt;&lt;/iframe&gt;', 'provider_name': 'YouTube', 'provider_url': 'https://www.youtube.com/', 'thumbnail_height': 360, 'thumbnail_url': 'https://i.ytimg.com/vi/RYQl4G7M8J8/hqdefault.jpg', 'thumbnail_width': 480, 'title': 'The Blockchain Transmission Protocol (BTP) w/ Ice &amp; Snow ‚ùÑÔ∏è  - SER Have ya Heard? - June 9, 2022', 'type': 'video', 'version': '1.0', 'width': 356}, 'type': 'youtube.com'}","{'content': '&lt;iframe width=""356"" height=""200"" src=""https://www.youtube.com/embed/RYQl4G7M8J8?feature=oembed&amp;enablejsapi=1"" frameborder=""0"" allow=""accelerometer; autoplay; clipboard-write; encrypted-media; gyroscope; picture-in-picture"" allowfullscreen&gt;&lt;/iframe&gt;', 'height': 200, 'scrolling': False, 'width': 356}",rich:video,"{'enabled': False, 'images': [{'id': '4wn3OjJK7mb-oZQX9AES9mYd_z0Fj6b31cYhgQW6HQw', 'resolutions': [{'height': 81, 'url': 'https://external-preview.redd.it/Vdx3zi1kUnyw8SSqV-ImNNMhRD6FYXE8-hv4pZTd1g0.jpg?width=108&amp;crop=smart&amp;auto=webp&amp;s=4c76aef2881da164ed276fde7347ac841b830f23', 'width': 108}, {'height': 162, 'url': 'https://external-preview.redd.it/Vdx3zi1kUnyw8SSqV-ImNNMhRD6FYXE8-hv4pZTd1g0.jpg?width=216&amp;crop=smart&amp;auto=webp&amp;s=3b990c52255c3c0806054076ff3643ae9bae9001', 'width': 216}, {'height': 240, 'url': 'https://external-preview.redd.it/Vdx3zi1kUnyw8SSqV-ImNNMhRD6FYXE8-hv4pZTd1g0.jpg?width=320&amp;crop=smart&amp;auto=webp&amp;s=23191b7bc9b6c6088bfc61900c56a6839fca0050', 'width': 320}], 'source': {'height': 360, 'url': 'https://external-preview.redd.it/Vdx3zi1kUnyw8SSqV-ImNNMhRD6FYXE8-hv4pZTd1g0.jpg?auto=webp&amp;s=7c6a3bb17645cafac16d2453ebae3ffea898ae90', 'width': 480}, 'variants': {}}]}","{'oembed': {'author_name': 'The Kusamarian', 'author_url': 'https://www.youtube.com/c/JayChrawnna', 'height': 200, 'html': '&lt;iframe width=""356"" height=""200"" src=""https://www.youtube.com/embed/RYQl4G7M8J8?feature=oembed&amp;enablejsapi=1"" frameborder=""0"" allow=""accelerometer; autoplay; clipboard-write; encrypted-media; gyroscope; picture-in-picture"" allowfullscreen&gt;&lt;/iframe&gt;', 'provider_name': 'YouTube', 'provider_url': 'https://www.youtube.com/', 'thumbnail_height': 360, 'thumbnail_url': 'https://i.ytimg.com/vi/RYQl4G7M8J8/hqdefault.jpg', 'thumbnail_width': 480, 'title': 'The Blockchain Transmission Protocol (BTP) w/ Ice &amp; Snow ‚ùÑÔ∏è  - SER Have ya Heard? - June 9, 2022', 'type': 'video', 'version': '1.0', 'width': 356}, 'type': 'youtube.com'}","{'content': '&lt;iframe width=""356"" height=""200"" src=""https://www.youtube.com/embed/RYQl4G7M8J8?feature=oembed&amp;enablejsapi=1"" frameborder=""0"" allow=""accelerometer; autoplay; clipboard-write; encrypted-media; gyroscope; picture-in-picture"" allowfullscreen&gt;&lt;/iframe&gt;', 'height': 200, 'media_domain_url': 'https://www.redditmedia.com/mediaembed/v8p4c2', 'scrolling': False, 'width': 356}",105.0,140.0,https://youtu.be/RYQl4G7M8J8,,,
[],False,Creepy_Ad3355,,[],,text,t2_8o4h0gf4,False,False,False,[],False,False,1654808954,self.Polkadot,https://www.reddit.com/r/Polkadot/comments/v8qzsj/missing_dot/,{},v8qzsj,False,False,False,False,False,False,True,False,,[],dark,text,False,False,True,0,0,False,all_ads,/r/Polkadot/comments/v8qzsj/missing_dot/,False,6,reddit,1654808965,1,[removed],True,False,False,Polkadot,t5_2ublt,78984,public,self,missing DOT,0,[],1.0,https://www.reddit.com/r/Polkadot/comments/v8qzsj/missing_dot/,all_ads,6,,,,,,,,,,,,
[],False,Creepy_Ad3355,,[],,text,t2_8o4h0gf4,False,False,False,[],False,False,1654811473,self.Polkadot,https://www.reddit.com/r/Polkadot/comments/v8rwrs/missing_dot/,{},v8rwrs,False,False,False,False,False,False,True,False,,[],dark,text,False,False,True,0,0,False,all_ads,/r/Polkadot/comments/v8rwrs/missing_dot/,False,6,reddit,1654811483,1,[removed],True,False,False,Polkadot,t5_2ublt,78986,public,self,Missing Dot,0,[],1.0,https://www.reddit.com/r/Polkadot/comments/v8rwrs/missing_dot/,all_ads,6,,,,,,,,,,,,
[],False,latestfocus,,[],,text,t2_664uo,False,False,False,[],False,False,1654810241,i.redd.it,https://www.reddit.com/r/Polkadot/comments/v8rgo1/what_my_dot_isnt_good_enough_to_earn/,{},v8rgo1,False,False,False,False,True,False,False,False,,[],dark,text,False,False,True,0,0,False,all_ads,/r/Polkadot/comments/v8rgo1/what_my_dot_isnt_good_enough_to_earn/,False,6,reddit,1654810252,1,,True,False,False,Polkadot,t5_2ublt,78985,public,https://b.thumbs.redditmedia.com/_8jaHemmGAnudtPsIOB8xEFAiCZV2GGyuTqiEnX6k9I.jpg,"What, my dot isn't good enough to earn?",0,[],1.0,https://i.redd.it/zyby78lxyn491.jpg,all_ads,6,,,image,"{'enabled': True, 'images': [{'id': 'y354lXqwrq4mYkcfcqkFuYjPu_xeExgpdlJ43tWWNKw', 'resolutions': [{'height': 216, 'url': 'https://preview.redd.it/zyby78lxyn491.jpg?width=108&amp;crop=smart&amp;auto=webp&amp;s=afff652dd255e131abdbf9eccece297860177bfa', 'width': 108}, {'height': 432, 'url': 'https://preview.redd.it/zyby78lxyn491.jpg?width=216&amp;crop=smart&amp;auto=webp&amp;s=c1c3ba7529f6bdc4e1c0357c34521bdc80ac0970', 'width': 216}, {'height': 640, 'url': 'https://preview.redd.it/zyby78lxyn491.jpg?width=320&amp;crop=smart&amp;auto=webp&amp;s=4faa7404e4ed1d73cd3aba6b16090f02bdeb041e', 'width': 320}, {'height': 1280, 'url': 'https://preview.redd.it/zyby78lxyn491.jpg?width=640&amp;crop=smart&amp;auto=webp&amp;s=9579feb2973483ead75bbf7296f4199cec153874', 'width': 640}, {'height': 1920, 'url': 'https://preview.redd.it/zyby78lxyn491.jpg?width=960&amp;crop=smart&amp;auto=webp&amp;s=a8d7d4031f79fc0d86bd1164f406170b2419a6ce', 'width': 960}, {'height': 2160, 'url': 'https://preview.redd.it/zyby78lxyn491.jpg?width=1080&amp;crop=smart&amp;auto=webp&amp;s=fdd8d3385ec652e69f728f8abb89f62380083e7a', 'width': 1080}], 'source': {'height': 2400, 'url': 'https://preview.redd.it/zyby78lxyn491.jpg?auto=webp&amp;s=641fb3bf5a4ca1248138fc73ddbee8c760d15f82', 'width': 1080}, 'variants': {}}]}",,,140.0,140.0,https://i.redd.it/zyby78lxyn491.jpg,,,
[],False,ricosworks,,[],,text,t2_115ue0pw,False,False,False,[],False,False,1654768462,self.Polkadot,https://www.reddit.com/r/Polkadot/comments/v8dafc/polkadot_experience_day_by_day/,{},v8dafc,False,False,False,False,False,False,True,False,,[],dark,text,False,False,True,1,0,False,all_ads,/r/Polkadot/comments/v8dafc/polkadot_experience_day_by_day/,False,6,moderator,1654768473,1,[removed],True,False,False,Polkadot,t5_2ublt,78975,public,self,Polkadot Experience - Day by Day,0,[],1.0,https://www.reddit.com/r/Polkadot/comments/v8dafc/polkadot_experience_day_by_day/,all_ads,6,,,,,,,,,,,,
[],False,Born_Slice_7809,,[],,text,t2_8be7txlg,False,False,False,[],False,False,1654759579,coinavalon.io,https://www.reddit.com/r/Polkadot/comments/v8baec/a_brief_overview_of_the_first_ten_polkadot/,{},v8baec,False,False,False,False,False,False,False,False,,[],dark,text,False,False,True,0,0,False,all_ads,/r/Polkadot/comments/v8baec/a_brief_overview_of_the_first_ten_polkadot/,False,6,reddit,1654759590,1,,True,False,False,Polkadot,t5_2ublt,78970,public,https://a.thumbs.redditmedia.com/5Auw5ON3VutjMWQ1CJG091ibEm-yJcNDjZn9VgYN2t0.jpg,A Brief Overview of the first ten Polkadot Parachains,0,[],1.0,https://coinavalon.io/blog/a-brief-overview-of-the-first-ten-polkadot-parachains/,all_ads,6,,,link,"{'enabled': False, 'images': [{'id': 'fLn6FTPDfNQdri2S-oyEJTQ9flJfZKDexRbKadKT5Tc', 'resolutions': [{'height': 72, 'url': 'https://external-preview.redd.it/7n3VelXzMxdgpT-tltdFL95z0CX2_NQHNjGFJ7FY3Uo.jpg?width=108&amp;crop=smart&amp;auto=webp&amp;s=25154fdf7d9708cb55ea307516138bc2ec1597e4', 'width': 108}, {'height': 144, 'url': 'https://external-preview.redd.it/7n3VelXzMxdgpT-tltdFL95z0CX2_NQHNjGFJ7FY3Uo.jpg?width=216&amp;crop=smart&amp;auto=webp&amp;s=ee7008de07488d46cad858e8ee8e6bcdf3374c4d', 'width': 216}, {'height': 213, 'url': 'https://external-preview.redd.it/7n3VelXzMxdgpT-tltdFL95z0CX2_NQHNjGFJ7FY3Uo.jpg?width=320&amp;crop=smart&amp;auto=webp&amp;s=223ebeb55899b08ad74b06d236f996cb4398aacb', 'width': 320}, {'height': 427, 'url': 'https://external-preview.redd.it/7n3VelXzMxdgpT-tltdFL95z0CX2_NQHNjGFJ7FY3Uo.jpg?width=640&amp;crop=smart&amp;auto=webp&amp;s=b7525a4156fe64e4b891cc81e565e2140d1d718c', 'width': 640}, {'height': 641, 'url': 'https://external-preview.redd.it/7n3VelXzMxdgpT-tltdFL95z0CX2_NQHNjGFJ7FY3Uo.jpg?width=960&amp;crop=smart&amp;auto=webp&amp;s=9a3fa5ea53dec1e1794ae09da44f4c82a4b3b9f8', 'width': 960}, {'height': 721, 'url': 'https://external-preview.redd.it/7n3VelXzMxdgpT-tltdFL95z0CX2_NQHNjGFJ7FY3Uo.jpg?width=1080&amp;crop=smart&amp;auto=webp&amp;s=815488f2c437aeae3bc24c6af7e1d9fb5a54a033', 'width': 1080}], 'source': {'height': 1026, 'url': 'https://external-preview.redd.it/7n3VelXzMxdgpT-tltdFL95z0CX2_NQHNjGFJ7FY3Uo.jpg?auto=webp&amp;s=861706906b09cf9ffd6dff43174ec9fe5cbe49ac', 'width': 1536}, 'variants': {}}]}",,,93.0,140.0,https://coinavalon.io/blog/a-brief-overview-of-the-first-ten-polkadot-parachains/,,,
[],False,TheTeriyakiDon,,[],,text,t2_ihz8jczt,False,False,False,[],False,False,1654738068,coindesk.com,https://www.reddit.com/r/Polkadot/comments/v85aeq/moonbeam_foundation_and_arrington_capital_launch/,{},v85aeq,False,False,False,False,False,False,False,False,,[],dark,text,False,False,True,1,0,False,all_ads,/r/Polkadot/comments/v85aeq/moonbeam_foundation_and_arrington_capital_launch/,False,6,moderator,1654738079,1,,True,False,False,Polkadot,t5_2ublt,78962,public,https://b.thumbs.redditmedia.com/U3CD6ThQr7z70QzdCNReVnRczPSnJtnhKTr01MYrK0M.jpg,Moonbeam Foundation and Arrington Capital launch $100 million growth fund for Moonbeam ecosystem,0,[],1.0,https://www.coindesk.com/business/2022/06/08/arrington-capital-launches-100m-growth-fund-for-moonbeam-ecosystem/,all_ads,6,,,link,"{'enabled': False, 'images': [{'id': 'wf4XlZ1lMslC9-ChphZH31qBuKB3VL345QeBfGLqc9o', 'resolutions': [{'height': 56, 'url': 'https://external-preview.redd.it/gQSubu0GWIgpkcvYsjM9hIovT1JpKWJgFmgbfm-4iVo.jpg?width=108&amp;crop=smart&amp;auto=webp&amp;s=ecdc92c61c972487655447a10fc5b94184a2cfa0', 'width': 108}, {'height': 113, 'url': 'https://external-preview.redd.it/gQSubu0GWIgpkcvYsjM9hIovT1JpKWJgFmgbfm-4iVo.jpg?width=216&amp;crop=smart&amp;auto=webp&amp;s=3cbabe7af8afc45df0535ba913ae9522044da11f', 'width': 216}, {'height': 167, 'url': 'https://external-preview.redd.it/gQSubu0GWIgpkcvYsjM9hIovT1JpKWJgFmgbfm-4iVo.jpg?width=320&amp;crop=smart&amp;auto=webp&amp;s=a7841a1a0841939aa0b4544bfeb5c63269f5201f', 'width': 320}, {'height': 334, 'url': 'https://external-preview.redd.it/gQSubu0GWIgpkcvYsjM9hIovT1JpKWJgFmgbfm-4iVo.jpg?width=640&amp;crop=smart&amp;auto=webp&amp;s=b9daee4677fdd6274b262c20dcc0299f96b0e93b', 'width': 640}, {'height': 502, 'url': 'https://external-preview.redd.it/gQSubu0GWIgpkcvYsjM9hIovT1JpKWJgFmgbfm-4iVo.jpg?width=960&amp;crop=smart&amp;auto=webp&amp;s=2418c2147693c46898b41c041bc3a40e63d30193', 'width': 960}, {'height': 565, 'url': 'https://external-preview.redd.it/gQSubu0GWIgpkcvYsjM9hIovT1JpKWJgFmgbfm-4iVo.jpg?width=1080&amp;crop=smart&amp;auto=webp&amp;s=b94fb2866f715f0f349f841378546710f58ff4fa', 'width': 1080}], 'source': {'height': 628, 'url': 'https://external-preview.redd.it/gQSubu0GWIgpkcvYsjM9hIovT1JpKWJgFmgbfm-4iVo.jpg?auto=webp&amp;s=d11354925273533820212b63a97c9d4c4f1686c6', 'width': 1200}, 'variants': {}}]}",,,73.0,140.0,https://www.coindesk.com/business/2022/06/08/arrington-capital-launches-100m-growth-fund-for-moonbeam-ecosystem/,,,
[],False,Subject-Affect9984,,[],,text,t2_81pd5fgj,False,False,False,[],False,False,1654729573,self.Polkadot,https://www.reddit.com/r/Polkadot/comments/v82jrp/scam/,{},v82jrp,False,False,False,False,False,False,True,False,,[],dark,text,False,False,True,0,0,False,all_ads,/r/Polkadot/comments/v82jrp/scam/,False,6,reddit,1654729584,1,[removed],True,False,False,Polkadot,t5_2ublt,78963,public,self,Scam,0,[],1.0,https://www.reddit.com/r/Polkadot/comments/v82jrp/scam/,all_ads,6,,,,,,,,,,,,
[],False,Fun-Drummer7171,,[],,text,t2_gf1zvg9l,False,False,False,[],False,False,1654756962,self.Polkadot,https://www.reddit.com/r/Polkadot/comments/v8anqq/whats_your_take_on_moonbeam_evm_on_polkadot/,{},v8anqq,False,False,False,False,False,False,True,False,,[],dark,text,False,False,True,0,0,False,all_ads,/r/Polkadot/comments/v8anqq/whats_your_take_on_moonbeam_evm_on_polkadot/,False,6,reddit,1654756973,1,[removed],True,False,False,Polkadot,t5_2ublt,78971,public,self,What‚Äôs your take on Moonbeam (EVM on Polkadot)?,0,[],1.0,https://www.reddit.com/r/Polkadot/comments/v8anqq/whats_your_take_on_moonbeam_evm_on_polkadot/,all_ads,6,,,,,,,,,,,,
[],False,W3F_Bill,,[],‚úì Web3 Foundation Team,text,t2_5turjfiq,False,False,False,[],False,False,1654755998,self.Polkadot,https://www.reddit.com/r/Polkadot/comments/v8af4d/polkadot_digest_9_june_2022/,{},v8af4d,False,True,False,False,False,True,True,False,,[],dark,text,False,False,False,0,0,False,all_ads,/r/Polkadot/comments/v8af4d/polkadot_digest_9_june_2022/,False,6,,1654756009,1,"# Polkadot News

The latest Staking Update by Kian for May has been published, with some really interesting details (summary below). [https://docs.google.com/document/d/1nIsCciZe059LL-j09HaOqXVVdrU5-TqhgxfXUfSixE0/edit#](https://docs.google.com/document/d/1nIsCciZe059LL-j09HaOqXVVdrU5-TqhgxfXUfSixE0/edit#)

First, pools can chill themselves. Also, roles can now be optional - that is, pools can be controlled by governance. Tips are being given out to different pool users on Kusama. See the doc for more details.

You can see the whole list of previous Staking Updates here: [https://gist.github.com/kianenigma/aa835946455b9a3f167821b9d05ba376](https://gist.github.com/kianenigma/aa835946455b9a3f167821b9d05ba376)

Parity is developing a new Polkadot Staking Dashboard. It‚Äôs in beta but please feel free to test it out! [https://paritytech.github.io/polkadot-staking-dashboard/#/overview](https://paritytech.github.io/polkadot-staking-dashboard/#/overview)

And if you are interested in helping build the future of the Polkadot staking system, Parity is looking to hire a Staking/PoS Engineer - [https://boards.greenhouse.io/parity/jobs/5064110003](https://boards.greenhouse.io/parity/jobs/5064110003)

Delayed this month because I was away, but the staking update for May is written and added to the index:¬†[https://docs.google.com/document/d/1nIsCciZe059LL-j09HaOqXVVdrU5-TqhgxfXUfSixE0/edit#](https://docs.google.com/document/d/1nIsCciZe059LL-j09HaOqXVVdrU5-TqhgxfXUfSixE0/edit#)

With two days left in the current parachain slot auction, Coinversation has been in the lead the entire Ending Period.¬†[https://polkadot.js.org/apps/?rpc=wss%3A%2F%2Frpc.polkadot.io#/parachains/auctions](https://polkadot.js.org/apps/?rpc=wss%3A%2F%2Frpc.polkadot.io#/parachains/auctions)

Referendum 65, upgrading Polkadot to runtime v9220, has been passed and executed.¬†[https://polkadot.polkassembly.io/referendum/65](https://polkadot.polkassembly.io/referendum/65)

Interested in connecting via your own in-browser light client via Substrate Connect? Simply select ‚Äúlight client (experimental)‚Äù from the Network Pull-down on Polkadot-JS App, or go here: [https://polkadot.js.org/apps/?rpc=light%3A%2F%2Fsubstrate-connect%2Fpolkadot#/parachains/auctions](https://polkadot.js.org/apps/?rpc=light%3A%2F%2Fsubstrate-connect%2Fpolkadot#/parachains/auctions)

## Kusama News

With three days left in the current parachain slot auction, Tanganika has been in the lead the entire Ending Period so far.¬†[https://polkadot.js.org/apps/#/parachains/auctions](https://polkadot.js.org/apps/#/parachains/auctions)

Referendum 206, seeking to upgrade Kusama relay chain to runtime v9230, is up for vote by all KSM holders. It is currently passing with 99% in favor with four days left to vote.¬†[https://kusama.polkassembly.io/referendum/206](https://kusama.polkassembly.io/referendum/206)

Referendum 205, proposing to reset the Pichiu (Kylin canary) genesis state and runtime, is currently passing by a wide margin with three days left to vote.¬†[https://kusama.polkassembly.io/referendum/205](https://kusama.polkassembly.io/referendum/205)

Read this far? Have you considered applying for a role at Web3 Foundation ( [https://jobs.web3.foundation/](https://jobs.web3.foundation/) ), Parity ( [https://parity.io/jobs](https://parity.io/jobs) ), or developing with Substrate ( [https://careers.substrate.io/jobs](https://careers.substrate.io/jobs) ) ?",True,False,False,Polkadot,t5_2ublt,78971,public,self,Polkadot Digest 9 June 2022,0,[],1.0,https://www.reddit.com/r/Polkadot/comments/v8af4d/polkadot_digest_9_june_2022/,all_ads,6,,,self,"{'enabled': False, 'images': [{'id': '1DtoDnCv9j6nw1PbEZ1DJazN0ciQWhdyP3G6vvvWKK0', 'resolutions': [{'height': 56, 'url': 'https://external-preview.redd.it/s_2AjsZE0qfoEEoD7Wx1nKxv0QPxfa0XkeM0FVu49o0.jpg?width=108&amp;crop=smart&amp;auto=webp&amp;s=44402355f501c4b6548bd249682477f3e2bf0b53', 'width': 108}, {'height': 113, 'url': 'https://external-preview.redd.it/s_2AjsZE0qfoEEoD7Wx1nKxv0QPxfa0XkeM0FVu49o0.jpg?width=216&amp;crop=smart&amp;auto=webp&amp;s=c3dcdcaff031271f8cc720762f0e1680929afe74', 'width': 216}, {'height': 168, 'url': 'https://external-preview.redd.it/s_2AjsZE0qfoEEoD7Wx1nKxv0QPxfa0XkeM0FVu49o0.jpg?width=320&amp;crop=smart&amp;auto=webp&amp;s=908519edb7b839a2f5e6576549a93904e81d93c6', 'width': 320}, {'height': 336, 'url': 'https://external-preview.redd.it/s_2AjsZE0qfoEEoD7Wx1nKxv0QPxfa0XkeM0FVu49o0.jpg?width=640&amp;crop=smart&amp;auto=webp&amp;s=0dc0a7085534ac5d0aa1fdfec4852ca71e5e8b45', 'width': 640}, {'height': 504, 'url': 'https://external-preview.redd.it/s_2AjsZE0qfoEEoD7Wx1nKxv0QPxfa0XkeM0FVu49o0.jpg?width=960&amp;crop=smart&amp;auto=webp&amp;s=71070af5b081e90e2dbf04b8212baf69cdc493aa', 'width': 960}, {'height': 567, 'url': 'https://external-preview.redd.it/s_2AjsZE0qfoEEoD7Wx1nKxv0QPxfa0XkeM0FVu49o0.jpg?width=1080&amp;crop=smart&amp;auto=webp&amp;s=ddfbf3bdbf95a011456f147cd52fc0296bff09bc', 'width': 1080}], 'source': {'height': 630, 'url': 'https://external-preview.redd.it/s_2AjsZE0qfoEEoD7Wx1nKxv0QPxfa0XkeM0FVu49o0.jpg?auto=webp&amp;s=e314d4cfa7f4c93ffcb5f1b7b07899b15744d814', 'width': 1200}, 'variants': {}}]}",,,,,,#000000,e2b0218a-a42a-11eb-92b9-0e8ba50f1705,light
[],False,3lilougps,,[],,text,t2_ovm7dt5,False,False,False,[],False,False,1654763894,i.redd.it,https://www.reddit.com/r/Polkadot/comments/v8c8qk/i_stake_most_of_my_usdt_it_is_better_to_leave_it/,{},v8c8qk,False,False,False,False,True,False,False,False,,[],dark,text,False,False,True,0,0,False,all_ads,/r/Polkadot/comments/v8c8qk/i_stake_most_of_my_usdt_it_is_better_to_leave_it/,False,6,reddit,1654763904,1,,True,False,False,Polkadot,t5_2ublt,78974,public,https://b.thumbs.redditmedia.com/YkNGoQHp9O13snmcXiyeXiWDa928bANEPkqfFfaETJc.jpg,"I stake most of my USDT, it is better to leave it as USDT or change it to USDC ?",0,[],1.0,https://i.redd.it/2ru21yu35k491.png,all_ads,6,,,image,"{'enabled': True, 'images': [{'id': 'wpZ05Jc7P24NoW-Gq77Y9VGaRju3wtxCzhSmzaXgEtQ', 'resolutions': [{'height': 62, 'url': 'https://preview.redd.it/2ru21yu35k491.png?width=108&amp;crop=smart&amp;auto=webp&amp;s=4cde4a5489927e523681bc81e28d59c9975b7f3d', 'width': 108}, {'height': 124, 'url': 'https://preview.redd.it/2ru21yu35k491.png?width=216&amp;crop=smart&amp;auto=webp&amp;s=141372333bec460d7a581d63c7cacf38156a171d', 'width': 216}, {'height': 184, 'url': 'https://preview.redd.it/2ru21yu35k491.png?width=320&amp;crop=smart&amp;auto=webp&amp;s=d50e79e0f9418b13fe876518142d1100271fa1cf', 'width': 320}, {'height': 368, 'url': 'https://preview.redd.it/2ru21yu35k491.png?width=640&amp;crop=smart&amp;auto=webp&amp;s=3511ecabb3905ec2e64c9487f03a019cd61b6041', 'width': 640}, {'height': 552, 'url': 'https://preview.redd.it/2ru21yu35k491.png?width=960&amp;crop=smart&amp;auto=webp&amp;s=acb37f8fa5c14d566f3c93cb35fafcb7c9c114f4', 'width': 960}, {'height': 621, 'url': 'https://preview.redd.it/2ru21yu35k491.png?width=1080&amp;crop=smart&amp;auto=webp&amp;s=4e74f7ac511c16cd9f446d73f6cd87fbbe528387', 'width': 1080}], 'source': {'height': 945, 'url': 'https://preview.redd.it/2ru21yu35k491.png?auto=webp&amp;s=6c3f9a148592962d0f15c217bd4337f7a3743dae', 'width': 1641}, 'variants': {}}]}",,,80.0,140.0,https://i.redd.it/2ru21yu35k491.png,,,
[],False,ricosworks,,[],,text,t2_115ue0pw,False,False,False,[],False,False,1654774779,self.Polkadot,https://www.reddit.com/r/Polkadot/comments/v8ewgl/what_do_you_guys_think_about_tapio_and_tdot_on/,{},v8ewgl,False,False,False,False,False,False,True,False,,[],dark,text,False,False,True,0,0,False,all_ads,/r/Polkadot/comments/v8ewgl/what_do_you_guys_think_about_tapio_and_tdot_on/,False,6,reddit,1654774790,1,[removed],True,False,False,Polkadot,t5_2ublt,78978,public,self,What do you guys think about Tapio and tDOT on Acala,0,[],1.0,https://www.reddit.com/r/Polkadot/comments/v8ewgl/what_do_you_guys_think_about_tapio_and_tdot_on/,all_ads,6,,,,,,,,,,,,
[],False,chefket,,[],,text,t2_162r80,False,False,False,[],False,False,1654774219,self.Polkadot,https://www.reddit.com/r/Polkadot/comments/v8eqx8/amplitude_crowdloan_waitlist_is_live_13_bonus/,{},v8eqx8,False,False,False,False,False,False,True,False,,[],dark,text,False,False,True,0,0,False,all_ads,/r/Polkadot/comments/v8eqx8/amplitude_crowdloan_waitlist_is_live_13_bonus/,False,6,reddit,1654774230,1,[removed],True,False,False,Polkadot,t5_2ublt,78978,public,self,Amplitude Crowdloan Waitlist is live | 13% bonus,0,[],1.0,https://www.reddit.com/r/Polkadot/comments/v8eqx8/amplitude_crowdloan_waitlist_is_live_13_bonus/,all_ads,6,,,self,"{'enabled': False, 'images': [{'id': 'kB9xpn2rjpsewNGxubIuSyff6fl60VH1VhdNYXs8Nj8', 'resolutions': [{'height': 54, 'url': 'https://external-preview.redd.it/0CTvolKJuYNQYy6Q27OMQtxjQKa9K4A_IqgaKNJIQRc.jpg?width=108&amp;crop=smart&amp;auto=webp&amp;s=79036aa1701cd81df54350a4e9408c05443c2c5d', 'width': 108}, {'height': 108, 'url': 'https://external-preview.redd.it/0CTvolKJuYNQYy6Q27OMQtxjQKa9K4A_IqgaKNJIQRc.jpg?width=216&amp;crop=smart&amp;auto=webp&amp;s=d8be42d1b5d375a1a6c2dbe5aa3541b3cdc56da4', 'width': 216}, {'height': 160, 'url': 'https://external-preview.redd.it/0CTvolKJuYNQYy6Q27OMQtxjQKa9K4A_IqgaKNJIQRc.jpg?width=320&amp;crop=smart&amp;auto=webp&amp;s=d0d37171c72989d45eaa19b9e394b5d6caf0f394', 'width': 320}, {'height': 320, 'url': 'https://external-preview.redd.it/0CTvolKJuYNQYy6Q27OMQtxjQKa9K4A_IqgaKNJIQRc.jpg?width=640&amp;crop=smart&amp;auto=webp&amp;s=aaa4a40e6716076d2754de2c3e8b008c027544d4', 'width': 640}, {'height': 480, 'url': 'https://external-preview.redd.it/0CTvolKJuYNQYy6Q27OMQtxjQKa9K4A_IqgaKNJIQRc.jpg?width=960&amp;crop=smart&amp;auto=webp&amp;s=33ba4602c31c91c6175ce3caf059f2b60c921186', 'width': 960}, {'height': 540, 'url': 'https://external-preview.redd.it/0CTvolKJuYNQYy6Q27OMQtxjQKa9K4A_IqgaKNJIQRc.jpg?width=1080&amp;crop=smart&amp;auto=webp&amp;s=96661cf80ee478d9f567f76ad0e6bc163fd8ef7c', 'width': 1080}], 'source': {'height': 640, 'url': 'https://external-preview.redd.it/0CTvolKJuYNQYy6Q27OMQtxjQKa9K4A_IqgaKNJIQRc.jpg?auto=webp&amp;s=653f191529ca4d73a426a217cd3f1b7b26f3af38', 'width': 1280}, 'variants': {}}]}",,,,,,,,
[],False,o_unknown,,[],,text,t2_1ror9u26,False,False,False,[],False,False,1654776967,self.Polkadot,https://www.reddit.com/r/Polkadot/comments/v8fj4l/staking_on_ledger_s_no_active_nomination_help/,{},v8fj4l,False,False,False,False,False,False,True,False,,[],dark,text,False,False,True,0,0,False,all_ads,/r/Polkadot/comments/v8fj4l/staking_on_ledger_s_no_active_nomination_help/,False,6,reddit,1654776978,1,[removed],True,False,False,Polkadot,t5_2ublt,78979,public,self,staking on Ledger S (no active nomination) help,0,[],1.0,https://www.reddit.com/r/Polkadot/comments/v8fj4l/staking_on_ledger_s_no_active_nomination_help/,all_ads,6,,,,,,,,,,,,
[],False,Kryptos_2018,,[],,text,t2_1iga969g,False,False,False,[],False,False,1654807505,youtube.com,https://www.reddit.com/r/Polkadot/comments/v8qg23/is_polkadot_the_special_one_solana_elrond_cosmos/,{},v8qg23,False,False,False,False,False,False,False,False,,[],dark,text,False,False,True,0,0,False,all_ads,/r/Polkadot/comments/v8qg23/is_polkadot_the_special_one_solana_elrond_cosmos/,False,6,reddit,1654807515,1,,True,False,False,Polkadot,t5_2ublt,78984,public,https://b.thumbs.redditmedia.com/-C3QLzIoTmzm3zR77TWLDZfvuxRVATCQWFg0OlQwGXo.jpg,"Is Polkadot The Special One üíé ? Solana, Elrond &amp; Cosmos Issues.... üëÄ",0,[],1.0,https://www.youtube.com/watch?v=REnVEkfQKsI,all_ads,6,"{'oembed': {'author_name': 'KryptosChain', 'author_url': 'https://www.youtube.com/c/KryptosChain', 'height': 200, 'html': '&lt;iframe width=""356"" height=""200"" src=""https://www.youtube.com/embed/REnVEkfQKsI?feature=oembed&amp;enablejsapi=1"" frameborder=""0"" allow=""accelerometer; autoplay; clipboard-write; encrypted-media; gyroscope; picture-in-picture"" allowfullscreen&gt;&lt;/iframe&gt;', 'provider_name': 'YouTube', 'provider_url': 'https://www.youtube.com/', 'thumbnail_height': 360, 'thumbnail_url': 'https://i.ytimg.com/vi/REnVEkfQKsI/hqdefault.jpg', 'thumbnail_width': 480, 'title': 'Is Polkadot The Special One üíé ? Solana, Elrond &amp; Cosmos Issues.... üëÄ', 'type': 'video', 'version': '1.0', 'width': 356}, 'type': 'youtube.com'}","{'content': '&lt;iframe width=""356"" height=""200"" src=""https://www.youtube.com/embed/REnVEkfQKsI?feature=oembed&amp;enablejsapi=1"" frameborder=""0"" allow=""accelerometer; autoplay; clipboard-write; encrypted-media; gyroscope; picture-in-picture"" allowfullscreen&gt;&lt;/iframe&gt;', 'height': 200, 'scrolling': False, 'width': 356}",rich:video,"{'enabled': False, 'images': [{'id': 'DFE9yesRjyFbpidesZuwC0Dg33hDqQRRWmztg_ys62E', 'resolutions': [{'height': 81, 'url': 'https://external-preview.redd.it/bNQBxMgEzVFOwj_vG9cJcpcUMN5eNHHcWq50gLEacAo.jpg?width=108&amp;crop=smart&amp;auto=webp&amp;s=7369d3e37e21add1c1e07b82cd0e6e8a46c03e54', 'width': 108}, {'height': 162, 'url': 'https://external-preview.redd.it/bNQBxMgEzVFOwj_vG9cJcpcUMN5eNHHcWq50gLEacAo.jpg?width=216&amp;crop=smart&amp;auto=webp&amp;s=c1db859d37683ab1858f0ca1cfb4fa505e0ae11b', 'width': 216}, {'height': 240, 'url': 'https://external-preview.redd.it/bNQBxMgEzVFOwj_vG9cJcpcUMN5eNHHcWq50gLEacAo.jpg?width=320&amp;crop=smart&amp;auto=webp&amp;s=14f36693211d70f7060700d2e8d49f940424c961', 'width': 320}], 'source': {'height': 360, 'url': 'https://external-preview.redd.it/bNQBxMgEzVFOwj_vG9cJcpcUMN5eNHHcWq50gLEacAo.jpg?auto=webp&amp;s=6ec205f7270906c49e524d1633a2a6aae76fe091', 'width': 480}, 'variants': {}}]}","{'oembed': {'author_name': 'KryptosChain', 'author_url': 'https://www.youtube.com/c/KryptosChain', 'height': 200, 'html': '&lt;iframe width=""356"" height=""200"" src=""https://www.youtube.com/embed/REnVEkfQKsI?feature=oembed&amp;enablejsapi=1"" frameborder=""0"" allow=""accelerometer; autoplay; clipboard-write; encrypted-media; gyroscope; picture-in-picture"" allowfullscreen&gt;&lt;/iframe&gt;', 'provider_name': 'YouTube', 'provider_url': 'https://www.youtube.com/', 'thumbnail_height': 360, 'thumbnail_url': 'https://i.ytimg.com/vi/REnVEkfQKsI/hqdefault.jpg', 'thumbnail_width': 480, 'title': 'Is Polkadot The Special One üíé ? Solana, Elrond &amp; Cosmos Issues.... üëÄ', 'type': 'video', 'version': '1.0', 'width': 356}, 'type': 'youtube.com'}","{'content': '&lt;iframe width=""356"" height=""200"" src=""https://www.youtube.com/embed/REnVEkfQKsI?feature=oembed&amp;enablejsapi=1"" frameborder=""0"" allow=""accelerometer; autoplay; clipboard-write; encrypted-media; gyroscope; picture-in-picture"" allowfullscreen&gt;&lt;/iframe&gt;', 'height': 200, 'media_domain_url': 'https://www.redditmedia.com/mediaembed/v8qg23', 'scrolling': False, 'width': 356}",105.0,140.0,https://www.youtube.com/watch?v=REnVEkfQKsI,,,
