id,url,title,score,num_comments,created_utc,selftext
x2oe08,,Merge and stables,1,16,1661979281.0,[deleted]
x2o4in,,Dumb question about derivation paths.,1,2,1661978620.0,[deleted]
x2nyoy,https://www.reddit.com/r/ethereum/comments/x2nyoy/are_there_really_any_inherent_tradeoffs_between/,Are there really any inherent tradeoffs between Ethereum and other L1s?,0,12,1661978213.0,"Hi everyone, I‚Äôm trying to understand whether Ethereum has any practical limitations. (Putting aside operational costs) if I were planning to build a new application, is there any *technological* reason why I'd be forced to choose an alternative L1 chain to settle on?

I know for example proponents of Cosmos and Polkadot have said Ethereum is unable to offer the same level of ""sovereignty"" as zones/parachains get, but it isn't clear if that's actually true given the possibility of building layer 3 chains on Ethereum. 

Thanks in advance,  
Nick"
x2ng40,https://www.reddit.com/r/ethereum/comments/x2ng40/survivor_pool_and_nfl_pick_em_trustless/,Survivor Pool and NFL Pick Em! TRUSTLESS COMPETITION !,1,0,1661976946.0,[removed]
x2n6m9,https://www.reddit.com/r/ethereum/comments/x2n6m9/merge_data_challenge/,Merge Data Challenge,0,0,1661976288.0,[removed]
x2md7q,https://i.imgur.com/05A1ops.png,"From this day on, SOLANA RETURNS YOU up to 99% commission FOR ALL TRANSACTIONS you have previously made! See the instructions on how to do it on the official website.",1,0,1661974232.0,
x2lyq8,https://www.reddit.com/r/ethereum/comments/x2lyq8/ethereum_vitalik_buterins_book_titled_proof_of/,Ethereum: Vitalik Buterin‚Äôs Book Titled ‚ÄúProof of Stake‚Äù To Be Released,1,0,1661973208.0,[removed]
x2hcru,https://www.reddit.com/r/ethereum/comments/x2hcru/discord_bots_with_all_your_favorite_token_info/,Discord Bots with all your Favorite Token Info!,1,0,1661961844.0,[removed]
x2h8hb,,Discord Bots with all your Favorite Token Info!,1,0,1661961571.0,[removed]
x2h1c7,https://finbold.com/blockchain-gaming-platform-myria-launches-layer-2-scaling-solution-on-ethereum/,Gaming Platform Launches Layer 2 Scaling Solution on Ethereum,62,40,1661961059.0,
x2gw5d,https://www.reddit.com/r/BlockchainStartups/comments/x2gp41/defi_nfts_and_daos/,"DeFi, NFTs and DAOs",1,1,1661960700.0,"Cross posted from my post in blockchain startups subreddit, as I have seen this type of discussion appear in this subreddit."
x2gk3z,https://www.reddit.com/r/ethereum/comments/x2gk3z/horsecockvitaliketh_is_for_sale/,HorsecockVitalik.eth is for sale!,1,0,1661959857.0,[removed]
x2fwwk,https://i.redd.it/eppkkghid2l91.jpg,StarkNet Ecosystem Map,1,0,1661958248.0,
x2fv5k,https://www.reddit.com/r/ethereum/comments/x2fv5k/hello_who_is_interested_in_earning_5000_weekly/,Hello. Who is interested in earning $5000 weekly without sending money to anyone,1,1,1661958128.0,[removed]
x2fp4n,https://www.youtube.com/watch?v=DUsfyXp23KE&ab_channel=Dexible,The Weekly Download #1 - Mid August - Index Coop MYNe + Tornado Cash Fallout,1,0,1661957732.0,
x2f66q,https://www.reddit.com/r/ethereum/comments/x2f66q/will_i_receive_ethw_from_my_eth_that_is_stored_on/,Will I receive ETHW from my eth that is stored on the polygon network,0,24,1661956428.0,"Basically the title says it all.  


I have some eth on some liquidity pools which I will pull out in the next days and I just wanted to know if the ethw drop will consider eth tokens on polygon  


Thanks"
x2f06h,https://www.reddit.com/r/ethereum/comments/x2f06h/what_wallets_have_an_easy_way_to_use_maker/,What wallets have an easy way to use maker?,2,12,1661956007.0,Argent used to make it easy to take out a loan using maker but they don‚Äôt anymore. Anyone have any suggestions for wallets to use?
x2eyun,https://youtube.com/watch?v=BsVcAv8yUFE&feature=share,Libonomy Blockchain Introduction,1,0,1661955910.0,
x2exur,https://www.reddit.com/r/ethereum/comments/x2exur/currently_i_have_most_of_my_assets_in_a_matic/,currently I have most of my assets in a Matic wallet. will my crypto be safe in the wallet with during the merge?,1,1,1661955836.0,[removed]
x2evzp,https://youtube.com/watch?v=ZZWjmzShpDU&feature=share,A truly interoperable blockchain - Libonomy,1,0,1661955703.0,
x2e7vm,https://youtube.com/watch?v=BsVcAv8yUFE&feature=share,Libonomy Blockchain Introduction,1,0,1661954006.0,
x2e6us,https://www.reddit.com/r/ethereum/comments/x2e6us/will_i_receive_ethw_from_my_eth_stored_on_the/,Will I receive ETHW from my eth stored on the polygon network?,1,1,1661953929.0,[removed]
x2dowk,https://thecryptostar.co/?p=10817,"Ethermine, the world‚Äôs largest Ether mining pool, has launched a new ETH staking service.",1,0,1661952596.0,
x2dodk,https://youtube.com/watch?v=9x39duGFNBc&feature=share,Join All The Blockchains Together,1,0,1661952558.0,
x2dg6f,/r/GuardaWallet/comments/x2cxyl/goerli_ethereum_testnet_is_now_available_on/,Goerli Ethereum Testnet is now available on Guarda! Manage Goerli ETH on web/desktop,1,10,1661951952.0,
x2dckz,https://www.reddit.com/r/ethereum/comments/x2dckz/trying_out_eth/,TRYING OUT ETH,1,0,1661951680.0,[removed]
x2d39o,https://www.reddit.com/r/ethereum/comments/x2d39o/will_i_be_eligible_for_ethpow_if_im_staking_my_eth/,Will I be eligible for ETHPOW if I'm staking my ETH?,1,0,1661950969.0,[removed]
x2d1p5,,"Ethereum founder Vitalik Buterin says he‚Äôll release a ""proof-of-stake book in a month."" Would you buy a proof-of-work fork of ETH even as the ETH mainnet transitions to PoS next month?",1,0,1661950852.0,[deleted]
x2cx8y,,"Hash2O Earn lifetime rewards with Multichain Yield Processing Hash | Live on Pancakeswap | Staking LIVE, Farms live | It's time to BUY THE DIP | Before Price show on CMC | SolidProof |",1,0,1661950519.0,[removed]
x2cx88,,Web5,1,1,1661950517.0,[removed]
x2c9pm,https://www.coindesk.com/tech/2022/08/31/can-ethereum-out-engineer-the-censors/,Can Ethereum Out-Engineer the Censors by 'Shuttering' the Beacon Chain?,17,27,1661948647.0,
x2bdks,https://youtu.be/1iIa3kpyyTU,We should play this when Ethereum goes to POS.,1,0,1661946014.0,
x294rp,,Whats that Web 5,1,0,1661938304.0,[removed]
x293cz,https://www.reddit.com/r/ethereum/comments/x293cz/if_a_51_attack_or_67_attack_succeeded_will_the/,"If a 51% attack or 67% attack succeeded, will the attacker become legitimate validator and the legitimate validators be considered attacker and get slashed?",1,1,1661938164.0,[removed]
x28slj,https://www.reddit.com/r/ethereum/comments/x28slj/top_five_myths_about_ethereum/,Top five myths about Ethereum.,0,6,1661937011.0,[removed]
x28ppn,https://v.redd.it/vpt40f8kl0l91,Hello my friend I would like share good new to everyone join my these link below and fill my invite code https://pc.hobeu.com/h5/#/mobile/registerPage?inviteCode=PnqxvZ9n,1,1,1661936711.0,Hers link
x28ggw,https://i.redd.it/rrixd1aoi0l91.jpg,Credit Cards make $ 63 - 137 billions per year on transactions - Cryptos needs to fix this: Ethereum and Hoge !,5,2,1661935733.0,
x28aq6,https://www.reddit.com/r/ethereum/comments/x28aq6/if_someone_burns_usdc_its_no_longer_accessible_is/,"If someone burns USDC, it's no longer accessible. Is it legal for Circle recover it?",8,39,1661935098.0,Circle could just send a command to zero out the USDC owned by 0x0 and mint a new one in their possession. The total supply hasn't changed. It's like if Circle found some USDC on the ground that someone else dropped.
x27opy,,NEW NFT - DEFI WHITELIST EVENT,1,0,1661932683.0,[removed]
x27cdf,https://www.reddit.com/r/ethereum/comments/x27cdf/to_quote_the_ethereum_foundation_the_ethereum/,"To quote the Ethereum Foundation: ‚ÄúThe Ethereum ecosystem is firmly aligned that Layer 2 scaling is the only way to solve the scalability trilemma while remaining decentralized and secure.""",429,158,1661931359.0,"I‚Äôve been seeing a lot of people especially on subs like r/cc claim that ‚Äúthe merge will make L2s irrelevant‚Äù but this is simply NOT TRUE. In fact, the complete opposite is true and I think it‚Äôs a little ignorant not to learn about this and subsequently spread misinformation in the crypto space.

On the contrary to what these people believe, L2s will be the main focus for the Ethereum development team in the upcoming years as the merge happens and then dank sharding starts getting developed.

L2s won‚Äôt only be helping Ethereum scale its new beacon chain, they will literally become part of that chain down the line.

A lot of people are confusing merging with sharding and these two are not the same.The merge will not make gas on Ethereum cheaper, in fact, nothing will.

What the merge will do is significantly reduce power consumption (more than 99%) and pave the way for sharding which will in turn give a major boost of L2s and their throughput.Ethereum‚Äôs beacon chain will always be expensive to operate and will instead rely on L2s to handle the data.

In fact there are already scaling solutions being developed solely for that purpose most notable of which is Polygon Avail which will store data off chain and present only the data needed at the moment. This kind of scaling solution will drastically help with traffic and gas fees and will transform Ethereum into a much more efficient kind of blockchain.

So don‚Äôt go out thinking L2s will get phased out. Ethereum will rely on them heavily in the upcoming years.In fact Ethereum already relies a lot on L2s as I imagine the vast majority of us use them every single day."
x27aiz,https://www.thedailyencrypt.com/another-mining-pools-introduces-ethereum-staking-ethermine/,Another Mining Pool Introduces Ethereum Staking ‚Äì Ethermine,1,0,1661931160.0,
x2799m,https://www.reddit.com/r/ethereum/comments/x2799m/just_because_we_can_use_ethereum_to_create/,"Just because we can use Ethereum to create anything, doesn‚Äôt mean that we actually should",10,41,1661931033.0," Vitalik‚Äôs main vision behind Ethereum was to create a decentralized ecosystem where the end goal decades later would be for people and institutions to get assimilated into and let go of the centralized grips of centralized tyranny.

Naturally, absolute decentralization means that anyone can create anything within the bounds of the Ethereum blockchain.

And while yes, using precious processing power and data to create a memecoin is completely okay abiding by the code of Ethereum, it completely disregards the main goal that Vitalik set in mind when created this blockchain.

Take it from this perspective. If we ever want businesses and individuals worldwide to start adopting crypto, we‚Äôre going to need use cases (aka dApps).

DeFi and DAOs in my opinion will be the major catalysts behind major crypto adoption.

DAOs like MakerDAO and AAVE give people the ability to lend and borrow money at anytime of the day regardless of a person‚Äôs age, ethnicity or background.

This bring a lot of value to crypto because its something that‚Äôs not available in the outside world.

There are also some other DAOs like BitDAO funding organizations like EduDAO to teach students on how to become Web3 builders.

There‚Äôs a ton of value in this because Web3 and blockchain related courses are still a niche that isn‚Äôt being taught in universities.

Don‚Äôt get me wrong, I‚Äôm not trying to ruffle any feathers, but what is a dogcoin or memecoin going to provide for us as a society?

How will these projects that have zero utility contribute to Vitalik‚Äôs vision?

Again, I know that ‚Äúits my money and I can do whatever I want with it‚Äù but all I‚Äôm trying to say is that there should be a collective moral between all members of this community to help grow Ethereum and it‚Äôs utility in real life instead of funding memecoins and dogcoins on Ethereum"
x2783u,https://thecryptobasic.com/2022/08/31/ethereums-vitalik-buterin-set-to-release-a-book-10-years-in-the-making/,Ethereum‚Äôs Vitalik Buterin Set To Release A Book 10 Years In The Making,1,0,1661930916.0,
x26h8j,https://www.reddit.com/r/ethereum/comments/x26h8j/send_ether_to_smart_contract_address_by_mistake/,Send ether to smart contract address by mistake,1,0,1661928115.0,[removed]
x26gjw,https://i.redd.it/dse96chsvzk91.png,"Should we mint through ETH, or Polygon? Opinions?",1,0,1661928047.0,
x2628l,https://www.reddit.com/r/ethereum/comments/x2628l/whats_the_use_of_an_ens_name_through_a_privacy/,What's the use of an ENS name through a privacy perspective?,1,1,1661926569.0,[removed]
x25s8z,https://www.reddit.com/r/ethereum/comments/x25s8z/swampgatorsnftrewards_utility_nftgem/,"SwampGatorsNFT-->REWARDS, UTILITY NFTGEM!!",1,0,1661925564.0,[removed]
x24usi,https://www.reddit.com/r/ethereum/comments/x24usi/evm_opcode/,EVM OPcode,1,1,1661922301.0,[removed]
x24ie9,https://www.reddit.com/r/ethereum/comments/x24ie9/selling_evm_opcodes_as_nft/,Selling EVM OPcodes as NFT,1,0,1661921142.0,[removed]
x24950,https://www.reddit.com/gallery/x24950,New from Vitalik Buterin. Proof-of-stake Book,1,0,1661920302.0,
x23oen,https://www.reddit.com/r/ethereum/comments/x23oen/standard_for_predictive_tokens_discussion/,Standard for Predictive Tokens? - Discussion,1,0,1661918440.0,[removed]
x23kuu,https://www.reddit.com/r/ethereum/comments/x23kuu/prediction_token_protocol_discussion/,Prediction Token Protocol - Discussion,1,0,1661918153.0,[removed]
x23i0q,,ERC-20 Compliant Standard Prediction Token Protocol,1,0,1661917908.0,[removed]
x22ykd,https://www.reddit.com/r/ethereum/comments/x22ykd/kyc_on_l2s_and_kyc_at_the_direct_smart_contract/,KYC on L2s and KYC at the Direct Smart Contract Level,9,13,1661916268.0,"This industry's best developers and voices should not cater to the US & EU, if anything we should be blackballing them and focusing on emerging markets. The US has a twisted version of capitalism incompatible with what cypherpunk is. They expect us to build onchain web2 spyware."
x22xyq,https://i.redd.it/pigrebwmwyk91.jpg,Boss Man bout to whip out the Beacon on that chain!!,1,0,1661916219.0,
x22i6r,https://www.reddit.com/r/ethereum/comments/x22i6r/who_likes_this_chart/,Who likes this chart?,4,11,1661914918.0,[removed]
x21i9l,https://www.reddit.com/r/ethereum/comments/x21i9l/trident_protocol/,Trident Protocol,1,0,1661912077.0,[removed]
x21ad4,https://www.reddit.com/r/ethereum/comments/x21ad4/after_merge_in_case_of_fork_is_replay_attack/,After Merge - in case of fork is replay attack possible ? Or the new chain has it‚Äôs own chain id to avoid replay attack ? Any info,1,1,1661911465.0,[removed]
x20h7z,https://github.com/ethereumbook/ethereumbook,The posts and comments in here are scary. Read how Ethereum **actually** works.,32,51,1661909183.0,
x20goj,https://www.youtube.com/watch?v=6TZRRZd4o0U,(RUNNING ON ETH) How to Get Urbit Running on Windows for FREE in 5 Minutes,3,9,1661909141.0,
x2022t,https://i.imgur.com/WqshFPn.jpg,Ethereum creator and his gf,1,0,1661908012.0,
x1yyeq,https://www.reddit.com/r/ethereum/comments/x1yyeq/can_you_unstake_ethereum_once_its_been_staked_on/,Can you unstake Ethereum once its been staked on Coinbase?,1,1,1661904878.0,[removed]
x1xwew,https://www.reddit.com/r/ethereum/comments/x1xwew/ceth_vs_eth/,cETH vs ETH,1,0,1661902033.0,[removed]
x1x50c,https://www.reddit.com/r/ethereum/comments/x1x50c/defi_vs_cefi_blockchain_compatibility/,DeFi vs CeFi Blockchain Compatibility,6,18,1661900070.0,"Hey everyone,

I am currently in the process of building my project and have not been able to find an answer to this question.

Is it possible for a CeFi platform to be built on Ethereum; my hunch is that it is not possible as the chain nature is focused on decentralization. 

Forgive me for my ignorance still trying to learn and understand the space."
x1wuwo,,Who is more chad?,1,0,1661899363.0,[deleted]
x1wnwv,https://www.reddit.com/r/ethereum/comments/x1wnwv/nft_collection_created_on_opensea_not_being/,NFT collection created on Opensea not being displayed in Coinbase Wallet,0,3,1661898880.0,[removed]
x1w8r3,,Got banned from the BTC subreddit for ‚Äúpromoting scams‚Äù. Was literally only just talking about eth,1,0,1661897825.0,[deleted]
x1vwg9,https://www.reddit.com/r/ethereum/comments/x1vwg9/how_likely_are_manual_transcription_errors_of/,How likely are manual transcription errors of offline MEW signed tx's likely to result in invalid tx's vs valid tx's to an irretrievable wallet?,1,0,1661896983.0,[removed]
x1ue5s,https://www.reddit.com/r/ethereum/comments/x1ue5s/dzap_io_sell_multiple_tokens_in_a_single/,"@Dzap_io, Sell Multiple tokens in a single transaction, DZap ‚ö° Now DZap.io #SellMultipleTokens",1,1,1661893286.0,[removed]
x1u95y,https://www.youtube.com/watch?v=dXJpC2vttG4,The United States Economy Is Collapsing | Ukraine vs Russia,1,0,1661892978.0,
x1tug2,https://www.reddit.com/r/ethereum/comments/x1tug2/dzap_io_a_decentralised_platform_on_a_mission_to/,"@Dzap_io, a decentralised platform on a mission to unify multi-step transactions üí∏ in #DeFi, DZap Now DZap.io #DeFiTransaction",1,1,1661892007.0,[removed]
x1tmeb,https://twitter.com/MKjrstad/status/1564711647247204353,"Friedrich August Hayek, Nobel Prize laureate in economics, talking about Ethereum in 1984. Ethereum is the separation of money and stateüëá",118,242,1661891488.0,
x1t5lk,https://www.reddit.com/r/ethereum/comments/x1t5lk/wrote_a_tool_to_generate_historical_pnl_of_any/,Wrote a tool to generate historical PNL of any wallet on Ethereum,146,48,1661890364.0,"I've been trading crypto long before Uniswap was a thing. But during all those years, nobody to this day created a simple script to generate a ROI/PNL report for your DeFi trades. Tired of waiting, I decided to build it myself.

As it stands, you can see a historical view of your trades / transactions and your monthly performance. So this tool aims to provide a historical overview of what actually happened. You can use it to:

\- Track your own performance

\- Analyze wallets/competitors for trading

All the heavy lifting has been done and I would be grateful if some of you tried it out and suggested on metrics to add - it's all quite trivial at this stage.

Please let me know in the comments which metrics I should add, or if you have some other ideas for me to implement.

Here is a [demo address to check out](https://www.upline.finance/address/0x383424c79874bb0b0d5f0d578bd05b890dd14637).

P.S. I am also adding 2 reports - NFT report + DeFi tax report next."
x1syk6,https://www.reddit.com/r/ethereum/comments/x1syk6/how_do_you_prepare_for_the_merge/,How do you prepare for the merge?,0,19,1661889894.0,"(From a developer standpoint)

Is there anything that you have to do with your existing wallets? Is sending a transaction with the  JSON-RPC the same? Do public RPCs not work anymore?  During the merge, are you supposed to not send a transaction for an hour or is it instant?"
x1sp9u,,**blocks your path**,1,0,1661889280.0,[deleted]
x1sjuo,https://i.redd.it/8j8yj83gnwk91.jpg,Vitalik Buterin is very excited about the Ethereum merge.,1,0,1661888910.0,
x1s48h,https://www.reddit.com/r/ethereum/comments/x1s48h/when_you_sign_a_transaction_what_is_the_variable/,When you sign a transaction what is the variable they change,1,10,1661887861.0,So when you sighn a transaction what is the Random variable they use to sign it  and how does a wallet choose
x1s3zg,,"As Ethereum moves to a proof of stake (PoS) mechanism, this will drive natural investment as it's utility increases. New mechanisms such as sharding will likely improve speeds and reduce fees on-chain (a key issue in the previous bull run).",1,1,1661887845.0,[removed]
x1rr76,https://www.reddit.com/r/ethereum/comments/x1rr76/ethereum_founder_issues_urgent_upgrade_warning/,Ethereum Founder Issues Urgent Upgrade Warning After Wild Bitcoin And Crypto Price Swings,0,4,1661886986.0,[removed]
x1rqee,https://www.reddit.com/r/ethereum/comments/x1rqee/why_is_vitalik_buterin_hated_so_much/,Why is Vitalik Buterin hated so much?,0,57,1661886931.0,"(title says it all)

Like I was on twitter and like people there are like literally making fun of him and bullying him, lol, why is it so?"
x1rcqg,https://www.reddit.com/r/ethereum/comments/x1rcqg/how_can_ethereum_claim_to_be_decentralized_if/,How can Ethereum claim to be decentralized if Ethermine refuses to process blocks that include Tornado Cash?,0,12,1661886023.0,"Shouldn't a decentralized blockchain be censorship resistant and all miners/validators be unable to have a say in what is validated? Does the change to proof of stake include an even more worrisome environment where validators cannot leave staking pools in a timely manner if the pool decides to censor certain smart contracts?

Thoughts?"
x1r57e,https://www.youtube.com/watch?v=ljQydmVIt1o,Vintage-inspired NFT gaming with ArWeave? Is that even possible?,0,3,1661885525.0,
x1r0wi,https://i.redd.it/loirjgcgcwk91.png,MAKE HISTORY! Bored Ape Yacht Club - 2022!,1,0,1661885233.0,
x1q3mo,https://www.reddit.com/r/ethereum/comments/x1q3mo/looking_for_help_from_a_web3_developer/,Looking for help from a Web3 developer,1,0,1661883011.0,[removed]
x1q0na,https://youtube.com/watch?v=uzxsmGCtioA&feature=share,How to store and locate memory data in Solidity I Solidity Tutorial,1,0,1661882811.0,
x1pqip,https://www.reddit.com/r/ethereum/comments/x1pqip/stable_coin_brainstorm_feel_free_to_steal_the/,"Stable Coin Brainstorm ( feel free to steal the idea, Developers)",11,17,1661882153.0,"Disclaimer, I have zero technical experience in blockchain technology, this is merely a thought exercise for myself. I'm a farmer, by profession, if you can call it that. with that said, I feel that a strictly Farmland backed stablecoin, could do extremely well. 

The premise of the stablecoin (USAG or similar), would be used by a foundation to purchase class 1, 2, and 3 farmland throughout the world, mainly in developed countries which have highly productive agriculture systems (US, Canada, Australia, Eastern Europe to start). Farmland in the U.S. has not really depreciated over the past 40 years. The 30, and 20 Y.O.Y. return is roughly 7% and 13%, respectively. The farmland would be used as the collateral to issue the dollar pegged (or not) stablecoin.  Each piece of farmland can be put onto the blockchain, which would have three EXTREMELY beneficial use cases. 

**ONE**: This would lead to enormous cheaper future exchange of ownership (currently land exchanges can cost 15%-50% of the cost of the land. If the tract was on the blockchain, theoretically, the transfer of ownership would only cost the gas fee. Farmers and investors alike would be thrilled over this. 

**TWO**: Staking. Most people do not realize that majority of farmland is not owned by farmers but private individuals, in which they rent out. Farmland rent varies from $50/acre-$500/acre, depending on production of the land and the area. Farmland on the blockchain, which would be locked up as collateral, could be rented or ""staked out"" in a way, on a Decentralized app where farmers could bid on a land contract. This stake or rent normally runs about 4%-10% of the cost of the land per year. This Staking reward could be given back to token holders, or used to strengthen the balance sheet of the stablecoin, or both. 

**THREE**: Decentralization of Farmland. Personally, I find this the biggest value, and so should you. Farmland has been increasingly gobbled up by wealthy individual investors and corporate farms. If we continue this trend line out we WILL end up with an extremely centralized power that controls our food supply. This is probably the top concern with farmers, as well as consumers. It leads to farmers being completely controlled by a few major companies, which in turn controls to populous. Even in my 20 years of agriculture, the change has been freighting. This stablecoin could act as the catalyst to fight back for a more decentralized food supply. 

On top of the staking/rent, farmland hold a very steady inflation hedge, again running roughly 12% over the past 20 years in U.S. So, conservatively your running a return rate of 10%-20% YOY. I reckognize the major challenges this brings into question, and again this is simply a thought process for now. I would greatly appreciate feedback, and welcome a team of Developers to take on the task and I would just be honored to help."
x1pphj,https://www.reddit.com/r/ethereum/comments/x1pphj/wen_merge/,Wen Merge?,0,0,1661882081.0,"[removed]

[View Poll](https://www.reddit.com/poll/x1pphj)"
x1pk2t,https://www.reddit.com/r/ethereum/comments/x1pk2t/wen_merge/,Wen Merge!,0,0,1661881718.0,"[removed]

[View Poll](https://www.reddit.com/poll/x1pk2t)"
x1pday,https://i.redd.it/khqhcp9q0wk91.jpg,This why I‚Äôm going long on eth,1,0,1661881269.0,
x1p8ei,,Vitalik is excited about the merge!,1,0,1661880936.0,[deleted]
x1p8cv,https://www.reddit.com/r/ethereum/comments/x1p8cv/nft_marketplace_looksrare_has_a_game_plan_for_eth/,NFT marketplace LooksRare has a game plan for ETH POS merge,1,7,1661880933.0,[https://www.todaynftnews.com/nft-marketplace-looksrare-has-a-game-plan-for-eth-pos-merge/](https://www.todaynftnews.com/nft-marketplace-looksrare-has-a-game-plan-for-eth-pos-merge/)
x1o0e9,https://www.reddit.com/r/ethereum/comments/x1o0e9/if_you_like_football_youll_love_sorare/,"If you like football, you""ll love Sorare!",1,0,1661878055.0,[removed]
x1nyv8,https://twitter.com/CoinLedger/status/1564651485044129793,The ETH merge and the tax bill you weren't expecting,0,25,1661877951.0,
x1ndfj,,Will the hottest ticket at September Fashion Weeks be an NFT?,0,2,1661876517.0,[removed]
x1n0zr,,Hash2O.com - We are Live On Pancakeswap -Listing on CMC/CG 4HRs- Lifetime reward NFTs - SolidProof,1,0,1661875707.0,[removed]
x1mzv1,https://www.reddit.com/r/ethereum/comments/x1mzv1/how_to_integrate_an_eth_token_into_your_crypto/,How to Integrate an ETH Token Into Your Crypto Project?,1,0,1661875631.0,[removed]
x1mcv2,https://www.reddit.com/r/ethereum/comments/x1mcv2/ethereum_network_to_undergo_bellatrix_upgrade/,Ethereum Network to Undergo Bellatrix Upgrade Next Tuesday,1,0,1661874120.0,[removed]
x1m7pu,https://paradigmresearch.medium.com/defi-in-ether-34-in-defi-compound-v3-is-live-kyberswap-integrates-chainlink-price-feeds-c6eff444d0ad,"DeFi in Ether: $34 in DeFi, Compound v3 is live, KyberSwap integrates Chainlink Price Feeds‚Ä¶",2,5,1661873762.0,
x1m66m,,Vitalik is very excited about the ETH merge,1,0,1661873662.0,[deleted]
x1lzf9,https://i.redd.it/ph7mc0dscvk91.jpg,vitalikonlyfans.eth,1,0,1661873217.0,Vitalik if you‚Äôre reading this please start an onlyfans. I‚Äôll will get my entire family to subscribe. Let‚Äôs pump eth baby!
