Unnamed: 0	all_awardings	archived	associated_award	author	author_flair_background_color	author_flair_css_class	author_flair_richtext	author_flair_template_id	author_flair_text	author_flair_text_color	author_flair_type	author_fullname	author_patreon_flair	author_premium	body	body_sha1	can_gild	collapsed	collapsed_because_crowd_control	collapsed_reason	collapsed_reason_code	comment_type	controversiality	created_utc	distinguished	gilded	gildings	id	is_submitter	link_id	locked	no_follow	parent_id	permalink	retrieved_utc	score	score_hidden	send_replies	stickied	subreddit	subreddit_id	subreddit_name_prefixed	subreddit_type	top_awarded_type	total_awards_received	treatment_tags	unrepliable_reason	author_cakeday	corpus	support	knowledge	conflict	power	similarity	fun	status	trust	identity	romance
0	[]	False		We_Trust_El_Plan			[]				text	t2_jpqtwpmg	False	False	WEF: You will own nothing and (according to whatever their standard of happiness is) you will be happy.	0409bb3d81007c5874b31c9f49e5e8ed9a1305dc	True	False					0	1662882543		0	{}	inymfmm	False	t3_xautoi	False	False	t1_inwli7k	/r/ethereum/comments/xautoi/from_geocities_to_blockchain_is_cryptocurrency/inymfmm/	1662882557	1	False	True	False	ethereum	t5_2zf9m	r/ethereum	public		0	[]													
1	[]	False		zorghee			[]				text	t2_rdkt2ej	False	False	"Ur coins are on this address, as i can see.

0x4E5B2e1dc63F6b91cb6Cd759936495434C7e972F

It look like your wallet is compromised and that bot did everything, since the tranasactions from wallet to wallet are super fast."	85611de34916d52f11c8dd474fe5e5e3f08b3634	True	False					0	1662882300		0	{}	inym4dh	False	t3_xaukqq	False	True	t3_xaukqq	/r/ethereum/comments/xaukqq/can_somebody_help_me_figure_out_what_just/inym4dh/	1662882317	1	False	True	False	ethereum	t5_2zf9m	r/ethereum	public		0	[]													
2	[]	False		barthib			[]				text	t2_gim26	False	False	I'm talking about Ethereum	5b9d0d86a8f95a0f5a9d9caff418222633879414	True	False					0	1662882235		0	{}	inym1e7	False	t3_xb6j2c	False	True	t1_inylpxu	/r/ethereum/comments/xb6j2c/can_vitalik_buterin_singlehandedly_kill_eth/inym1e7/	1662882247	1	False	True	False	ethereum	t5_2zf9m	r/ethereum	public		0	[]													
3	[]	False		aaaanoon			[]				text	t2_eei0vhe0	False	False	Most didn't know. Some don't care.	436c9cf0e215d5603cb0c9fe0466b2a87c9a3dd5	True	False					0	1662881984		0	{}	inylpxu	False	t3_xb6j2c	False	True	t1_inyhce9	/r/ethereum/comments/xb6j2c/can_vitalik_buterin_singlehandedly_kill_eth/inylpxu/	1662881997	1	False	True	False	ethereum	t5_2zf9m	r/ethereum	public		0	[]													
4	[]	False		JuiceColdman			[]				text	t2_um0al	False	False	"Web 1 you just read the words on the internet.

Web 2 you can read and also write to the internet. 

Web 3 you can read and also write to and own property on the internet."	c8fa5e52390e8937278beac1897bfdfd6ed70d0d	True	False					0	1662881730		0	{}	inylebn	False	t3_xautoi	False	True	t1_inyk4uo	/r/ethereum/comments/xautoi/from_geocities_to_blockchain_is_cryptocurrency/inylebn/	1662881740	1	False	True	False	ethereum	t5_2zf9m	r/ethereum	public		0	[]													
5	[]	False		zymic__			[]				text	t2_eivw9xbq	False	False	what would be the reason for which he doesn't eat the food in that plate?	270860b57646d5ed1421a0cd4ddcb7e67b0d585d	True	False					0	1662881494		0	{}	inyl39l	True	t3_xard52	False	True	t1_iny5p0h	/r/ethereum/comments/xard52/what_do_u_think_about_vitaliks_upcoming_book/inyl39l/	1662881508	1	False	True	False	ethereum	t5_2zf9m	r/ethereum	public		0	[]													
6	[]	False		raresanevoice			[]				text	t2_11c3tw	False	False	Bullish on proof of stake.... and erh	fe20b7f5a37100b1afa4cb8b48bf2a61cb8b0397	True	False					0	1662881261		0	{}	inyksdu	False	t3_xb4int	False	True	t3_xb4int	/r/ethereum/comments/xb4int/white_houses_stance_on_crypto_mining/inyksdu/	1662881275	1	False	True	False	ethereum	t5_2zf9m	r/ethereum	public		0	[]		True											
7	[]	False		Perleflamme			[]				text	t2_13pqgo	False	False	You could have just as much wondered how long you would have taken to resort to fallacies. It's up to you to have an actual rhetoric, not to others to find arguments for you.	2332e18d53d7ceb54737b08492ba9ddb542aa5d8	True	False					0	1662881169		0	{}	inyko6l	False	t3_x9xgri	False	True	t1_inw4lz4	/r/ethereum/comments/x9xgri/congress_might_consider_legislation_to_limit_or/inyko6l/	1662881184	1	False	True	False	ethereum	t5_2zf9m	r/ethereum	public		0	[]													
8	[]	False		Perleflamme			[]				text	t2_13pqgo	False	False	Wait, how do you think you will trade the token if not through the IOU, exactly? Most of the arbitrage and volume is happening in CeFi exchanges, in which it can't be anything but an IOU.	90b38db9fda7765ee8d517543c5d2ede35a40262	True	False					0	1662881101		0	{}	inykl2a	False	t3_x9t4qc	False	True	t1_invzpwl	/r/ethereum/comments/x9t4qc/arthur_hayes_says_ethereum_pow_is_free_money_and/inykl2a/	1662881114	1	False	True	False	ethereum	t5_2zf9m	r/ethereum	public		0	[]													
9	[]	False		habebebrave			[]				text	t2_70xh9aww	False	False	He needs to stay away from windows	65aac18c4c6c86d1dad3e52c00998a545f45be11	True	False					0	1662881080		0	{}	inykk3s	False	t3_xat3np	False	True	t3_xat3np	/r/ethereum/comments/xat3np/vitalik_buterin_makes_surprise_appearance_at_kyiv/inykk3s/	1662881094	1	False	True	False	ethereum	t5_2zf9m	r/ethereum	public		0	[]													
10	[]	False		MorningHerald			[]				text	t2_1ctfd3ff	False	False	Literally no idea what this means though.	cb0a42095b5d566e0d39b07b99e65edd63828e71	True	False					0	1662880755		0	{}	inyk4uo	False	t3_xautoi	False	True	t1_inx9zxp	/r/ethereum/comments/xautoi/from_geocities_to_blockchain_is_cryptocurrency/inyk4uo/	1662880771	1	False	True	False	ethereum	t5_2zf9m	r/ethereum	public		0	[]													
11	[]	False		-SwampyDonkey-			[]				text	t2_8gzv3to8	False	False	Yeah what u should do is sell the eth and buy Xrp.. once Sec is done with vitalik eth will be worthless	3c709624e264c66b70b88e821c7121e7e42981e2	True	False					0	1662879975		0	{}	inyj4qo	False	t3_xay1zd	False	True	t3_xay1zd	/r/ethereum/comments/xay1zd/hello_world_im_a_dedicated_eth_hodler_and_i_need/inyj4qo/	1662879988	1	False	True	False	ethereum	t5_2zf9m	r/ethereum	public		0	[]													
12	[]	False		kantalo			[]				text	t2_g8bwc	False	False	For those that read the article: Taking the last 30 days or even the last 7 days of data, eth will be 0.1% inflationary. This can be seen very easily on https://ultrasound.money/ using the Simulate Merge toggle.	91727990d40902a85c1517247d06fecfdb4ada35	True	False					0	1662878919		0	{}	inyhq5w	False	t3_xb4w4l	False	True	t3_xb4w4l	/r/ethereum/comments/xb4w4l/this_completely_missed_something_forget_triple/inyhq5w/	1662878936	1	False	True	False	ethereum	t5_2zf9m	r/ethereum	public		0	[]													
13	[]	False		Frenchiie			[]				text	t2_eczac	False	False	"&gt; The US government has no current interest in outright banning Proof-of-Work (PoW) blockchains.

they couldn't even if they wanted to."	3e2b41ed1d4776b1ae5eb2aabf193bcfde47aafa	True	False					0	1662878667		0	{}	inyhdt3	False	t3_xb4int	False	True	t1_inxejnb	/r/ethereum/comments/xb4int/white_houses_stance_on_crypto_mining/inyhdt3/	1662878680	1	False	True	False	ethereum	t5_2zf9m	r/ethereum	public		0	[]													
14	[]	False		barthib			[]				text	t2_gim26	False	False	Why would they? It's where all the innovation on blockchain technologies come from.	2a43f9269f06d5e94ab13ced7508aeccf518effe	True	False					0	1662878638		0	{}	inyhce9	False	t3_xb6j2c	False	True	t1_iny0xu4	/r/ethereum/comments/xb6j2c/can_vitalik_buterin_singlehandedly_kill_eth/inyhce9/	1662878652	1	False	True	False	ethereum	t5_2zf9m	r/ethereum	public		0	[]													
15	[]	False		Tonytonitone1111			[]				text	t2_9txw8zhn	False	False	"Ok. Value transaction or transformation layer then. Happy?

You pointed out things that have had their value transferred to/in a smart contract. It's gone from registering through a third party such as go daddy, to an ENS smart contract. 

There's a transfer of value there whether you want to see it or not. You sent some ETH to an ENS smart contract and in return you got ownership of an ENS."	2915be8e8e14913318a88bef93964f2968e52193	True	False					0	1662878340		0	{}	inygxsk	False	t3_xalgqj	False	True	t1_inygfxa	/r/ethereum/comments/xalgqj/what_are_the_underlying_values_of_ethereum/inygxsk/	1662878355	1	False	True	False	ethereum	t5_2zf9m	r/ethereum	public		0	[]													
16	[]	False		FaceDeer			[]				text	t2_4ljvm	False	False	"You called it a ""value transfer layer"", I pointed out things it can do that have value but do not involve *transferring* anything. Calling it a ""value transfer layer"" sells it short."	c4708f6abaef3a906a30bb9f401aa095f24e7bc6	True	False					0	1662877986		0	{}	inygfxa	False	t3_xalgqj	False	True	t1_inyfy38	/r/ethereum/comments/xalgqj/what_are_the_underlying_values_of_ethereum/inygfxa/	1662878003	1	False	True	False	ethereum	t5_2zf9m	r/ethereum	public		0	[]													
17	[]	False		Tonytonitone1111			[]				text	t2_9txw8zhn	False	False	"I said it‚Äôs the value transfer layer. It‚Äôs meaningless because there‚Äôs no such thing as intrinsic value.

What‚Äôs useful and valuable to you could be worthless to me.

Cool, then there is value to you in keeping your ENS. There is also value to someone else in being able to transfer their ENS.

You‚Äôre putting limitations on definitions to build a straw man argument. We‚Äôre on the same side in that we see value in ETH and it‚Äôs uses.

Have a nice day."	51bf6cd50683d68080f4f09f99f897ee33d9be63	True	False					0	1662877643		0	{}	inyfy38	False	t3_xalgqj	False	False	t1_inydl9n	/r/ethereum/comments/xalgqj/what_are_the_underlying_values_of_ethereum/inyfy38/	1662877656	1	False	True	False	ethereum	t5_2zf9m	r/ethereum	public		0	[]													
18	[]	False		RogerWilco357			[]				text	t2_b4n1m	False	False	Depends.	374ee58fa6d193c5d7cb07b7a218b1a4915f5c3c	True	False					0	1662877010		0	{}	inyf1jg	False	t3_xaukqq	False	True	t1_inw84ga	/r/ethereum/comments/xaukqq/can_somebody_help_me_figure_out_what_just/inyf1jg/	1662877021	1	False	True	False	ethereum	t5_2zf9m	r/ethereum	public		0	[]													
19	[]	False		[deleted]						dark					[removed]	fe993932d6dced4c0a879e9aa5d7a6e0fbb467f5	True	False					0	1662876144		0	{}	inydu6y	False	t3_xay1zd	False	True	t1_inwqds3	/r/ethereum/comments/xay1zd/hello_world_im_a_dedicated_eth_hodler_and_i_need/inydu6y/	1662876161	1	False	True	False	ethereum	t5_2zf9m	r/ethereum	public		0	[]													
20	[]	False		Lbkelp			[]				text	t2_1snhocrt	False	False	Dont touch your Ether. You dont need to do anything	55a2c0f4ecd32698a5769286b613824d5d78aac1	True	False					0	1662876050		0	{}	inydp8g	False	t3_xay1zd	False	True	t3_xay1zd	/r/ethereum/comments/xay1zd/hello_world_im_a_dedicated_eth_hodler_and_i_need/inydp8g/	1662876068	1	False	True	False	ethereum	t5_2zf9m	r/ethereum	public		0	[]													
21	[]	False		FaceDeer			[]				text	t2_4ljvm	False	False	"You're stretching the definition of ""transferring value"" so far that it's basically meaningless, IMO.

Once I have my ENS name set up, I have no intention of ever transferring it to someone else. But it continues to be useful regardless. Indeed, it's useful *because* it's not being transferred. There's a recent proposal for a kind of tokens called ""[soulbound tokens](https://www.coindesk.com/learn/what-are-soulbound-tokens-the-non-transferrable-nft-explained/)"" that *cannot* be transferred, once they're assigned to someone they're locked to that person forever."	d2ce06970e54538df2a16b34b5bcdece3ce3d5f6	True	False					0	1662875973		0	{}	inydl9n	False	t3_xalgqj	False	True	t1_inycr9j	/r/ethereum/comments/xalgqj/what_are_the_underlying_values_of_ethereum/inydl9n/	1662875988	1	False	True	False	ethereum	t5_2zf9m	r/ethereum	public		0	[]													
22	[]	False		[deleted]						dark					[removed]	fe993932d6dced4c0a879e9aa5d7a6e0fbb467f5	True	False					0	1662875443		0	{}	inycuk4	False	t3_x5pnb3	False	True	t1_in54lbb	/r/ethereum/comments/x5pnb3/layer_2_dont_have_enough_censorship_resistance_to/inycuk4/	1662875457	1	False	True	False	ethereum	t5_2zf9m	r/ethereum	public		0	[]													
23	[]	False		Tonytonitone1111			[]				text	t2_9txw8zhn	False	False	"Right, but there is value in that action. 

You could called it a service, a process or whatever. Value isn‚Äôt just about ‚Äúmoney‚Äù. Value is subjective and can be applied to any action, service or commodity. 

In the ENS case, there is ‚Äúvalue‚Äù in the practical utility that you mentioned. eg. There is value in having an ENS instead of a blockchain address, there is value in doing this without a middleman.

We couldn‚Äôt do this before in Web 2.0. Basically we get to redefine value as we see fit. 

Previously we had to pay a middle man/institution for that value. Now we use ETH as the layer and the value, is transferred to the blockchain."	a07ff780e488ee5d7e5a735ac50ac0bef903bab5	True	False					0	1662875379		0	{}	inycr9j	False	t3_xalgqj	False	True	t1_invgyx2	/r/ethereum/comments/xalgqj/what_are_the_underlying_values_of_ethereum/inycr9j/	1662875392	1	False	True	False	ethereum	t5_2zf9m	r/ethereum	public		0	[]													
24	[]	False		wizardstrikes2			[]				text	t2_b0rqjpqd	False	False	"Wow that is dumb.  Crypto mining uses less than. 1% of total electric used and contributed to less than .03% of the global carbon‚Ä¶‚Ä¶

Wake up and stop drinking the Green Kool-aides"	c637c453f26b00e2d1072ed14fbad4f07b093448	True	False					0	1662875039		0	{}	inyc9l3	False	t3_xb4int	False	True	t1_inxilq2	/r/ethereum/comments/xb4int/white_houses_stance_on_crypto_mining/inyc9l3/	1662875056	1	False	True	False	ethereum	t5_2zf9m	r/ethereum	public		0	[]													
25	[]	False		kantalo			[]				text	t2_g8bwc	False	False	Not exactly. The pow are still doing away and will never come back. The triple halvening is permanent. the Zeroing is just that little extra on top which in theory could go back when withdrawals are released.	255bf4d8fbc6d89e41d2faf70016b436d4170f43	True	False					0	1662875026		0	{}	inyc8xn	False	t3_xb4w4l	False	True	t1_inxgp1y	/r/ethereum/comments/xb4w4l/this_completely_missed_something_forget_triple/inyc8xn/	1662875042	1	False	True	False	ethereum	t5_2zf9m	r/ethereum	public		0	[]													
26	[]	False		EgaTehPro			[]				text	t2_oeibo	False	False	They hacked YouTuber Atrioc today.	7a98e82478fef1fc66a53cd4a1a3d9938ccae302	True	False					0	1662874066		0	{}	inyauow	False	t3_o7wb8o	False	True	t1_i643dr1	/r/ethereum/comments/o7wb8o/ark_invest_us_youtube_channel_scam/inyauow/	1662874077	1	False	True	False	ethereum	t5_2zf9m	r/ethereum	public		0	[]													
27	[]	False		MeeklesP			[]				text	t2_1e73k3i0	False	False	I'm still trying to map out that t-shirt. Bruh	9c0ff4e0785f6924343e2f96fa9e6430f0229c13	True	False					0	1662873863		0	{}	inyajqc	False	t3_xb2bgb	False	True	t3_xb2bgb	/r/ethereum/comments/xb2bgb/could_the_move_to_proof_of_stake_exacerbate_the/inyajqc/	1662873876	1	False	True	False	ethereum	t5_2zf9m	r/ethereum	public		0	[]													
28	[]	False		ApprehensiveSkirt160			[]				text	t2_4k9yljsd	False	False	What ever helps you sleep at night.	c15c273a15e74c9453b4af85c9a74040fae287b2	True	False					0	1662873010		0	{}	iny997h	False	t3_xb6j2c	False	True	t1_iny44tz	/r/ethereum/comments/xb6j2c/can_vitalik_buterin_singlehandedly_kill_eth/iny997h/	1662873027	1	False	True	False	ethereum	t5_2zf9m	r/ethereum	public		0	[]													
29	[]	False		AutoModerator			[]				text	t2_6l4z3	False	True	"Your submission was removed from /r/ethereum due to being too short. All text submissions must be at least 60 characters long.

*I am a bot, and this action was performed automatically. Please [contact the moderators of this subreddit](/message/compose/?to=/r/ethereum) if you have any questions or concerns.*"	f5350acfa4ebeaa5482eb2be2e6daa9c2d3776c0	True	False					0	1662872435	moderator	0	{}	iny8ddr	False	t3_xb9qgf	False	True	t3_xb9qgf	/r/ethereum/comments/xb9qgf/real_copium_boost_rn_roulette_go_green_maybe_i/iny8ddr/	1662872448	1	False	False	False	ethereum	t5_2zf9m	r/ethereum	public		0	[]													
30	[]	False		_HolyWrath_			[]				text	t2_ngapk28m	False	False	I don‚Äôt think cryptocurrency is the cornerstone of Web 3.0 not at all. It‚Äôs just an early beta of some kind.	64d4d009793431144be13dd6c5372b9d981a4e65	True	False					0	1662872434		0	{}	iny8dbc	False	t3_xautoi	False	True	t3_xautoi	/r/ethereum/comments/xautoi/from_geocities_to_blockchain_is_cryptocurrency/iny8dbc/	1662872449	1	False	True	False	ethereum	t5_2zf9m	r/ethereum	public		0	[]													
31	[]	False		AutoModerator			[]				text	t2_6l4z3	False	True	"Your submission was removed from /r/ethereum due to being too short. All text submissions must be at least 60 characters long.

*I am a bot, and this action was performed automatically. Please [contact the moderators of this subreddit](/message/compose/?to=/r/ethereum) if you have any questions or concerns.*"	f5350acfa4ebeaa5482eb2be2e6daa9c2d3776c0	True	False					0	1662872015	moderator	0	{}	iny7pfu	False	t3_xb9lnh	False	True	t3_xb9lnh	/r/ethereum/comments/xb9lnh/ethereum_squeeze/iny7pfu/	1662872030	1	False	False	False	ethereum	t5_2zf9m	r/ethereum	public		0	[]													
32	[]	False		_Zazu95_			[]				text	t2_cqgtmoxx	False	False	Lmfaoo	ccb96c499a5fa5de3d7c3b994fe010d4f751858e	True	False					0	1662871631		0	{}	iny72pa	False	t3_xard52	False	True	t1_inv3bud	/r/ethereum/comments/xard52/what_do_u_think_about_vitaliks_upcoming_book/iny72pa/	1662871647	1	False	True	False	ethereum	t5_2zf9m	r/ethereum	public		0	[]													
33	[]	False		Extremely-Bad-Idea			[]				text	t2_a9fysz6o	False	True	"The question of ""Why?"" does not matter at this point.  The nodes failed to update and now they will be forever abandoned."	ff330d4ff29927274f09f365448f2abf6d61bf4e	True	False					0	1662871454		0	{}	iny6rxr	False	t3_xawog6	False	True	t3_xawog6	/r/ethereum/comments/xawog6/165_of_all_ethereum_nodes_are_not_eligable_for/iny6rxr/	1662871471	1	False	True	False	ethereum	t5_2zf9m	r/ethereum	public		0	[]													
34	[]	False		Days_End			[]				text	t2_4e3z9	False	False	This is one of the stupidest and shittiest takes I've ever read. The argument is ***knowingly*** facilitate. Everything you're listed is hyperbole that is not even vaguely in debate from this case.	b015cdef1cf4c428e2d1b69acd8a59c13add0481	True	False					0	1662871246		0	{}	iny6fct	False	t3_x93746	False	True	t1_inofwte	/r/ethereum/comments/x93746/coinbase_employees_and_ethereum_backers_sue_us/iny6fct/	1662871264	1	False	True	False	ethereum	t5_2zf9m	r/ethereum	public		0	[]													
35	[]	False		[deleted]						dark					[removed]	fe993932d6dced4c0a879e9aa5d7a6e0fbb467f5	True	False					0	1662870875		0	{}	iny5slm	False	t3_x4vqc6	False	True	t3_x4vqc6	/r/ethereum/comments/x4vqc6/how_will_the_merge_affect_energy_consumption_on/iny5slm/	1662870888	1	False	True	False	ethereum	t5_2zf9m	r/ethereum	public		0	[]													
36	[]	False		Extremely-Bad-Idea			[]				text	t2_a9fysz6o	False	True	"Vitalik always looks thin and pale.  I visualize his Mom saying ""You need to eat more!"" whenever he comes home, then she puts a big plate of meat and vegetables in front of him."	f7a47e8190d1a4c53161205e68b08a949f86d9be	True	False					0	1662870817		0	{}	iny5p0h	False	t3_xard52	False	True	t3_xard52	/r/ethereum/comments/xard52/what_do_u_think_about_vitaliks_upcoming_book/iny5p0h/	1662870836	1	False	True	False	ethereum	t5_2zf9m	r/ethereum	public		0	[]													
37	[]	False		n8dahwgg			[]				text	t2_2l8t8fai	False	False	"You do know they turn off during peak hours and in doing so make the grid significantly more efficient from a capex efficiency standpoint and also more reliable due to voluntary reactive curtailment? 
Wait who am I kidding?? Energy = bad cause stuff"	41bdde1349650937b0bd41e6bf6760ecc3c45461	True	False					0	1662870701		0	{}	iny5htj	False	t3_xb6hvk	False	True	t3_xb6hvk	/r/ethereum/comments/xb6hvk/texas_bitcoin_miners_catch_the_heat_energy_to/iny5htj/	1662870717	1	False	True	False	ethereum	t5_2zf9m	r/ethereum	public		0	[]													
38	[]	False		meursaultvi			[]				text	t2_13p7sq	False	False	Unfortunately no. It won't be until the next update and no one knows when that will be.	5b6a93d274f1726d51ba351d24d8364b95b8c7d3	True	False					0	1662870266		0	{}	iny4raq	False	t3_xahg01	False	True	t1_inw0c8i	/r/ethereum/comments/xahg01/checkout_our_ethereum_merge_countdown/iny4raq/	1662870278	1	False	True	False	ethereum	t5_2zf9m	r/ethereum	public		0	[]													
39	[]	False		Testecles			[]				text	t2_qqlpk	False	False	Ohhh.. here we goooo...  =)	583501efb5c6230f3f6769ef455a6aa641221d60	True	False					0	1662870220		0	{}	iny4oku	False	t3_wwijcy	False	True	t3_wwijcy	/r/ethereum/comments/wwijcy/ethereum_pos_mainnet_merge_announcement/iny4oku/	1662870234	1	False	True	False	ethereum	t5_2zf9m	r/ethereum	public		0	[]													
40	[]	False		Longjumping-Quiet-77			[]				text	t2_79si9pld	False	False	This is the most idiotic comment I've read this week. Well done!	4a8e9ff006128c277d33a3cc7933e08ffea85294	True	False					0	1662869896		0	{}	iny44tz	False	t3_xb6j2c	False	True	t1_inxwrba	/r/ethereum/comments/xb6j2c/can_vitalik_buterin_singlehandedly_kill_eth/iny44tz/	1662869909	1	False	True	False	ethereum	t5_2zf9m	r/ethereum	public		0	[]													
41	[]	False		SaveVideo			[]				text	t2_8gveco3a	False	False	"###[View link](https://redditsave.com/r/ethereum/comments/xautoi/from_geocities_to_blockchain_is_cryptocurrency/)


 --- 
 [**Info**](https://np.reddit.com/user/SaveVideo/comments/jv323v/info/)&amp;#32;|&amp;#32; [**Feedback**](https://np.reddit.com/message/compose/?to=Kryptonh&amp;subject=Feedback for savevideo)&amp;#32;|&amp;#32;[**Donate**](https://ko-fi.com/getvideo) &amp;#32;|&amp;#32; [**DMCA**](https://np.reddit.com/message/compose/?to=Kryptonh&amp;subject=Content removal request for savevideo&amp;message=https://np.reddit.com//r/ethereum/comments/xautoi/from_geocities_to_blockchain_is_cryptocurrency/) &amp;#32;|&amp;#32; 
 [^(reddit video downloader)](https://redditsave.com) &amp;#32;|&amp;#32; [^(download video tiktok)](https://taksave.com)"	4500a892b35148692caebe0d969534b274609205	True	False					0	1662869485		0	{}	iny3f3p	False	t3_xautoi	False	True	t1_iny3b5g	/r/ethereum/comments/xautoi/from_geocities_to_blockchain_is_cryptocurrency/iny3f3p/	1662869498	1	False	True	False	ethereum	t5_2zf9m	r/ethereum	public		0	[]													
42	[]	False		roasted_boy			[]				text	t2_d9v87fbs	False	False	u/savevideo	70a0f94b1709054e8c936673e18a6bab7d60f29f	True	False					0	1662869424		0	{}	iny3b5g	False	t3_xautoi	False	True	t3_xautoi	/r/ethereum/comments/xautoi/from_geocities_to_blockchain_is_cryptocurrency/iny3b5g/	1662869437	1	False	True	False	ethereum	t5_2zf9m	r/ethereum	public		0	[]													
43	[]	False		cachemonet0x0cf6619			[]				text	t2_efuj0c86	False	False	One of the drawbacks of using OpenSea's centralized 1155 is that the contract isn't verified. the benefit to having the contract verified is that we would be able to use some view functions   that are available on the 1155 standard	511ce7a2dd1428879308d7a16423565b58e6f099	True	False					0	1662911725		0	{}	io027k2	False	t3_xasd8s	False	True	t3_xasd8s	/r/ethereum/comments/xasd8s/trying_to_find_location_of_each_token_erc1155/io027k2/	1662911736	1	False	True	False	ethereum	t5_2zf9m	r/ethereum	public		0	[]													
44	[]	False		cubestrandcocktail			[]				text	t2_ptghxko6	False	False	3 days 13 hrs 4 mins	92af7a2f358e86940f4aef03c1ba827f18cacc49	True	False					0	1662910495		0	{}	inzz4uv	False	t3_xbc8ls	False	True	t3_xbc8ls	/r/ethereum/comments/xbc8ls/put_ethereum_merge_or_even_just_the_merge_into/inzz4uv/	1662910515	1	False	True	False	ethereum	t5_2zf9m	r/ethereum	public		0	[]													
45	[]	False		[deleted]						dark					[removed]	fe993932d6dced4c0a879e9aa5d7a6e0fbb467f5	True	False					0	1662910443		0	{}	inzz09i	False	t3_xb4int	False	True	t1_inyhdt3	/r/ethereum/comments/xb4int/white_houses_stance_on_crypto_mining/inzz09i/	1662910459	1	False	True	False	ethereum	t5_2zf9m	r/ethereum	public		0	[]													
46	[]	False		Ok_Play_7144			[]				text	t2_9s5ixt5h	False	False	Nice drip squad, friend üíô	73e6cea146dd61d53952455cb233e39ab84da6ab	True	False					0	1662910412		0	{}	inzyxhe	False	t3_xbc8ls	False	True	t1_inzyreu	/r/ethereum/comments/xbc8ls/put_ethereum_merge_or_even_just_the_merge_into/inzyxhe/	1662910427	1	False	True	False	ethereum	t5_2zf9m	r/ethereum	public		0	[]													
47	[]	False		BeheadedFish123			[]				text	t2_k54dtba	False	False	Damn only english speaking countries then	3db4ab163a56235e266d8d7cca0423e84b5c4482	True	False					0	1662910342		0	{}	inzyreu	False	t3_xbc8ls	False	True	t1_inzy9yt	/r/ethereum/comments/xbc8ls/put_ethereum_merge_or_even_just_the_merge_into/inzyreu/	1662910357	1	False	True	False	ethereum	t5_2zf9m	r/ethereum	public		0	[]													
48	[]	False		erizi0n			[]				text	t2_546wsodp	False	False	"The merge is basically a fork, so all data on PoW network till that timestamp will be carried on to the new network, which will use PoS consensus system, and the same data prior to that timestamp will still exist in PoW consensus network if miners keep going on with said old network, so you don‚Äôt have to nothing to ‚Äúreceive‚Äù your ETH PoW, because it already exists/existed in said network. But regarding selling or moving such token, it‚Äôs best to avoid it if you are an ape like you said, you may give hackers the possibility to do a replay attack like stated by other commenters in here‚Ä¶

Although, if you want to mess with it, and to be safe, you will need to first move your ETH PoS to a new wallet (not just to a different address within the same wallet, move it to a different wallet entirely), and only after that, do the same to your ETH PoW to another different wallet, separated from your now on new ETH PoS wallet, doing as such, the event of a possible replay attack will no longer exist. But between doing such moves there‚Äôs that possibility, that‚Äôs why I told you to move your ETH PoS first, cuz that will be the ‚Äúreal one‚Äù and more valued, so if someone does a replay transaction to your ETH PoW before you move it, it‚Äôs not such a big deal, understood? But the other way around, they will get the opportunity to move your valued ETH PoS!

Key things to remember:
* you won‚Äôt need to swap your ETH to ETH 2.0, such thing doesn‚Äôt/won‚Äôt exist, don‚Äôt fall for that type of scams
* you won‚Äôt really need to anything to your ETH PoS to it exist in PoS network consensus system
* if you aren‚Äôt sure of something, do nothing and forget about the possibility of the ETH PoW selling, it may even be not worth it‚Ä¶ it‚Äôs not just because I gave you an option that you should follow it, it may implicate future flaws that no one knows yet, wait some time before messing around with ETH PoW post merge and research about it if the miners keep it going, if they change the chain ID and when everyone starts saying it is safe, and if you finally feel comfortably doing so, do it if you want.

Stay safe!"	3d87edffcfc2ea97e334b5fbe4f8ed8537cd3b50	True	False					0	1662910163		0	{}	inzybx4	False	t3_xay1zd	False	True	t1_inwjn31	/r/ethereum/comments/xay1zd/hello_world_im_a_dedicated_eth_hodler_and_i_need/inzybx4/	1662910179	1	False	True	False	ethereum	t5_2zf9m	r/ethereum	public		0	[]													
49	[]	False		Ok_Play_7144			[]				text	t2_9s5ixt5h	False	False	I'm in canada can confirm it works here	a850d503de8e72e281d30a88884db0ad817a49d2	True	False					0	1662910141		0	{}	inzy9yt	False	t3_xbc8ls	False	True	t1_inzb05t	/r/ethereum/comments/xbc8ls/put_ethereum_merge_or_even_just_the_merge_into/inzy9yt/	1662910157	1	False	True	False	ethereum	t5_2zf9m	r/ethereum	public		0	[]													
50	[]	False		Deepseadude			[]				text	t2_4967uf81	False	False	"He needs to stay away from picking a side... you don‚Äôt pick sides when two countires do nothing but ripping themselves apart. Noone is right in a war. 

He shall not lose eth fans on one of the sides. He shall lose eth fans on both sides now."	95e80b05abf58898e93574303da537bb78b29062	True	False					0	1662909707		0	{}	inzx831	False	t3_xat3np	False	True	t3_xat3np	/r/ethereum/comments/xat3np/vitalik_buterin_makes_surprise_appearance_at_kyiv/inzx831/	1662909723	1	False	True	False	ethereum	t5_2zf9m	r/ethereum	public		0	[]													
51	[]	False		rgmundo524			[]				text	t2_5mx3m	False	False	The 2nd C ins cryptocurrency should not be capitalized	67ace56cb39a083acb50051a2e3576a051ff46e5	True	False					0	1662909670		0	{}	inzx4wv	False	t3_xautoi	False	True	t3_xautoi	/r/ethereum/comments/xautoi/from_geocities_to_blockchain_is_cryptocurrency/inzx4wv/	1662909682	1	False	True	False	ethereum	t5_2zf9m	r/ethereum	public		0	[]													
52	[]	False		NatoBoram			[]				text	t2_hwbhy	False	False	"This website is so fucking trash that I had to make my own

https://natoboram.github.io/lmgtfy/?search=the+merge"	6571b5e7570a002acb168b9129a78cfd3ffcf89c	True	False					0	1662909664		0	{}	inzx4bd	False	t3_xbc8ls	False	True	t1_inyrbqp	/r/ethereum/comments/xbc8ls/put_ethereum_merge_or_even_just_the_merge_into/inzx4bd/	1662909674	1	False	True	False	ethereum	t5_2zf9m	r/ethereum	public		0	[]													
53	[]	False		tiptheguy			[]				text	t2_7d0t5eiy	False	False	"what I'd like to see is a project that is completely 100% independent of any singular or a group of persons, however well meaning they are. we can endlessly talk about tech being decentralized which is obviously a good thing, but if there are humans in the loop, it will always be vulnerable. I want the solution to be as close to as possible to immutable laws of physics. but i also realize that what im saying goes against lot of people's cult mindset, which is as unfortunate as its telling of the shortcomings im trying to discuss.

to be clear, im not singling out eth and saying other projects dont have this ""blind spot"", not at all. 

I dont want to ""believe"" in any project, i want to have unshakable,  mathematical proves that this works now and will work regardless how many ""core"" contributors go crazy, get compromised or taken hostage. thats all."	534c45015475793e899dff1da9ac01a6e459dbd9	True	False					0	1662909364		0	{}	inzweei	True	t3_xb6j2c	False	True	t1_inztedp	/r/ethereum/comments/xb6j2c/can_vitalik_buterin_singlehandedly_kill_eth/inzweei/	1662909376	1	False	True	False	ethereum	t5_2zf9m	r/ethereum	public		0	[]													
54	[]	False		RoBiK75			[]				text	t2_7kwox	False	False	SCAM!	4159cffc85663be2858c6bf97df310315374e7fb	True	False					0	1662909162		0	{}	inzvw8n	False	t3_xbktw1	False	True	t3_xbktw1	/r/ethereum/comments/xbktw1/good_news_for_nft_fans_binance_gives_away_10/inzvw8n/	1662909179	1	False	True	False	ethereum	t5_2zf9m	r/ethereum	public		0	[]													
55	[]	False		[deleted]						dark					[removed]	fe993932d6dced4c0a879e9aa5d7a6e0fbb467f5	True	False					0	1662909096		0	{}	inzvqem	False	t3_xay1zd	False	True	t3_xay1zd	/r/ethereum/comments/xay1zd/hello_world_im_a_dedicated_eth_hodler_and_i_need/inzvqem/	1662909108	1	False	True	False	ethereum	t5_2zf9m	r/ethereum	public		0	[]													
56	[]	False		AutoModerator			[]				text	t2_6l4z3	False	True	"Your submission was removed from /r/ethereum due to being too short. All text submissions must be at least 60 characters long.

*I am a bot, and this action was performed automatically. Please [contact the moderators of this subreddit](/message/compose/?to=/r/ethereum) if you have any questions or concerns.*"	f5350acfa4ebeaa5482eb2be2e6daa9c2d3776c0	True	False					0	1662908992	moderator	0	{}	inzvgum	False	t3_xbkzpv	False	True	t3_xbkzpv	/r/ethereum/comments/xbkzpv/if_i_convert_my_ethereum_to_cbeth_on_coinbase_and/inzvgum/	1662909006	1	False	False	False	ethereum	t5_2zf9m	r/ethereum	public		0	[]													
57	[]	False		[deleted]						dark					[removed]	fe993932d6dced4c0a879e9aa5d7a6e0fbb467f5	True	False					0	1662908928		0	{}	inzvbay	False	t3_xbkxzy	False	True	t3_xbkxzy	/r/ethereum/comments/xbkxzy/etherum_on_binance/inzvbay/	1662908943	1	False	True	False	ethereum	t5_2zf9m	r/ethereum	public		0	[]													
58	[]	False		KoreanJesusFTW			[]				text	t2_147rkl	False	False	No can do. Tell me... which other coin has a node outside of the planet?	2d1303334a3c4a8ac13d60f932daab2b2e0af8e2	True	False					0	1662908921		0	{}	inzvaoy	False	t3_xb6j2c	False	True	t3_xb6j2c	/r/ethereum/comments/xb6j2c/can_vitalik_buterin_singlehandedly_kill_eth/inzvaoy/	1662908935	1	False	True	False	ethereum	t5_2zf9m	r/ethereum	public		0	[]													
59	[]	False		AutoModerator			[]				text	t2_6l4z3	False	True	"Your submission was removed from /r/ethereum due to being too short. All text submissions must be at least 60 characters long.

*I am a bot, and this action was performed automatically. Please [contact the moderators of this subreddit](/message/compose/?to=/r/ethereum) if you have any questions or concerns.*"	f5350acfa4ebeaa5482eb2be2e6daa9c2d3776c0	True	False					0	1662908873	moderator	0	{}	inzv6h3	False	t3_xbkxzy	False	True	t3_xbkxzy	/r/ethereum/comments/xbkxzy/etherum_on_binance/inzv6h3/	1662908887	1	False	False	False	ethereum	t5_2zf9m	r/ethereum	public		0	[]													
60	[]	False		[deleted]						dark					[removed]	fe993932d6dced4c0a879e9aa5d7a6e0fbb467f5	True	False					0	1662908817		0	{}	inzv1fy	False	t3_xbktw1	False	True	t3_xbktw1	/r/ethereum/comments/xbktw1/good_news_for_nft_fans_binance_gives_away_10/inzv1fy/	1662908833	1	False	True	False	ethereum	t5_2zf9m	r/ethereum	public		0	[]													
61	[]	False		KoreanJesusFTW			[]				text	t2_147rkl	False	False	"&gt; this is why I love bitcoin, its creator had the decency to vanish

... and hold on to those premined sats that were never distributed. It's just there... for him/her/them/it to move when they want. Let's face it, BTC's price tanks when there's movement on those coins."	6e06a6a6316bb419d7b9f59f82bed7fb60e7e7d8	True	False					0	1662908816		0	{}	inzv1e3	False	t3_xb6j2c	False	True	t1_inyukn1	/r/ethereum/comments/xb6j2c/can_vitalik_buterin_singlehandedly_kill_eth/inzv1e3/	1662908833	1	False	True	False	ethereum	t5_2zf9m	r/ethereum	public		0	[]													
62	[]	False		cryptotrigs			[]				text	t2_ky8bt77b	False	True	"It has nothing to do with being open source. That's a security concept. Open source software is secure because everyone can see how it works and call out vulnerabilities before they get exploited. Closed source is secure because nobody can see how it works so it's harder for deviants to find vulnerabilities. Two different approaches for the same goal.

Composability comes from unified standards that are built from the ground up to be compatible. Instead of separate entities developing different proprietary standards in silos.

Open source is just a natural choice for a security model for crypto, hence why it's largely relied on.."	172cd6559fe7229a1754d207e98bf9dd87ec31fd	True	False					0	1662908591		0	{}	inzuhsy	False	t3_xav4ba	False	True	t1_inw9q7i	/r/ethereum/comments/xav4ba/exactly_what_properties_of_ethereum_or/inzuhsy/	1662908608	1	False	True	False	ethereum	t5_2zf9m	r/ethereum	public		0	[]													
63	[]	False		MongolianTrojanHorse			[]				text	t2_jrona	False	False	https://www.google.com/search?q=the+merge	b06fa5d4244726cc127a3b534b38abb8583ebfb9	True	False					0	1662908539		0	{}	inzudcs	False	t3_xbc8ls	False	True	t1_inyrbqp	/r/ethereum/comments/xbc8ls/put_ethereum_merge_or_even_just_the_merge_into/inzudcs/	1662908551	1	False	True	False	ethereum	t5_2zf9m	r/ethereum	public		0	[]													
64	[]	False		MrbeastyCakes			[]				text	t2_12rcrjoo	False	False	You‚Äôre so smart wow	462d6d0f8c65591c7242170d65b5e0f8e078d700	True	False					0	1662908451		0	{}	inzu5bi	True	t3_xaukqq	False	True	t1_inzu0wa	/r/ethereum/comments/xaukqq/can_somebody_help_me_figure_out_what_just/inzu5bi/	1662908464	1	False	True	False	ethereum	t5_2zf9m	r/ethereum	public		0	[]													
65	[]	False		domotheus			[]				text	t2_i5ghusfv	False	True	"Hence why they say ""Estimated based on difficulty and hash rate"""	f4fad427ae5441b461587b4d73790f4be7d6c802	True	False					0	1662908445		0	{}	inzu4re	False	t3_xbc8ls	False	False	t1_inywdam	/r/ethereum/comments/xbc8ls/put_ethereum_merge_or_even_just_the_merge_into/inzu4re/	1662908465	1	False	True	False	ethereum	t5_2zf9m	r/ethereum	public		0	[]													
66	[]	False		RonPaulWasR1ght			[]				text	t2_dfy14gvq	False	False	"You said your ETH disappeared.  I was commenting that it simply returned to it's intrinsic value (zero), faster than the rest of the ETH (which will follow one day).  

Jesus.  I have to explain shit like this.  Wow."	a1bf7d7ef761c3f0f3ac74ad4be80152b91f072a	True	False					0	1662908405		0	{}	inzu0wa	False	t3_xaukqq	False	True	t1_inztngf	/r/ethereum/comments/xaukqq/can_somebody_help_me_figure_out_what_just/inzu0wa/	1662908423	1	False	True	False	ethereum	t5_2zf9m	r/ethereum	public		0	[]													
67	[]	False		[deleted]						dark					[removed]	fe993932d6dced4c0a879e9aa5d7a6e0fbb467f5	True	False					0	1662908282		0	{}	inztpg1	False	t3_xbh0js	False	True	t3_xbh0js	/r/ethereum/comments/xbh0js/how_does_anybody_see_the_merge_as_anything_but_a/inztpg1/	1662908295	1	False	True	False	ethereum	t5_2zf9m	r/ethereum	public		0	[]													
68	[]	False		ethereum-ModTeam			[]				text	t2_rnvfm79r	False	False	Please keep price discussion, market talk, memes, and exchanges to subreddits such as r/ethfinance or  r/ethtrader	dec5e4ab1294f88e7ae40e2121741e45371c7c24	True	False					0	1662908280	moderator	0	{}	inztp9e	False	t3_xbf5vu	True	True	t3_xbf5vu	/r/ethereum/comments/xbf5vu/will_eth_break_away_from_btc_post_merge/inztp9e/	1662908296	1	True	True	True	ethereum	t5_2zf9m	r/ethereum	public		0	[]													
69	[]	False		ethereum-ModTeam			[]				text	t2_rnvfm79r	False	False	Please keep price discussion, market talk, memes, and exchanges to subreddits such as r/ethfinance or  r/ethtrader	dec5e4ab1294f88e7ae40e2121741e45371c7c24	True	False					0	1662908272	moderator	0	{}	inztoku	False	t3_xbh0js	True	True	t3_xbh0js	/r/ethereum/comments/xbh0js/how_does_anybody_see_the_merge_as_anything_but_a/inztoku/	1662908288	1	True	True	True	ethereum	t5_2zf9m	r/ethereum	public		0	[]													
70	[]	False		ethereum-ModTeam			[]				text	t2_rnvfm79r	False	False	Please keep price discussion, market talk, memes, and exchanges to subreddits such as r/ethfinance or  r/ethtrader	dec5e4ab1294f88e7ae40e2121741e45371c7c24	True	False					0	1662908266	moderator	0	{}	inzto1f	False	t3_xbkeww	True	True	t3_xbkeww	/r/ethereum/comments/xbkeww/eth_will_dump_post_merge_and_for_a_far_simpler/inzto1f/	1662908279	1	True	True	True	ethereum	t5_2zf9m	r/ethereum	public		0	[]													
71	[]	False		MrbeastyCakes			[]				text	t2_12rcrjoo	False	False	What does that even mean	16d846f81608eaff5ba00f2015e9ce2e62de1119	True	False					0	1662908260		0	{}	inztngf	True	t3_xaukqq	False	True	t1_inzqbwk	/r/ethereum/comments/xaukqq/can_somebody_help_me_figure_out_what_just/inztngf/	1662908271	1	False	True	False	ethereum	t5_2zf9m	r/ethereum	public		0	[]													
72	[]	False		Nonocoiner			[]				text	t2_lzfny8h5	False	False	"Possibly.

Lots of miners claim they currently sell all their ETH mining rewards to buy more BTC.

If that's true, removing this sell pressure from ETH, and at the same time the buy pressure from BTC, correlation between the two will decrease, and the ratio shift might be significant."	2d7017b968a63fffe46b8836d20120b96c8fc656	True	False					0	1662908236		0	{}	inztlak	False	t3_xbf5vu	False	True	t3_xbf5vu	/r/ethereum/comments/xbf5vu/will_eth_break_away_from_btc_post_merge/inztlak/	1662908256	1	False	True	False	ethereum	t5_2zf9m	r/ethereum	public		0	[]													
73	[]	False		trent_vanepps			[]		trent.eth	dark	text	t2_2p4m0wch	False	False	"no.  


he's still a valuable contributor but compared to 5 years ago it's completely different. there is a very strong research team that he and others have built, plus all of the 9+ client teams that make decisions together.   


look at this list of [core contributors](https://protocol-guild.readthedocs.io/en/latest/9-membership.html) in Protocol Guild to get a sense of the scope"	4aa2c73200e45cd205c7826d0f0b52eb66f73b05	True	False					0	1662908166		0	{}	inztedp	False	t3_xb6j2c	False	True	t3_xb6j2c	/r/ethereum/comments/xb6j2c/can_vitalik_buterin_singlehandedly_kill_eth/inztedp/	1662908182	1	False	True	False	ethereum	t5_2zf9m	r/ethereum	public		0	[]													
74	[]	False		prophet76			[]				text	t2_8zql3	False	False	"Sooo many coins with usage forsure !!!  üëç

Lol"	1bb379d2278dffb360f86ca5856e8007fe8a3d9c	True	False					0	1662907670		0	{}	inzs48c	False	t3_xbkeww	False	True	t3_xbkeww	/r/ethereum/comments/xbkeww/eth_will_dump_post_merge_and_for_a_far_simpler/inzs48c/	1662907688	1	False	True	False	ethereum	t5_2zf9m	r/ethereum	public		0	[]													
75	[]	False		Svarogs			[]				text	t2_2je604bi	False	False	I think right after the merge there will be a major sell off, and the price will drop completely departing from the Bitcoin trend but after that once the dust settles it will probably remain connected to the Bitcoin trends	e344de8029e10a72aa25f8b0c7deeb7d71280101	True	False					0	1662907607		0	{}	inzrybn	False	t3_xbf5vu	False	False	t3_xbf5vu	/r/ethereum/comments/xbf5vu/will_eth_break_away_from_btc_post_merge/inzrybn/	1662907626	1	False	True	False	ethereum	t5_2zf9m	r/ethereum	public		0	[]													
76	[]	False		Silverdodger			[]				text	t2_2ck4se4j	False	False	Nono	bc2c0a94fcb4b97b7ac66f3193f22f02f8efb162	True	False					0	1662907364		0	{}	inzrbnc	False	t3_xbf5vu	False	True	t1_inyykfn	/r/ethereum/comments/xbf5vu/will_eth_break_away_from_btc_post_merge/inzrbnc/	1662907381	1	False	True	False	ethereum	t5_2zf9m	r/ethereum	public		0	[]													
77	[]	False		lorenzomofo			[]				text	t2_4bkyt2hd	False	False	So you're saying there is a chance...?	a835f22b8d821c80f4caf8f2b49660b81c018183	True	False					0	1662907330		0	{}	inzr8gj	False	t3_xbin43	False	True	t1_inzj7rp	/r/ethereum/comments/xbin43/good_news_for_nft_fans_binance_gives_away_10/inzr8gj/	1662907349	1	False	True	False	ethereum	t5_2zf9m	r/ethereum	public		0	[]													
78	[]	False		lorenzomofo			[]				text	t2_4bkyt2hd	False	False	"He can pretend to ""leak"" an email where he tells a friend that he owns the private keys to the burn address (0x000.....dead) and plans to sell all the coins and retire soon."	bceb30c97184591653655fdc60fa409355d9ebbf	True	False					0	1662907285		0	{}	inzr48d	False	t3_xb6j2c	False	False	t3_xb6j2c	/r/ethereum/comments/xb6j2c/can_vitalik_buterin_singlehandedly_kill_eth/inzr48d/	1662907302	1	False	True	False	ethereum	t5_2zf9m	r/ethereum	public		0	[]													
79	[]	False		BeheadedFish123			[]				text	t2_k54dtba	False	False	Nice jacket twiz	67be9025249e962db6452bf5cb4e37f8bedc5fef	True	False					0	1662907253		0	{}	inzr17n	False	t3_xbc8ls	False	True	t1_inzisx1	/r/ethereum/comments/xbc8ls/put_ethereum_merge_or_even_just_the_merge_into/inzr17n/	1662907270	1	False	True	False	ethereum	t5_2zf9m	r/ethereum	public		0	[]													
80	[]	False		nevertoofarfromhome			[]				text	t2_90n5736f	False	False	The real answers. Honestly dude. It's most of us at this present moment in time.	f79ff3034bb0fc8e9230c3b29082c3999fb4a786	True	False					0	1662907189		0	{}	inzqvai	False	t3_xbf5vu	False	True	t1_inzdtop	/r/ethereum/comments/xbf5vu/will_eth_break_away_from_btc_post_merge/inzqvai/	1662907206	1	False	True	False	ethereum	t5_2zf9m	r/ethereum	public		0	[]													
81	[]	False		adosti			[]				text	t2_h5wbptn	False	False	Is Bitcoin halving a sell the news event? This is the equivalent of 3 halvings happening overnight.	e4c4cc2dc2de119a1ff0a68c48e1ae2ea353463d	True	False					0	1662907181		0	{}	inzquk2	False	t3_xbh0js	False	True	t3_xbh0js	/r/ethereum/comments/xbh0js/how_does_anybody_see_the_merge_as_anything_but_a/inzquk2/	1662907197	1	False	True	False	ethereum	t5_2zf9m	r/ethereum	public		0	[]													
82	[]	False		RonPaulWasR1ght			[]				text	t2_dfy14gvq	False	False	Sounds like it returned to ETH's intrinsic value faster than the rest.	e1bdfaa21a5e96b8403913fce8dbc9294c6e0c04	True	False					0	1662906983		0	{}	inzqbwk	False	t3_xaukqq	False	True	t3_xaukqq	/r/ethereum/comments/xaukqq/can_somebody_help_me_figure_out_what_just/inzqbwk/	1662907002	1	False	True	False	ethereum	t5_2zf9m	r/ethereum	public		0	[]													
83	[]	False		domotheus			[]				text	t2_i5ghusfv	False	True	"every time it's been ""changed"" it resulted in a lower inflation rate than before. The underlying goal of ""minimum viable issuance"" has never changed."	f4b22ec9acd7b16979a61a5ea07874855d35c153	True	False					0	1662906882		0	{}	inzq29f	False	t3_xbh0js	False	True	t1_inzcea8	/r/ethereum/comments/xbh0js/how_does_anybody_see_the_merge_as_anything_but_a/inzq29f/	1662906898	1	False	True	False	ethereum	t5_2zf9m	r/ethereum	public		0	[]													
84	[]	False		RonPaulWasR1ght			[]				text	t2_dfy14gvq	False	False	Wow.  You never learned the not-your-keys-not-your-coin lesson, did you?	e19aa4492c3b5741dc815020cfcbb1191351d07a	True	False					0	1662906483		0	{}	inzp2fm	False	t3_xbf5vu	False	True	t1_inzdtop	/r/ethereum/comments/xbf5vu/will_eth_break_away_from_btc_post_merge/inzp2fm/	1662906498	1	False	True	False	ethereum	t5_2zf9m	r/ethereum	public		0	[]													
85	[]	False		towjamb			[]				text	t2_385re	False	False	Blockchains are a secure and proven method to transact upon the internet without having to trust individuals. Whether people choose to leverage them in web3 development is an open question.	d87ef31f47935995e22d6356ad64f5bf861f4150	True	False					0	1662905921		0	{}	inznk0p	False	t3_xautoi	False	False	t3_xautoi	/r/ethereum/comments/xautoi/from_geocities_to_blockchain_is_cryptocurrency/inznk0p/	1662905939	1	False	True	False	ethereum	t5_2zf9m	r/ethereum	public		0	[]													
86	[]	False		Consistent-Onion-596			[]				text	t2_a0v0y06d	False	False	  You are the oposite of the Trust Bro Gang ü§£	d2bb7419e8de62c1f55e1c1409589fb1b9701ec6	True	False					0	1662905839		0	{}	inznc4x	False	t3_xbf5vu	False	True	t1_inzdtop	/r/ethereum/comments/xbf5vu/will_eth_break_away_from_btc_post_merge/inznc4x/	1662905852	1	False	True	False	ethereum	t5_2zf9m	r/ethereum	public		0	[]													
87	[]	False		PitcherOTerrigen			[]				text	t2_8mvxv	False	False	Brb gotta rename something 'ethereum lifestaff'	8c1a1eb4e9144cb9498fe0722c9b03d3ede4367d	True	False					0	1662905424		0	{}	inzma4k	False	t3_xbc4b8	False	True	t3_xbc4b8	/r/ethereum/comments/xbc4b8/real_ethereum_name_orgin_this_stuffs_from_2008/inzma4k/	1662905437	1	False	True	False	ethereum	t5_2zf9m	r/ethereum	public		0	[]													
88	[]	False		Glum-Bookkeeper1836			[]				text	t2_9vj8oiph	False	True	Open source gets owned all the same, but I'm all for open source still	b8405eaffb304bcfeb18b9fdb37456071262989e	True	False					0	1662905422		0	{}	inzm9xq	False	t3_xav4ba	False	True	t1_invsup7	/r/ethereum/comments/xav4ba/exactly_what_properties_of_ethereum_or/inzm9xq/	1662905438	1	False	True	False	ethereum	t5_2zf9m	r/ethereum	public		0	[]													
89	[]	False		barleythecat			[]				text	t2_lulsi	False	False	Links?	5f2ae24d57e4d390a68d8225ce1f15c95452e8c0	True	False					0	1662905398		0	{}	inzm7yf	False	t3_xbh0js	False	True	t1_inzf9ox	/r/ethereum/comments/xbh0js/how_does_anybody_see_the_merge_as_anything_but_a/inzm7yf/	1662905410	1	False	True	False	ethereum	t5_2zf9m	r/ethereum	public		0	[]													
90	[]	False		Glum-Bookkeeper1836			[]				text	t2_9vj8oiph	False	True	Are you using ipc as inter process communication?	8fd2e552e20e9ff99400da96792206da1d518dd4	True	False					0	1662905348		0	{}	inzm3o5	False	t3_xav4ba	False	True	t1_invtlha	/r/ethereum/comments/xav4ba/exactly_what_properties_of_ethereum_or/inzm3o5/	1662905364	1	False	True	False	ethereum	t5_2zf9m	r/ethereum	public		0	[]													
91	[]	False		PertinentLifeline			[]				text	t2_dyw9ye5s	False	False	Isn‚Äôt the merger looking to solve the energy consumption	49ae67fc28e5dc7cab1b60e34f17ac1bc9b06549	True	False					0	1662905326		0	{}	inzm1sy	False	t3_xbh0js	False	False	t3_xbh0js	/r/ethereum/comments/xbh0js/how_does_anybody_see_the_merge_as_anything_but_a/inzm1sy/	1662905341	1	False	True	False	ethereum	t5_2zf9m	r/ethereum	public		0	[]													
92	[]	False		sidmehra1992			[]				text	t2_3w4ttdin	False	False	no-yes	2f117cb1ef648e4659d9a8bc06f19ffd46fd1fd0	True	False					0	1662904993		0	{}	inzl8cn	False	t3_xbf5vu	False	True	t3_xbf5vu	/r/ethereum/comments/xbf5vu/will_eth_break_away_from_btc_post_merge/inzl8cn/	1662905012	1	False	True	False	ethereum	t5_2zf9m	r/ethereum	public		0	[]													
93	[]	False		WTFsince89			[]				text	t2_63e5p09z	False	False	So ETH merge is a POS propaganda now ? Are you on crack or something...?	6243eda3446cd4bd00b73ed28f9990739072c1a3	True	False					0	1662904975		0	{}	inzl6or	False	t3_xbh0js	False	True	t3_xbh0js	/r/ethereum/comments/xbh0js/how_does_anybody_see_the_merge_as_anything_but_a/inzl6or/	1662904987	1	False	True	False	ethereum	t5_2zf9m	r/ethereum	public		0	[]													
94	[]	False		tapasfr			[]				text	t2_bck83k5	False	False	How so?	d678e15e615344f3f6e035d09516a7a5a0e1f9f3	True	False					0	1662904868		0	{}	inzkxnb	False	t3_xbh0js	False	True	t1_inzc97b	/r/ethereum/comments/xbh0js/how_does_anybody_see_the_merge_as_anything_but_a/inzkxnb/	1662904885	1	False	True	False	ethereum	t5_2zf9m	r/ethereum	public		0	[]													
95	[]	False		CtpBlack			[]				text	t2_10dy1h	False	False	I get links for vampire diaries lol	3dbd78264c04767d50b5462d465e10425b164219	True	False					0	1662904692		0	{}	inzki2a	False	t3_xbc8ls	False	True	t3_xbc8ls	/r/ethereum/comments/xbc8ls/put_ethereum_merge_or_even_just_the_merge_into/inzki2a/	1662904706	1	False	True	False	ethereum	t5_2zf9m	r/ethereum	public		0	[]													
96	[]	False		IamAFlaw			[]				text	t2_hjpus	False	False	Like I said. You are uninformed and a troll. Go educate yourself instead of arguing like a fool.	4db15afd8e504797390976c5c9b034debd1e7eac	True	False					0	1662904563		0	{}	inzk690	False	t3_xbh0js	False	True	t1_inzk0l9	/r/ethereum/comments/xbh0js/how_does_anybody_see_the_merge_as_anything_but_a/inzk690/	1662904580	1	False	True	False	ethereum	t5_2zf9m	r/ethereum	public		0	[]													
97	[]	False		maxihodls			[]				text	t2_q0m1fdmn	False	True	"&gt;countries have to ban mining to cope

üòÇüòÇüòÇüòÇüòÇ"	ad55020b53062a0a805788f51994aa74a40066b9	True	False					0	1662904500		0	{}	inzk0l9	True	t3_xbh0js	False	False	t1_inzi9mg	/r/ethereum/comments/xbh0js/how_does_anybody_see_the_merge_as_anything_but_a/inzk0l9/	1662904518	1	False	True	False	ethereum	t5_2zf9m	r/ethereum	public		0	[]													
98	[]	False		[deleted]						dark					[removed]	fe993932d6dced4c0a879e9aa5d7a6e0fbb467f5	True	False					0	1662904462		0	{}	inzjx9o	False	t3_xbh0js	False	True	t3_xbh0js	/r/ethereum/comments/xbh0js/how_does_anybody_see_the_merge_as_anything_but_a/inzjx9o/	1662904478	1	False	True	False	ethereum	t5_2zf9m	r/ethereum	public		0	[]													
99	[]	False		philippo1130			[]				text	t2_5w0dg	False	False	Can confirm, does not work. Use Ethereum merge on lmgtfy not the merge	f6d85dcc27c0c061f8cce5ed8b7d42198c0c764d	True	False					0	1662904421		0	{}	inzjtng	False	t3_xbc8ls	False	True	t1_inyvp6e	/r/ethereum/comments/xbc8ls/put_ethereum_merge_or_even_just_the_merge_into/inzjtng/	1662904438	1	False	True	False	ethereum	t5_2zf9m	r/ethereum	public		0	[]													
100	[]	False		aa5k			[]				text	t2_21dqtzfe	False	True	This is a scam 10000%. If you do this and get hustled you don‚Äôt belong in crypto.	09bc4b088242f4f49912d5657ef14e477705cc1a	True	False					0	1662904152		0	{}	inzj7rp	False	t3_xbin43	False	True	t3_xbin43	/r/ethereum/comments/xbin43/good_news_for_nft_fans_binance_gives_away_10/inzj7rp/	1662904168	1	False	True	False	ethereum	t5_2zf9m	r/ethereum	public		0	[]													
101	[]	False		[deleted]						dark					[removed]	fe993932d6dced4c0a879e9aa5d7a6e0fbb467f5	True	False					0	1662903977		0	{}	inzit1j	False	t3_xbivi7	False	True	t1_inzifql	/r/ethereum/comments/xbivi7/will_staked_eth2_on_coinbase_be_released_this_week/inzit1j/	1662903990	1	False	True	False	ethereum	t5_2zf9m	r/ethereum	public		0	[]													
102	[]	False		joemari5			[]				text	t2_viht2	False	False	im in the UK and can confirm it works here	0c561845559da605f60be2abbd9779f7198c302d	True	False					0	1662903975		0	{}	inzisx1	False	t3_xbc8ls	False	True	t1_inzb05t	/r/ethereum/comments/xbc8ls/put_ethereum_merge_or_even_just_the_merge_into/inzisx1/	1662903990	1	False	True	False	ethereum	t5_2zf9m	r/ethereum	public		0	[]													
103	[]	False		[deleted]						dark					[removed]	fe993932d6dced4c0a879e9aa5d7a6e0fbb467f5	True	False					0	1662903931		0	{}	inzip2g	False	t3_xbin43	False	True	t1_inzil4v	/r/ethereum/comments/xbin43/good_news_for_nft_fans_binance_gives_away_10/inzip2g/	1662903942	1	False	True	False	ethereum	t5_2zf9m	r/ethereum	public		0	[]													
104	[]	False		Dml33			[]				text	t2_ns2b5p3	False	False	Never mind i see it thanks	87d19cf4c1a54b6b56181987257989bd2a442133	True	False					0	1662903917		0	{}	inzinqp	False	t3_xbivi7	False	True	t1_inzicdm	/r/ethereum/comments/xbivi7/will_staked_eth2_on_coinbase_be_released_this_week/inzinqp/	1662903935	1	False	True	False	ethereum	t5_2zf9m	r/ethereum	public		0	[]													
105	[]	False		SirMick			[]				text	t2_qgmum	False	False	Scam. Website owner is masked and no bottom copyright. You will loose your money. It is spammed on other subs too.	ce2c147c8f2c98508cd5488f600ab88a3dcb7963	True	False					0	1662903887		0	{}	inzil4v	False	t3_xbin43	False	True	t3_xbin43	/r/ethereum/comments/xbin43/good_news_for_nft_fans_binance_gives_away_10/inzil4v/	1662903905	1	False	True	False	ethereum	t5_2zf9m	r/ethereum	public		0	[]													
106	[]	False		Dml33			[]				text	t2_ns2b5p3	False	False	I still don't see mine on coinbase	7ad595de1f7cf6441f73c0964d47d297500b8970	True	False					0	1662903824		0	{}	inzifql	True	t3_xbivi7	False	False	t1_inzicdm	/r/ethereum/comments/xbivi7/will_staked_eth2_on_coinbase_be_released_this_week/inzifql/	1662903835	1	False	True	False	ethereum	t5_2zf9m	r/ethereum	public		0	[]													
107	[]	False		Internal-454			[]				text	t2_67qk0x9z	False	False	Its been released	a113f75331101f33a3b544ce48c3db33892d9cd8	True	False					0	1662903783		0	{}	inzicdm	False	t3_xbivi7	False	True	t3_xbivi7	/r/ethereum/comments/xbivi7/will_staked_eth2_on_coinbase_be_released_this_week/inzicdm/	1662903798	1	False	True	False	ethereum	t5_2zf9m	r/ethereum	public		0	[]													
108	[]	False		IamAFlaw			[]				text	t2_hjpus	False	False	"It  is  like you have no  clue  there  is  an energy shortage and  blackouts  happening    all  over  the world.  lol.   Countries  have to  ban mining   to cope, and  still  have blackouts.

Seriously,  go  read  a  book.   You're not informed  at  all  about  much.  lol."	cad9b838687fa5af636fe8eedc8c42686126186f	True	False					0	1662903748		0	{}	inzi9mg	False	t3_xbh0js	False	True	t1_inzhlxu	/r/ethereum/comments/xbh0js/how_does_anybody_see_the_merge_as_anything_but_a/inzi9mg/	1662903760	1	False	True	False	ethereum	t5_2zf9m	r/ethereum	public		0	[]													
109	[]	False		Darius510			[]				text	t2_8snn3	False	False	Reality will do a fine job of backing it up, in due time.	eee90ae7fd53400840cbd5879ec00a3b4958d834	True	False					0	1662903664		0	{}	inzi2qm	False	t3_x9xgri	False	True	t1_inyko6l	/r/ethereum/comments/x9xgri/congress_might_consider_legislation_to_limit_or/inzi2qm/	1662903683	1	False	True	False	ethereum	t5_2zf9m	r/ethereum	public		0	[]													
110	[]	False		Worldofcomics1			[]				text	t2_ai6hs5mt	False	False	Hell yeah	cc219e7e69119ab6d58eb5a8293318ad4bc9404b	True	False					0	1662903623		0	{}	inzhzej	False	t3_xb4int	False	True	t1_inz9ugb	/r/ethereum/comments/xb4int/white_houses_stance_on_crypto_mining/inzhzej/	1662903637	1	False	True	False	ethereum	t5_2zf9m	r/ethereum	public		0	[]													
111	[]	False		[deleted]						dark					[removed]	fe993932d6dced4c0a879e9aa5d7a6e0fbb467f5	True	False					0	1662903572		0	{}	inzhve6	False	t3_xbin43	False	True	t3_xbin43	/r/ethereum/comments/xbin43/good_news_for_nft_fans_binance_gives_away_10/inzhve6/	1662903583	1	False	True	False	ethereum	t5_2zf9m	r/ethereum	public		0	[]													
112	[]	False		WeaselJCD			[]				text	t2_djo3r	False	False	this seems like a scam...	5be5c66e06a3663dac7b907154b426811a4ed352	True	False					0	1662903561		0	{}	inzhuii	False	t3_xbin43	False	True	t3_xbin43	/r/ethereum/comments/xbin43/good_news_for_nft_fans_binance_gives_away_10/inzhuii/	1662903576	1	False	True	False	ethereum	t5_2zf9m	r/ethereum	public		0	[]													
113	[]	False		[deleted]						dark					[removed]	fe993932d6dced4c0a879e9aa5d7a6e0fbb467f5	True	False					0	1662903483		0	{}	inzhnr5	False	t3_xbin43	False	True	t3_xbin43	/r/ethereum/comments/xbin43/good_news_for_nft_fans_binance_gives_away_10/inzhnr5/	1662903500	1	False	True	False	ethereum	t5_2zf9m	r/ethereum	public		0	[]													
114	[]	False		maxihodls			[]				text	t2_q0m1fdmn	False	True	Jesus Christ environment fear mongers are delusional. If you have a shit about the environment you‚Äôd be on /r/nuclear not here	9a438f46c30d894d7115d40e4b08e88729863fe2	True	False					0	1662903460		0	{}	inzhlxu	True	t3_xbh0js	False	True	t1_inzh5ha	/r/ethereum/comments/xbh0js/how_does_anybody_see_the_merge_as_anything_but_a/inzhlxu/	1662903477	1	False	True	False	ethereum	t5_2zf9m	r/ethereum	public		0	[]													
115	[]	False		TheRealFloomby			[]				text	t2_4odn8s8	False	False	Yes, issuance goes down and there won't be miners with constant sell pressure anymore.	dc409e372a1db12e7a85275e3eae76d0d5350da8	True	False					0	1662903404		0	{}	inzhhit	False	t3_xbh0js	False	True	t1_inzbkun	/r/ethereum/comments/xbh0js/how_does_anybody_see_the_merge_as_anything_but_a/inzhhit/	1662903422	1	False	True	False	ethereum	t5_2zf9m	r/ethereum	public		0	[]													
116	[]	False		Bigsuge88			[]				text	t2_11mxfc	False	False	Post pics of your short position or stfu.	871f94a3477a37923e5c9dd80278ac9b09f8131d	True	False					0	1662903401		0	{}	inzhh9r	False	t3_xbh0js	False	True	t3_xbh0js	/r/ethereum/comments/xbh0js/how_does_anybody_see_the_merge_as_anything_but_a/inzhh9r/	1662903414	1	False	True	False	ethereum	t5_2zf9m	r/ethereum	public		0	[]													
117	[]	False		Darius510			[]				text	t2_8snn3	False	False	You are literally just repeating what I said.	4f6c2bfce2bc52bf590e20bda52b9ef6ea884357	True	False					0	1662903338		0	{}	inzhchf	False	t3_xb4w4l	False	True	t1_inyc8xn	/r/ethereum/comments/xb4w4l/this_completely_missed_something_forget_triple/inzhchf/	1662903353	1	False	True	False	ethereum	t5_2zf9m	r/ethereum	public		0	[]													
118	[]	False		Rikyriky			[]				text	t2_1g6rw47z	False	False	"There is a good news instead : the issuance of eth will be reduced a lot! :)

In my view the merge will not be a sell the news event because it is uncertain now if it will go smooth or now. The price should reflect this.

Once there will be the certain that the merge is completed and working a lot people will be much confident in using and buy ethereum.
Just immagine how many institutions are now scared to buy eth before the merge and are waiting.
This is my view."	7c9f24cf66f17354a7e812c87f83b61de365b832	True	False					0	1662903330		0	{}	inzhbs9	False	t3_xbh0js	False	True	t3_xbh0js	/r/ethereum/comments/xbh0js/how_does_anybody_see_the_merge_as_anything_but_a/inzhbs9/	1662903345	1	False	True	False	ethereum	t5_2zf9m	r/ethereum	public		0	[]													
119	[]	False		IamAFlaw			[]				text	t2_hjpus	False	False	"You are just delusional lol.

Europe would love to have that ""neglegable"" energy.

You are truely clueless lol 

You must be like 12..."	3b3dd45f05c762b613648ce2becc0cb8fdb28568	True	False					0	1662903252		0	{}	inzh5ha	False	t3_xbh0js	False	True	t1_inzgyyc	/r/ethereum/comments/xbh0js/how_does_anybody_see_the_merge_as_anything_but_a/inzh5ha/	1662903269	1	False	True	False	ethereum	t5_2zf9m	r/ethereum	public		0	[]													
120	[]	False		Bigsuge88			[]				text	t2_11mxfc	False	False	We get it dude, you have alt L1 bags.  It's fine, so do the rest of us.	d35fb03876c4a0763f84c1e5fd4fad59b71675a3	True	False					0	1662903182		0	{}	inzgzjv	False	t3_xbh0js	False	False	t1_inzaz5v	/r/ethereum/comments/xbh0js/how_does_anybody_see_the_merge_as_anything_but_a/inzgzjv/	1662903199	1	False	True	False	ethereum	t5_2zf9m	r/ethereum	public		0	[]													
121	[]	False		maxihodls			[]				text	t2_q0m1fdmn	False	True	And the amount of power used by the Netherlands is negligible. There‚Äôs a reason you chose an insignificant country and not China.	501f13f5e5f2ee36e21a9fead3dfdfd63e57639e	True	False					0	1662903174		0	{}	inzgyyc	True	t3_xbh0js	False	True	t1_inzfzg8	/r/ethereum/comments/xbh0js/how_does_anybody_see_the_merge_as_anything_but_a/inzgyyc/	1662903192	1	False	True	False	ethereum	t5_2zf9m	r/ethereum	public		0	[]													
122	[]	False		Silverdodger			[]				text	t2_2ck4se4j	False	False	"Ok OP. Don‚Äôt buy it then- why are you here if it‚Äôs so irrelevant?

Eth is transparent in so far as Btc devs are gone/invisible. To pull this off signifies a solid team and vision. 

Eth will flip btc and will be 10k sooner than we think.

Why? Because it‚Äôs staked and the merge makes it deflationary ‚Ä¶"	ab3511c6f1a8915dd7ad09d5148bb8ac3391fe7b	True	False					0	1662902903		0	{}	inzgci4	False	t3_xbh0js	False	True	t1_inz9jbv	/r/ethereum/comments/xbh0js/how_does_anybody_see_the_merge_as_anything_but_a/inzgci4/	1662902917	1	False	True	False	ethereum	t5_2zf9m	r/ethereum	public		0	[]													
123	[]	False		IamAFlaw			[]				text	t2_hjpus	False	False	"Yes when you are delusional. Lol. Eth mining alone uses as much power as the whole of Netherlands.

That's a fraction of what Bitcoin uses. There are many other PoW chains wasting power.

Ban PoW. Go Eth! And you go read a book and educate yourself because it looks like you are full of crap or just here to troll."	3aee6e55d5a89c86e25e315de8f233ef8268cacb	True	False					0	1662902743		0	{}	inzfzg8	False	t3_xbh0js	False	True	t1_inzfb1m	/r/ethereum/comments/xbh0js/how_does_anybody_see_the_merge_as_anything_but_a/inzfzg8/	1662902761	1	False	True	False	ethereum	t5_2zf9m	r/ethereum	public		0	[]													
124	[]	False		Silverdodger			[]				text	t2_2ck4se4j	False	False	The propaganda is it‚Äôll be 99.9% more efficient	594c04315cda80f3418d7e2a586c30b94c1b316d	True	False					0	1662902722		0	{}	inzfxri	False	t3_xbh0js	False	True	t3_xbh0js	/r/ethereum/comments/xbh0js/how_does_anybody_see_the_merge_as_anything_but_a/inzfxri/	1662902738	1	False	True	False	ethereum	t5_2zf9m	r/ethereum	public		0	[]													
125	[]	False		maxihodls			[]				text	t2_q0m1fdmn	False	True	Rebutting the terrible ETH apologism isn‚Äôt shitposting	1b672bfc9e7b98d80ed547f64a5ba4caae4cb033	True	False					0	1662902475		0	{}	inzfdjb	True	t3_xbh0js	False	True	t1_inzcalf	/r/ethereum/comments/xbh0js/how_does_anybody_see_the_merge_as_anything_but_a/inzfdjb/	1662902493	1	False	True	False	ethereum	t5_2zf9m	r/ethereum	public		0	[]													
126	[]	False		maxihodls			[]				text	t2_q0m1fdmn	False	True	Completely false	7bf36606c2f947a7301a7dbf8230b2e5418c3e3e	True	False					0	1662902444		0	{}	inzfb1m	True	t3_xbh0js	False	True	t1_inzclle	/r/ethereum/comments/xbh0js/how_does_anybody_see_the_merge_as_anything_but_a/inzfb1m/	1662902461	1	False	True	False	ethereum	t5_2zf9m	r/ethereum	public		0	[]													
127	[]	False		maxihodls			[]				text	t2_q0m1fdmn	False	True	All already addressed and rebutted	c9629bcac4d27bd9592d763745e69d6cca929720	True	False					0	1662902428		0	{}	inzf9ox	True	t3_xbh0js	False	True	t1_inze16p	/r/ethereum/comments/xbh0js/how_does_anybody_see_the_merge_as_anything_but_a/inzf9ox/	1662902446	1	False	True	False	ethereum	t5_2zf9m	r/ethereum	public		0	[]													
128	[]	False		[deleted]						dark					[removed]	fe993932d6dced4c0a879e9aa5d7a6e0fbb467f5	True	False					0	1662902199		0	{}	inzes5a	False	t3_xbhsqo	False	True	t3_xbhsqo	/r/ethereum/comments/xbhsqo/starbase_coin/inzes5a/	1662902212	1	False	True	False	ethereum	t5_2zf9m	r/ethereum	public		0	[]													
129	[]	False		barleythecat			[]				text	t2_lulsi	False	False	From a technical perspective nothing like this has ever happened before - a live transition from PoW to PoS on a blockchain securing billions of dollars. There is nothing to compare it to, it is historic. If you‚Äôre only focused on price you‚Äôre missing the bigger picture. And how exactly does this make it more prone to centralization?	91b5236497e02f0232ab2098956c1ab476bb7d83	True	False					0	1662902016		0	{}	inzef6w	False	t3_xbh0js	False	True	t1_inzc3ld	/r/ethereum/comments/xbh0js/how_does_anybody_see_the_merge_as_anything_but_a/inzef6w/	1662902032	1	False	True	False	ethereum	t5_2zf9m	r/ethereum	public		0	[]													
130	[]	False		Glum-Bookkeeper1836			[]				text	t2_9vj8oiph	False	True	"Huh didn't know that

Why is there an Ethereum classic then?"	a1e0f54ad93cdae914fe493b84aff9e22a1cdbb0	True	False					0	1662902005		0	{}	inzeeff	False	t3_xb1w0w	False	True	t1_inyr16y	/r/ethereum/comments/xb1w0w/eth_20_tax_implications/inzeeff/	1662902016	1	False	True	False	ethereum	t5_2zf9m	r/ethereum	public		0	[]													
131	[]	False		mercredimedia			[]				text	t2_e4b2knpo	False	True	Another billionaire needs their existence to be validated	e91c83b22e53e4144c449032c04f019bf943a7e1	True	False					0	1662901965		0	{}	inzebk1	False	t3_xard52	False	True	t3_xard52	/r/ethereum/comments/xard52/what_do_u_think_about_vitaliks_upcoming_book/inzebk1/	1662901979	1	False	True	False	ethereum	t5_2zf9m	r/ethereum	public		0	[]													
132	[]	False		barleythecat			[]				text	t2_lulsi	False	False	The changing supply side dynamics, the massive energy use reduction, the increased yield from staking, and a general de-risking from a successful merge are all bullish catalysts.  The merge is a fundamental shift in ethereum. The global macro is a completely different thing that can and will impact everything regardless of the fundamentals. You can place your bets that fundamentals will over power the global macro or not and that is a reasoned choice that could be endlessly debated. There is no right answer there as simply no one knows what will happen tomorrow. But ignoring the technical prowess and marvel that this transition is by calling it a nothing burger shows a complete lack of understanding of the  technology and the scale of coordination and effort put forth and from multiple client teams.	262fd0fcb8e1437cfb762cacd5cff53dfa905315	True	False					0	1662901819		0	{}	inze16p	False	t3_xbh0js	False	True	t3_xbh0js	/r/ethereum/comments/xbh0js/how_does_anybody_see_the_merge_as_anything_but_a/inze16p/	1662901830	1	False	True	False	ethereum	t5_2zf9m	r/ethereum	public		0	[]													
133	[]	False		mercredimedia			[]				text	t2_e4b2knpo	False	True	That book was brutal, I don‚Äôt know how I finished it.	0914a00ca6e574ed6e074eedc04f69e8bebbb147	True	False					0	1662901815		0	{}	inze0vh	False	t3_xard52	False	True	t1_inxfd7c	/r/ethereum/comments/xard52/what_do_u_think_about_vitaliks_upcoming_book/inze0vh/	1662901830	1	False	True	False	ethereum	t5_2zf9m	r/ethereum	public		0	[]													
134	[]	False		Tonytonitone1111			[]				text	t2_9txw8zhn	False	False	That‚Äôs exactly the point I was trying to make. Thank you	ca7e1ab05b28f7b388e13d249800bdd25e6f1c9c	True	False					0	1662901755		0	{}	inzdwqf	False	t3_xalgqj	False	True	t1_inynwrm	/r/ethereum/comments/xalgqj/what_are_the_underlying_values_of_ethereum/inzdwqf/	1662901770	1	False	True	False	ethereum	t5_2zf9m	r/ethereum	public		0	[]													
135	[]	False		sonartxlw			[]				text	t2_57xmup7d	False	False	No, I think it will dump. But, I invested in LUNA, had five figures on Anchor Protocol when UST crashed, and was a religious Celsius user. So, I have absolutely no fucking clue what I‚Äôm doing or talking about.	99d645c5253e86df316edddc659ea1eaf91f3dd6	True	False					0	1662901712		0	{}	inzdtop	False	t3_xbf5vu	False	True	t3_xbf5vu	/r/ethereum/comments/xbf5vu/will_eth_break_away_from_btc_post_merge/inzdtop/	1662901725	1	False	True	False	ethereum	t5_2zf9m	r/ethereum	public		0	[]													
136	[]	False		[deleted]						dark					[removed]	fe993932d6dced4c0a879e9aa5d7a6e0fbb467f5	True	False					0	1662901322		0	{}	inzd1zy	False	t3_xautoi	False	True	t1_inzarrh	/r/ethereum/comments/xautoi/from_geocities_to_blockchain_is_cryptocurrency/inzd1zy/	1662901335	1	False	True	False	ethereum	t5_2zf9m	r/ethereum	public		0	[]													
137	[]	False		Successful_Breath_66			[]				text	t2_a3vqcer2	False	False	Hahaha I thought you were completely serious until I saw ‚Äúbuy XRP‚Äù	9d1a130c2fcb290291a1def9ef54a01ae1356fe0	True	False					0	1662901223		0	{}	inzcvd8	False	t3_xay1zd	False	True	t1_inyj4qo	/r/ethereum/comments/xay1zd/hello_world_im_a_dedicated_eth_hodler_and_i_need/inzcvd8/	1662901237	1	False	True	False	ethereum	t5_2zf9m	r/ethereum	public		0	[]													
138	[]	False		[deleted]						dark					[removed]	fe993932d6dced4c0a879e9aa5d7a6e0fbb467f5	True	False					0	1662901092		0	{}	inzcmn7	False	t3_xbhsqo	False	True	t3_xbhsqo	/r/ethereum/comments/xbhsqo/starbase_coin/inzcmn7/	1662901103	1	False	True	False	ethereum	t5_2zf9m	r/ethereum	public		0	[]													
139	[]	False		IamAFlaw			[]				text	t2_hjpus	False	False	You are delusional. Cryptos impact is extremely high during the world's energy shortage problems. People do care. AVAX is not Eth. It has nothing to do with Eth. Go buy AVAX if you think it's better. Lol	05a68a7b1e79120578a94ddd148c9a3491265559	True	False					0	1662901077		0	{}	inzclle	False	t3_xbh0js	False	False	t1_inz9x70	/r/ethereum/comments/xbh0js/how_does_anybody_see_the_merge_as_anything_but_a/inzclle/	1662901096	1	False	True	False	ethereum	t5_2zf9m	r/ethereum	public		0	[]													
140	[]	False		Advanced-Guard-4468			[]				text	t2_9u34lfm7	False	False	"The timing couldn't be better. We are very near the end of Bitcoins 4 year cycle. Sometime between now and Jan. After that point it will slowly rise pulling up with it ETH. So we are close to if not at the bottom of the cycle. This means that ETH hasn't fallen below the previous high of the last cycle. Which means (if history repeats itself) at the conclusion of the next cycle, Eth will be worth more that 5k. 

I like my chances that any price point now you can see a 3x gain on an investment."	cdd1f63d7d70b997d53fd9bfb509bba66b6a96ca	True	False					0	1662901069		0	{}	inzcl19	False	t3_xbh0js	False	True	t1_inzbym7	/r/ethereum/comments/xbh0js/how_does_anybody_see_the_merge_as_anything_but_a/inzcl19/	1662901080	1	False	True	False	ethereum	t5_2zf9m	r/ethereum	public		0	[]													
141	[]	False		Successful_Breath_66			[]				text	t2_a3vqcer2	False	False	It can‚Äôt be ultra sound money if the monetary policy changes every five minutes.	e6b035a13d00e370dee580f2de0c2a33a6c63b03	True	False					0	1662900969		0	{}	inzcea8	False	t3_xbh0js	False	True	t1_inz7nl6	/r/ethereum/comments/xbh0js/how_does_anybody_see_the_merge_as_anything_but_a/inzcea8/	1662900985	1	False	True	False	ethereum	t5_2zf9m	r/ethereum	public		0	[]													
142	[]	False		[deleted]						dark					[removed]	fe993932d6dced4c0a879e9aa5d7a6e0fbb467f5	True	False					0	1662900957		0	{}	inzcdgg	False	t3_xbhsqo	False	True	t3_xbhsqo	/r/ethereum/comments/xbhsqo/starbase_coin/inzcdgg/	1662900970	1	False	True	False	ethereum	t5_2zf9m	r/ethereum	public		0	[]													
143	[]	False		IamAFlaw			[]				text	t2_hjpus	False	False	You have to get out of your shit posting bubble.	bcb978c7157f5e843eedcdbc52bf698a7580c8ad	True	False					0	1662900915		0	{}	inzcalf	False	t3_xbh0js	False	True	t1_inzaz5v	/r/ethereum/comments/xbh0js/how_does_anybody_see_the_merge_as_anything_but_a/inzcalf/	1662900926	1	False	True	False	ethereum	t5_2zf9m	r/ethereum	public		0	[]													
144	[]	False		Successful_Breath_66			[]				text	t2_a3vqcer2	False	False	ETH‚Äôs energy usage has zero impact on the environment  lol	e0b64f775131b3dce9316f4512c75321785f7bf0	True	False					0	1662900894		0	{}	inzc97b	False	t3_xbh0js	False	True	t1_inz93br	/r/ethereum/comments/xbh0js/how_does_anybody_see_the_merge_as_anything_but_a/inzc97b/	1662900912	1	False	True	False	ethereum	t5_2zf9m	r/ethereum	public		0	[]													
145	[]	False		Successful_Breath_66			[]				text	t2_a3vqcer2	False	False	I don‚Äôt really understand all the hype.  People act like this is the biggest thing that‚Äôs ever happened, but all it does is make Eth more prone to centralization.	c224c0b86fe6f2132ab478d72a2b33b281a6230c	True	False					0	1662900811		0	{}	inzc3ld	False	t3_xbh0js	False	True	t1_inza74z	/r/ethereum/comments/xbh0js/how_does_anybody_see_the_merge_as_anything_but_a/inzc3ld/	1662900829	1	False	True	False	ethereum	t5_2zf9m	r/ethereum	public		0	[]													
146	[]	False		maxihodls			[]				text	t2_q0m1fdmn	False	True	I mean, yeah probably.	b85227009161f785b64e492f9aad54ac0d25a126	True	False					0	1662900740		0	{}	inzbym7	True	t3_xbh0js	False	False	t1_inzb6mb	/r/ethereum/comments/xbh0js/how_does_anybody_see_the_merge_as_anything_but_a/inzbym7/	1662900753	1	False	True	False	ethereum	t5_2zf9m	r/ethereum	public		0	[]													
147	[]	False		trizest			[]				text	t2_97e6dp6t	False	False	The main reason I think it will stay fairly strong is the different issuance. And also the incentive to hodl.	24fc727a56dd1d59e1b6cba828eddf410bc4723c	True	False					0	1662900548		0	{}	inzbkun	False	t3_xbh0js	False	True	t3_xbh0js	/r/ethereum/comments/xbh0js/how_does_anybody_see_the_merge_as_anything_but_a/inzbkun/	1662900564	1	False	True	False	ethereum	t5_2zf9m	r/ethereum	public		0	[]													
148	[]	False		Advanced-Guard-4468			[]				text	t2_9u34lfm7	False	False	Cool, a nice sale going on post merge. I guess it will be time to fill another bag.	2198c12dae69c49a933d6b7717f4b349eb026011	True	False					0	1662900345		0	{}	inzb6mb	False	t3_xbh0js	False	False	t1_inzavu4	/r/ethereum/comments/xbh0js/how_does_anybody_see_the_merge_as_anything_but_a/inzb6mb/	1662900362	1	False	True	False	ethereum	t5_2zf9m	r/ethereum	public		0	[]													
149	[]	False		Kromgar			[]				text	t2_6e7nk	False	False	And weirdly its usually the rich people that centralize it... strange	9b36b0094f9815947f43d9fc58708203b53a8513	True	False					0	1662900270		0	{}	inzb0y6	False	t3_xautoi	False	True	t1_inxudd0	/r/ethereum/comments/xautoi/from_geocities_to_blockchain_is_cryptocurrency/inzb0y6/	1662900288	1	False	True	False	ethereum	t5_2zf9m	r/ethereum	public		0	[]													
150	[]	False		BeheadedFish123			[]				text	t2_k54dtba	False	False	I dont see it, it's only in the US I think	e5399ada1ce0b0a55ae229be26e8d836f2808ba3	True	False					0	1662900259		0	{}	inzb05t	False	t3_xbc8ls	False	True	t3_xbc8ls	/r/ethereum/comments/xbc8ls/put_ethereum_merge_or_even_just_the_merge_into/inzb05t/	1662900272	1	False	True	False	ethereum	t5_2zf9m	r/ethereum	public		0	[]													
151	[]	False		maxihodls			[]				text	t2_q0m1fdmn	False	True	I know that, but most people do not.	17b7e86275ff793e9585d387620b416184ee543e	True	False					0	1662900245		0	{}	inzaz5v	True	t3_xbh0js	False	True	t1_inza74z	/r/ethereum/comments/xbh0js/how_does_anybody_see_the_merge_as_anything_but_a/inzaz5v/	1662900257	1	False	True	False	ethereum	t5_2zf9m	r/ethereum	public		0	[]													
152	[]	False		Kromgar			[]				text	t2_6e7nk	False	False	But i have this fragment of the blockchain with a png attached saying i own it now. Sure receipts existed before but we need this technology for uh... ownership reasons and totally not to make the internet a dystopian hellscape where people are farming cryptocurrencies in mmos 16 hours a day to pay for rent meanwhile the person who loaned them the coins takes 90% of the profit they generated.	cb2ceb154a9ce7fff48952dce6e754a1e9edd441	True	False					0	1662900220		0	{}	inzaxj3	False	t3_xautoi	False	True	t1_inyyezx	/r/ethereum/comments/xautoi/from_geocities_to_blockchain_is_cryptocurrency/inzaxj3/	1662900235	1	False	True	False	ethereum	t5_2zf9m	r/ethereum	public		0	[]													
153	[]	False		PhysicalJoe3011			[]				text	t2_b3zfwn9k	False	False	"If the price is Supply and Demand driven, than you have the following scenario:
L1 Demand is low, due to fees for example. L2 demand is high, with low fees and high scalability. However, L2 chains can also easily handle this demand and users do not compete for block space.
If now L2s start to compete for blocks on the L1 chain, the price of ETH will increase. 

Of course, nobody exactly knows. This is just one example favouring ETH, compared to others."	5cf0ce62423204099a375479c52cea4b6d62dfcf	True	False					0	1662900212		0	{}	inzawzr	False	t3_xbh0js	False	True	t1_inz96em	/r/ethereum/comments/xbh0js/how_does_anybody_see_the_merge_as_anything_but_a/inzawzr/	1662900228	1	False	True	False	ethereum	t5_2zf9m	r/ethereum	public		0	[]													
154	[]	False		RemindMeBot			[]				text	t2_gbm4p	False	True	"I will be messaging you in 1 month on [**2022-10-11 12:42:32 UTC**](http://www.wolframalpha.com/input/?i=2022-10-11%2012:42:32%20UTC%20To%20Local%20Time) to remind you of [**this link**](https://www.reddit.com/r/ethereum/comments/xbh0js/how_does_anybody_see_the_merge_as_anything_but_a/inzasqg/?context=3)

[**CLICK THIS LINK**](https://www.reddit.com/message/compose/?to=RemindMeBot&amp;subject=Reminder&amp;message=%5Bhttps%3A%2F%2Fwww.reddit.com%2Fr%2Fethereum%2Fcomments%2Fxbh0js%2Fhow_does_anybody_see_the_merge_as_anything_but_a%2Finzasqg%2F%5D%0A%0ARemindMe%21%202022-10-11%2012%3A42%3A32%20UTC) to send a PM to also be reminded and to reduce spam.

^(Parent commenter can ) [^(delete this message to hide from others.)](https://www.reddit.com/message/compose/?to=RemindMeBot&amp;subject=Delete%20Comment&amp;message=Delete%21%20xbh0js)

*****

|[^(Info)](https://www.reddit.com/r/RemindMeBot/comments/e1bko7/remindmebot_info_v21/)|[^(Custom)](https://www.reddit.com/message/compose/?to=RemindMeBot&amp;subject=Reminder&amp;message=%5BLink%20or%20message%20inside%20square%20brackets%5D%0A%0ARemindMe%21%20Time%20period%20here)|[^(Your Reminders)](https://www.reddit.com/message/compose/?to=RemindMeBot&amp;subject=List%20Of%20Reminders&amp;message=MyReminders%21)|[^(Feedback)](https://www.reddit.com/message/compose/?to=Watchful1&amp;subject=RemindMeBot%20Feedback)|
|-|-|-|-|"	05f71c54d2fcb8e3feac89dadbb114c138f9cd1f	True	False					0	1662900205		0	{}	inzawjo	False	t3_xbh0js	False	True	t1_inzasqg	/r/ethereum/comments/xbh0js/how_does_anybody_see_the_merge_as_anything_but_a/inzawjo/	1662900221	1	False	True	False	ethereum	t5_2zf9m	r/ethereum	public		0	[]													
155	[]	False		maxihodls			[]				text	t2_q0m1fdmn	False	True	There isn‚Äôt going to be a significant increase in the amount of ETH locked up, and the past few weeks have shown there‚Äôs more than enough potential selling WITH the hype of the merge to dump from 2k to 1.4K rapidly. Going another $400 will not be an issue.	8167a83033ae01b13473fa99596781d24c91b267	True	False					0	1662900195		0	{}	inzavu4	True	t3_xbh0js	False	True	t1_inza0bq	/r/ethereum/comments/xbh0js/how_does_anybody_see_the_merge_as_anything_but_a/inzavu4/	1662900205	1	False	True	False	ethereum	t5_2zf9m	r/ethereum	public		0	[]													
156	[]	False		olihowells			[]				text	t2_q0u7v43	False	False	!remindme 1 month	61409b08d9d0d72ec456b9ce408727755844927c	True	False					0	1662900152		0	{}	inzasqg	False	t3_xbh0js	False	True	t1_inzaoi2	/r/ethereum/comments/xbh0js/how_does_anybody_see_the_merge_as_anything_but_a/inzasqg/	1662900168	1	False	True	False	ethereum	t5_2zf9m	r/ethereum	public		0	[]													
157	[]	False		Kromgar			[]				text	t2_6e7nk	False	False	Crypto is a libertarian dream and the proof-of-work model meant that as mining the chain became more expensive more and more coins ended up in the hands of the rich. So yeah of course all the crypto is going to end up controlled only by billionaires.	d46a7c1f77fadf9b3e4351fbcb50d7837492b06d	True	False					0	1662900140		0	{}	inzarrh	False	t3_xautoi	False	True	t1_invt4to	/r/ethereum/comments/xautoi/from_geocities_to_blockchain_is_cryptocurrency/inzarrh/	1662900151	1	False	True	False	ethereum	t5_2zf9m	r/ethereum	public		0	[]													
158	[]	False		maxihodls			[]				text	t2_q0m1fdmn	False	True	Saying ‚Äúyou don‚Äôt know what will happen‚Äù is an enormous midwit filter. Sure, somebody could come out with a 100% successful garage created cure for cancer tomorrow, but it‚Äôs still better to bet on well proven, and effective treatments that are more expensive, albeit imperfect if you get diagnosed. When looking at this market there is NO news on the horizon which suggests a rally will occur, and if anything it‚Äôs going to continue trending down.	d74e7f44f9a85e118f7ad228cae319f2019053a7	True	False					0	1662900094		0	{}	inzaoi2	True	t3_xbh0js	False	True	t1_inzadpg	/r/ethereum/comments/xbh0js/how_does_anybody_see_the_merge_as_anything_but_a/inzaoi2/	1662900106	1	False	True	False	ethereum	t5_2zf9m	r/ethereum	public		0	[]													
159	[]	False		olihowells			[]				text	t2_q0u7v43	False	False	Then the stock markets go on another rally for the next month and push ETH above 2k again. You have no way of knowing what will happen dude.	7ea108019b426c4f52f0bab0bc8578e7282e4438	True	False					0	1662899934		0	{}	inzadpg	False	t3_xbh0js	False	True	t1_inza5gx	/r/ethereum/comments/xbh0js/how_does_anybody_see_the_merge_as_anything_but_a/inzadpg/	1662899948	1	False	True	False	ethereum	t5_2zf9m	r/ethereum	public		0	[]													
160	[]	False		barleythecat			[]				text	t2_lulsi	False	False	The merge never had any plan nor was ever slated to address fees or scalability. This update is specifically to change the consensus mechanism from PoW to PoS. Thinking anything otherwise means you haven‚Äôt been paying attention.	522853d5d5c4b03e421aa150b0994163e3bd5f56	True	False					0	1662899845		0	{}	inza74z	False	t3_xbh0js	False	False	t1_inz96em	/r/ethereum/comments/xbh0js/how_does_anybody_see_the_merge_as_anything_but_a/inza74z/	1662899859	1	False	True	False	ethereum	t5_2zf9m	r/ethereum	public		0	[]													
161	[]	False		maxihodls			[]				text	t2_q0m1fdmn	False	True	You‚Äôre right about it being too much to suggest the exact day, but within the next month or so? I think that‚Äôs more than enough time for any initial hype to die down and for a harsh correction to happen, and that is going to leave a LOT of people on this sub stuck holding the bag.	53a91721649260896c24bd84bc334e6417baa07a	True	False					0	1662899821		0	{}	inza5gx	True	t3_xbh0js	False	True	t1_inz9vto	/r/ethereum/comments/xbh0js/how_does_anybody_see_the_merge_as_anything_but_a/inza5gx/	1662899836	1	False	True	False	ethereum	t5_2zf9m	r/ethereum	public		0	[]													
162	[]	False		Advanced-Guard-4468			[]				text	t2_9u34lfm7	False	False	With so much ETH locked up, how much selling do you really think will happen?	509c28721b1aa6f8bba0a47f701fe1cf125c5d6c	True	False					0	1662899742		0	{}	inza0bq	False	t3_xbh0js	False	True	t3_xbh0js	/r/ethereum/comments/xbh0js/how_does_anybody_see_the_merge_as_anything_but_a/inza0bq/	1662899755	1	False	True	False	ethereum	t5_2zf9m	r/ethereum	public		0	[]													
163	[]	False		maxihodls			[]				text	t2_q0m1fdmn	False	True	Big companies don‚Äôt care about the environment and the impact of crypto on the environment is a negligible non-issue. If anyone cared about the environment they‚Äôd be funding nuclear power, not whining about Ethereum mining. AVAX does literally everything ETH does post-merge, but cheaper, and faster, and has always been POS but obviously it isn‚Äôt being jumped on by the so called ‚Äúpro-environment‚Äù big companies.	2c6f8b5a9dca1547051ea1f100b0d09041a1c9ce	True	False					0	1662899692		0	{}	inz9x70	True	t3_xbh0js	False	True	t1_inz93br	/r/ethereum/comments/xbh0js/how_does_anybody_see_the_merge_as_anything_but_a/inz9x70/	1662899710	1	False	True	False	ethereum	t5_2zf9m	r/ethereum	public		0	[]													
164	[]	False		Advanced-Guard-4468			[]				text	t2_9u34lfm7	False	False	"Without L1 functioning properly, L2 isn't feasible.  The more transactions that happen on L2 it makes L1 more valuable.

Oh and you are also forgetting LRC on L2. Don't ever underestimate the ""Power to the Creators/Players""."	375f2c8df6677cae9dadcb205b5606a7f8e39ebe	True	False					0	1662899672		0	{}	inz9vxw	False	t3_xbh0js	False	True	t1_inz96em	/r/ethereum/comments/xbh0js/how_does_anybody_see_the_merge_as_anything_but_a/inz9vxw/	1662899688	1	False	True	False	ethereum	t5_2zf9m	r/ethereum	public		0	[]													
165	[]	False		olihowells			[]				text	t2_q0u7v43	False	False	"It‚Äôs not that I don‚Äôt see a crash coming. I just understand that the markets can do literally anything, especially on such a huge day for ETH. 

I think the real ignorance is when you think you know exactly what‚Äôs going to happen on the day. Eventually you‚Äôll get to a point where you realise you can‚Äôt predict shit in these markets, might take you a few more years though."	0b6eb583128c60cd9dbe07d2608e2500fb81ad88	True	False					0	1662899670		0	{}	inz9vto	False	t3_xbh0js	False	True	t1_inz9jbv	/r/ethereum/comments/xbh0js/how_does_anybody_see_the_merge_as_anything_but_a/inz9vto/	1662899688	1	False	True	False	ethereum	t5_2zf9m	r/ethereum	public		0	[]													
166	[]	False		AutoModerator			[]				text	t2_6l4z3	False	True	"Your submission was removed from /r/ethereum due to being too short. All text submissions must be at least 60 characters long.

*I am a bot, and this action was performed automatically. Please [contact the moderators of this subreddit](/message/compose/?to=/r/ethereum) if you have any questions or concerns.*"	f5350acfa4ebeaa5482eb2be2e6daa9c2d3776c0	True	False					0	1662899668	moderator	0	{}	inz9von	False	t3_xbhf1r	False	True	t3_xbhf1r	/r/ethereum/comments/xbhf1r/httpscoincirclecomlym04x9wcxx/inz9von/	1662899681	1	False	False	False	ethereum	t5_2zf9m	r/ethereum	public		0	[]													
167	[]	False		artemisarrow17			[]				text	t2_ozzkg3vs	False	False	Good. While we have already legislation in Europe on crypto, the US is a bit slow. This give companies more security in using cryptos.	d25a6c38569e11992bc4c3eaaa6702333dc67732	True	False					0	1662899652		0	{}	inz9ugb	False	t3_xb4int	False	True	t1_inxfupj	/r/ethereum/comments/xb4int/white_houses_stance_on_crypto_mining/inz9ugb/	1662899666	1	False	True	False	ethereum	t5_2zf9m	r/ethereum	public		0	[]													
168	[]	False		ImPickleRickBytch			[]				text	t2_8heum3p0	False	False	So just long the crash	26396e1c519a7f2c2da71b80ee255427fcb11708	True	False					0	1662899600		0	{}	inz9qqw	False	t3_xbh0js	False	True	t1_inz9jbv	/r/ethereum/comments/xbh0js/how_does_anybody_see_the_merge_as_anything_but_a/inz9qqw/	1662899614	1	False	True	False	ethereum	t5_2zf9m	r/ethereum	public		0	[]													
169	[]	False		maxihodls			[]				text	t2_q0m1fdmn	False	True	Right so ETH won‚Äôt inflate as much in the future. We‚Äôre still going into a global recession, with no good news on the horizon, with an ETH supply that won‚Äôt significantly change in 3 days, and all of the worst downsides of Eth as bad as they ever were. The Merge is the biggest nothing burger of 2022, and your reply really only affirms this. I don‚Äôt see any significant increase in the staked amount since a huge amount of eth is already ‚Äústaked‚Äù in anticipation of the merge. Frankly if you don‚Äôt see the crash coming in a few days you seem willfully ignorant at this point.	4ef3b9910e0eed5d8f1e38f3cb9124b861a5977e	True	False					0	1662899493		0	{}	inz9jbv	True	t3_xbh0js	False	True	t1_inz90va	/r/ethereum/comments/xbh0js/how_does_anybody_see_the_merge_as_anything_but_a/inz9jbv/	1662899508	1	False	True	False	ethereum	t5_2zf9m	r/ethereum	public		0	[]													
170	[]	False		maxihodls			[]				text	t2_q0m1fdmn	False	True	Scalability and fees being solved by L2 is bullish for MATIC and OP, not as much for ETH, and definitely not related to anything from the merge itself.	60636928a86de200b40dae2f36ea119c91e9cb0d	True	False					0	1662899303		0	{}	inz96em	True	t3_xbh0js	False	True	t1_inz8tw9	/r/ethereum/comments/xbh0js/how_does_anybody_see_the_merge_as_anything_but_a/inz96em/	1662899320	1	False	True	False	ethereum	t5_2zf9m	r/ethereum	public		0	[]													
171	[]	False		tapasfr			[]				text	t2_bck83k5	False	False	It‚Äôs for the environment, which was a big concern for larger companies from going into ETH for web3	cc8dcb053974f634c66708ca59655db3efea3d4a	True	False					0	1662899256		0	{}	inz93br	False	t3_xbh0js	False	False	t3_xbh0js	/r/ethereum/comments/xbh0js/how_does_anybody_see_the_merge_as_anything_but_a/inz93br/	1662899268	1	False	True	False	ethereum	t5_2zf9m	r/ethereum	public		0	[]													
172	[]	False		olihowells			[]				text	t2_q0u7v43	False	False	"One thing is I‚Äôve seen a lot of people with the same sentiment as you. That the merge will be a ‚Äúsell the news‚Äù event, however if enough people think this, the opposite may happen.

The main thing that‚Äôs bullish long term is the dramatic change in tokenomics. Inflation could drop by up to 90%/become deflationary, depending on usage. Validators will now also be incentivised to buy ETH instead of selling it to cover mining costs."	caf059b77dc2e8ff4dd4a6fbb143bc36daf1bad2	True	False					0	1662899217		0	{}	inz90va	False	t3_xbh0js	False	True	t3_xbh0js	/r/ethereum/comments/xbh0js/how_does_anybody_see_the_merge_as_anything_but_a/inz90va/	1662899231	1	False	True	False	ethereum	t5_2zf9m	r/ethereum	public		0	[]													
173	[]	False		armaver			[]				text	t2_61ie03xu	False	False	It's a huge testament to the various dev teams of all the different clients, if thy pull off the Merge without interruptions and then keep chugging in with PoS. This alone gives them massive cred that they can also solve the rest. And scalability and fees are already being solved on L2, so.	9d58fbaa4f7530a88e67f0219e7c5628f2300a30	True	False					0	1662899106		0	{}	inz8tw9	False	t3_xbh0js	False	True	t3_xbh0js	/r/ethereum/comments/xbh0js/how_does_anybody_see_the_merge_as_anything_but_a/inz8tw9/	1662899121	1	False	True	False	ethereum	t5_2zf9m	r/ethereum	public		0	[]													
174	[]	False		maxihodls			[]				text	t2_q0m1fdmn	False	True	It‚Äôs not though	9f3389545de61b5d25727493fa991385f87d0ba9	True	False					0	1662898766		0	{}	inz86ej	True	t3_xbh0js	False	True	t1_inz7nl6	/r/ethereum/comments/xbh0js/how_does_anybody_see_the_merge_as_anything_but_a/inz86ej/	1662898779	1	False	True	False	ethereum	t5_2zf9m	r/ethereum	public		0	[]													
175	[]	False		prophet76			[]				text	t2_8zql3	False	False	Ultra sound money	7cb403584f223ccb714221b244df6bdd0f0c9617	True	False					0	1662898491		0	{}	inz7nl6	False	t3_xbh0js	False	False	t3_xbh0js	/r/ethereum/comments/xbh0js/how_does_anybody_see_the_merge_as_anything_but_a/inz7nl6/	1662898502	1	False	True	False	ethereum	t5_2zf9m	r/ethereum	public		0	[]													
176	[]	False		Starrun87			[]				text	t2_201rk73i	False	False	All I can say is maybe	ad1db6e6b7cf6da7a8a69944747481bb2c6b445e	True	False					0	1662898360		0	{}	inz7ev6	False	t3_xbf5vu	False	True	t3_xbf5vu	/r/ethereum/comments/xbf5vu/will_eth_break_away_from_btc_post_merge/inz7ev6/	1662898373	1	False	True	False	ethereum	t5_2zf9m	r/ethereum	public		0	[]													
177	[]	False		[deleted]						dark					[removed]	fe993932d6dced4c0a879e9aa5d7a6e0fbb467f5	True	False					0	1662898149		0	{}	inz7143	False	t3_xbc8ls	False	True	t3_xbc8ls	/r/ethereum/comments/xbc8ls/put_ethereum_merge_or_even_just_the_merge_into/inz7143/	1662898163	1	False	True	False	ethereum	t5_2zf9m	r/ethereum	public		0	[]													
178	[]	False		[deleted]						dark					[removed]	fe993932d6dced4c0a879e9aa5d7a6e0fbb467f5	True	False					0	1662897965		0	{}	inz6p6u	False	t3_xbf5vu	False	True	t3_xbf5vu	/r/ethereum/comments/xbf5vu/will_eth_break_away_from_btc_post_merge/inz6p6u/	1662897977	1	False	True	False	ethereum	t5_2zf9m	r/ethereum	public		0	[]													
179	[]	False		[deleted]						dark					[removed]	fe993932d6dced4c0a879e9aa5d7a6e0fbb467f5	True	False					0	1662897931		0	{}	inz6n8z	False	t3_x92mbp	False	True	t3_x92mbp	/r/ethereum/comments/x92mbp/coinbase_bankrolls_lawsuit_against_treasury/inz6n8z/	1662897948	1	False	True	False	ethereum	t5_2zf9m	r/ethereum	public		0	[]													
180	[]	False		[deleted]						dark					[removed]	fe993932d6dced4c0a879e9aa5d7a6e0fbb467f5	True	False					0	1662897923		0	{}	inz6mro	False	t3_x9jq17	False	True	t3_x9jq17	/r/ethereum/comments/x9jq17/geth_account_management_through_console/inz6mro/	1662897941	1	False	True	False	ethereum	t5_2zf9m	r/ethereum	public		0	[]													
181	[]	False		[deleted]						dark					[removed]	fe993932d6dced4c0a879e9aa5d7a6e0fbb467f5	True	False					0	1662897914		0	{}	inz6m7o	False	t3_x9skai	False	True	t3_x9skai	/r/ethereum/comments/x9skai/the_best_solution_to_advertise_a_crypto_project/inz6m7o/	1662897926	1	False	True	False	ethereum	t5_2zf9m	r/ethereum	public		0	[]													
182	[]	False		[deleted]						dark					[removed]	fe993932d6dced4c0a879e9aa5d7a6e0fbb467f5	True	False					0	1662897905		0	{}	inz6loh	False	t3_x9feov	False	True	t1_inq38a4	/r/ethereum/comments/x9feov/clever_and_seemingly_different_voting_mechanism/inz6loh/	1662897919	1	False	True	False	ethereum	t5_2zf9m	r/ethereum	public		0	[]													
183	[]	False		[deleted]						dark					[removed]	fe993932d6dced4c0a879e9aa5d7a6e0fbb467f5	True	False					0	1662897898		0	{}	inz6l89	False	t3_x9feov	False	True	t1_inpdpn4	/r/ethereum/comments/x9feov/clever_and_seemingly_different_voting_mechanism/inz6l89/	1662897911	1	False	True	False	ethereum	t5_2zf9m	r/ethereum	public		0	[]													
184	[]	False		[deleted]						dark					[removed]	fe993932d6dced4c0a879e9aa5d7a6e0fbb467f5	True	False					0	1662897890		0	{}	inz6kra	False	t3_x9feov	False	True	t3_x9feov	/r/ethereum/comments/x9feov/clever_and_seemingly_different_voting_mechanism/inz6kra/	1662897904	1	False	True	False	ethereum	t5_2zf9m	r/ethereum	public		0	[]													
185	[]	False		[deleted]						dark					[removed]	fe993932d6dced4c0a879e9aa5d7a6e0fbb467f5	True	False					0	1662897883		0	{}	inz6kcp	False	t3_x9ts7s	False	True	t3_x9ts7s	/r/ethereum/comments/x9ts7s/vitalikbuterin_harberger_taxed_domain_names_on/inz6kcp/	1662897897	1	False	True	False	ethereum	t5_2zf9m	r/ethereum	public		0	[]													
186	[]	False		[deleted]						dark					[removed]	fe993932d6dced4c0a879e9aa5d7a6e0fbb467f5	True	False					0	1662897877		0	{}	inz6k03	False	t3_x9ln7j	False	True	t3_x9ln7j	/r/ethereum/comments/x9ln7j/why_does_paris_update_use_ttd/inz6k03/	1662897889	1	False	True	False	ethereum	t5_2zf9m	r/ethereum	public		0	[]													
187	[]	False		[deleted]						dark					[removed]	fe993932d6dced4c0a879e9aa5d7a6e0fbb467f5	True	False					0	1662897870		0	{}	inz6jlc	False	t3_x9upf9	False	True	t3_x9upf9	/r/ethereum/comments/x9upf9/starknetcairo_contract_reverse_engineering/inz6jlc/	1662897882	1	False	True	False	ethereum	t5_2zf9m	r/ethereum	public		0	[]													
188	[]	False		[deleted]						dark					[removed]	fe993932d6dced4c0a879e9aa5d7a6e0fbb467f5	True	False					0	1662897863		0	{}	inz6j6g	False	t3_x91zrm	False	True	t3_x91zrm	/r/ethereum/comments/x91zrm/preston_van_loon_the_head_of_prysmatic_labs_the/inz6j6g/	1662897875	1	False	True	False	ethereum	t5_2zf9m	r/ethereum	public		0	[]													
189	[]	False		[deleted]						dark					[removed]	fe993932d6dced4c0a879e9aa5d7a6e0fbb467f5	True	False					0	1662897856		0	{}	inz6irs	False	t3_x9xlsh	False	True	t3_x9xlsh	/r/ethereum/comments/x9xlsh/newbie_question/inz6irs/	1662897875	1	False	True	False	ethereum	t5_2zf9m	r/ethereum	public		0	[]													
190	[]	False		[deleted]						dark					[removed]	fe993932d6dced4c0a879e9aa5d7a6e0fbb467f5	True	False					0	1662897847		0	{}	inz6i98	False	t3_x9k2md	False	True	t1_inplkah	/r/ethereum/comments/x9k2md/gpu_power_post_merge/inz6i98/	1662897859	1	False	True	False	ethereum	t5_2zf9m	r/ethereum	public		0	[]													
191	[]	False		[deleted]						dark					[removed]	fe993932d6dced4c0a879e9aa5d7a6e0fbb467f5	True	False					0	1662897840		0	{}	inz6hvp	False	t3_x9k2md	False	True	t1_inrekpa	/r/ethereum/comments/x9k2md/gpu_power_post_merge/inz6hvp/	1662897852	1	False	True	False	ethereum	t5_2zf9m	r/ethereum	public		0	[]													
192	[]	False		[deleted]						dark					[removed]	fe993932d6dced4c0a879e9aa5d7a6e0fbb467f5	True	False					0	1662897834		0	{}	inz6hj5	False	t3_x9k2md	False	True	t1_inop3ob	/r/ethereum/comments/x9k2md/gpu_power_post_merge/inz6hj5/	1662897852	1	False	True	False	ethereum	t5_2zf9m	r/ethereum	public		0	[]													
193	[]	False		GiraffeterMyLeaf			[]				text	t2_ky4l9p2	False	False	All crypto is very correlated	0d31b0c70330a54c564ad40702f2cd81fb3fe1b5	True	False					0	1662897830		0	{}	inz6hc0	False	t3_xbf5vu	False	False	t3_xbf5vu	/r/ethereum/comments/xbf5vu/will_eth_break_away_from_btc_post_merge/inz6hc0/	1662897844	1	False	True	False	ethereum	t5_2zf9m	r/ethereum	public		0	[]													
194	[]	False		[deleted]						dark					[removed]	fe993932d6dced4c0a879e9aa5d7a6e0fbb467f5	True	False					0	1662897826		0	{}	inz6h42	False	t3_x9k2md	False	True	t3_x9k2md	/r/ethereum/comments/x9k2md/gpu_power_post_merge/inz6h42/	1662897836	1	False	True	False	ethereum	t5_2zf9m	r/ethereum	public		0	[]													
195	[]	False		[deleted]						dark					[removed]	fe993932d6dced4c0a879e9aa5d7a6e0fbb467f5	True	False					0	1662897819		0	{}	inz6gpi	False	t3_xaawby	False	True	t1_insq0y8	/r/ethereum/comments/xaawby/ethereum_pow_chain_after_the_merge/inz6gpi/	1662897837	1	False	True	False	ethereum	t5_2zf9m	r/ethereum	public		0	[]													
196	[]	False		[deleted]						dark					[removed]	fe993932d6dced4c0a879e9aa5d7a6e0fbb467f5	True	False					0	1662897804		0	{}	inz6fuf	False	t3_xaawby	False	True	t3_xaawby	/r/ethereum/comments/xaawby/ethereum_pow_chain_after_the_merge/inz6fuf/	1662897822	1	False	True	False	ethereum	t5_2zf9m	r/ethereum	public		0	[]													
197	[]	False		[deleted]						dark					[removed]	fe993932d6dced4c0a879e9aa5d7a6e0fbb467f5	True	False					0	1662897798		0	{}	inz6fgj	False	t3_xa3gny	False	True	t1_int12cr	/r/ethereum/comments/xa3gny/ens_is_losing_about_3m_a_year_from_a_single_user/inz6fgj/	1662897815	1	False	True	False	ethereum	t5_2zf9m	r/ethereum	public		0	[]													
198	[]	False		[deleted]						dark					[removed]	fe993932d6dced4c0a879e9aa5d7a6e0fbb467f5	True	False					0	1662897792		0	{}	inz6f4j	False	t3_xa3gny	False	True	t1_inshdou	/r/ethereum/comments/xa3gny/ens_is_losing_about_3m_a_year_from_a_single_user/inz6f4j/	1662897808	1	False	True	False	ethereum	t5_2zf9m	r/ethereum	public		0	[]													
199	[]	False		[deleted]						dark					[removed]	fe993932d6dced4c0a879e9aa5d7a6e0fbb467f5	True	False					0	1662897785		0	{}	inz6eq5	False	t3_xa3gny	False	True	t1_inrh4ed	/r/ethereum/comments/xa3gny/ens_is_losing_about_3m_a_year_from_a_single_user/inz6eq5/	1662897801	1	False	True	False	ethereum	t5_2zf9m	r/ethereum	public		0	[]													
